2024-12-07 05:41:27 - Detailed Light Sensor Data Request
Raw Input: Array
(
    [lux] => 43.33333
)

Light Value: 43.33333
-----------------------------------
2024-12-07 05:41:29 - Detailed Light Sensor Data Request
Raw Input: Array
(
    [lux] => 43.33333
)

Light Value: 43.33333
-----------------------------------
2024-12-07 05:41:31 - Detailed Light Sensor Data Request
Raw Input: Array
(
    [lux] => 43.33333
)

Light Value: 43.33333
-----------------------------------
2024-12-07 05:41:33 - Detailed Light Sensor Data Request
Raw Input: Array
(
    [lux] => 43.33333
)

Light Value: 43.33333
-----------------------------------
2024-12-07 05:41:35 - Detailed Light Sensor Data Request
Raw Input: Array
(
    [lux] => 43.33333
)

Light Value: 43.33333
-----------------------------------
2024-12-07 05:41:37 - Detailed Light Sensor Data Request
Raw Input: Array
(
    [lux] => 43.33333
)

Light Value: 43.33333
-----------------------------------
2024-12-07 05:41:39 - Detailed Light Sensor Data Request
Raw Input: Array
(
    [lux] => 43.33333
)

Light Value: 43.33333
-----------------------------------
2024-12-07 05:41:41 - Detailed Light Sensor Data Request
Raw Input: Array
(
    [lux] => 43.33333
)

Light Value: 43.33333
-----------------------------------
2024-12-07 05:41:43 - Detailed Light Sensor Data Request
Raw Input: Array
(
    [lux] => 43.33333
)

Light Value: 43.33333
-----------------------------------
2024-12-07 05:41:45 - Detailed Light Sensor Data Request
Raw Input: Array
(
    [lux] => 43.33333
)

Light Value: 43.33333
-----------------------------------
2024-12-07 05:41:47 - Detailed Light Sensor Data Request
Raw Input: Array
(
    [lux] => 43.33333
)

Light Value: 43.33333
-----------------------------------
2024-12-07 05:41:49 - Detailed Light Sensor Data Request
Raw Input: Array
(
    [lux] => 43.33333
)

Light Value: 43.33333
-----------------------------------
2024-12-07 05:41:51 - Detailed Light Sensor Data Request
Raw Input: Array
(
    [lux] => 43.33333
)

Light Value: 43.33333
-----------------------------------
2024-12-07 05:41:53 - Detailed Light Sensor Data Request
Raw Input: Array
(
    [lux] => 44.16666
)

Light Value: 44.16666
-----------------------------------
2024-12-07 05:41:55 - Detailed Light Sensor Data Request
Raw Input: Array
(
    [lux] => 44.16666
)

Light Value: 44.16666
-----------------------------------
2024-12-07 05:41:57 - Detailed Light Sensor Data Request
Raw Input: Array
(
    [lux] => 43.33333
)

Light Value: 43.33333
-----------------------------------
2024-12-07 05:41:59 - Detailed Light Sensor Data Request
Raw Input: Array
(
    [lux] => 42.5
)

Light Value: 42.5
-----------------------------------
2024-12-07 05:42:01 - Detailed Light Sensor Data Request
Raw Input: Array
(
    [lux] => 42.5
)

Light Value: 42.5
-----------------------------------
2024-12-07 05:42:03 - Detailed Light Sensor Data Request
Raw Input: Array
(
    [lux] => 43.33333
)

Light Value: 43.33333
-----------------------------------
2024-12-07 05:42:05 - Detailed Light Sensor Data Request
Raw Input: Array
(
    [lux] => 43.33333
)

Light Value: 43.33333
-----------------------------------
2024-12-07 05:42:07 - Detailed Light Sensor Data Request
Raw Input: Array
(
    [lux] => 43.33333
)

Light Value: 43.33333
-----------------------------------
2024-12-07 05:42:09 - Detailed Light Sensor Data Request
Raw Input: Array
(
    [lux] => 43.33333
)

Light Value: 43.33333
-----------------------------------
2024-12-07 05:42:11 - Detailed Light Sensor Data Request
Raw Input: Array
(
    [lux] => 43.33333
)

Light Value: 43.33333
-----------------------------------
2024-12-07 05:42:13 - Detailed Light Sensor Data Request
Raw Input: Array
(
    [lux] => 43.33333
)

Light Value: 43.33333
-----------------------------------
2024-12-07 05:42:15 - Detailed Light Sensor Data Request
Raw Input: Array
(
    [lux] => 43.33333
)

Light Value: 43.33333
-----------------------------------
2024-12-07 05:42:17 - Detailed Light Sensor Data Request
Raw Input: Array
(
    [lux] => 43.33333
)

Light Value: 43.33333
-----------------------------------
2024-12-07 05:42:19 - Detailed Light Sensor Data Request
Raw Input: Array
(
    [lux] => 43.33333
)

Light Value: 43.33333
-----------------------------------
2024-12-07 05:42:21 - Detailed Light Sensor Data Request
Raw Input: Array
(
    [lux] => 43.33333
)

Light Value: 43.33333
-----------------------------------
2024-12-07 05:42:23 - Detailed Light Sensor Data Request
Raw Input: Array
(
    [lux] => 43.33333
)

Light Value: 43.33333
-----------------------------------
2024-12-07 05:42:25 - Detailed Light Sensor Data Request
Raw Input: Array
(
    [lux] => 43.33333
)

Light Value: 43.33333
-----------------------------------
2024-12-07 05:42:27 - Detailed Light Sensor Data Request
Raw Input: Array
(
    [lux] => 43.33333
)

Light Value: 43.33333
-----------------------------------
2024-12-07 05:42:29 - Detailed Light Sensor Data Request
Raw Input: Array
(
    [lux] => 43.33333
)

Light Value: 43.33333
-----------------------------------
2024-12-07 05:42:31 - Detailed Light Sensor Data Request
Raw Input: Array
(
    [lux] => 42.5
)

Light Value: 42.5
-----------------------------------
2024-12-07 05:42:33 - Detailed Light Sensor Data Request
Raw Input: Array
(
    [lux] => 43.33333
)

Light Value: 43.33333
-----------------------------------
2024-12-07 05:42:35 - Detailed Light Sensor Data Request
Raw Input: Array
(
    [lux] => 43.33333
)

Light Value: 43.33333
-----------------------------------
2024-12-07 05:42:37 - Detailed Light Sensor Data Request
Raw Input: Array
(
    [lux] => 43.33333
)

Light Value: 43.33333
-----------------------------------
2024-12-07 05:42:39 - Detailed Light Sensor Data Request
Raw Input: Array
(
    [lux] => 42.5
)

Light Value: 42.5
-----------------------------------
2024-12-07 05:42:41 - Detailed Light Sensor Data Request
Raw Input: Array
(
    [lux] => 31.66667
)

Light Value: 31.66667
-----------------------------------
2024-12-07 05:42:43 - Detailed Light Sensor Data Request
Raw Input: Array
(
    [lux] => 31.66667
)

Light Value: 31.66667
-----------------------------------
2024-12-07 05:42:45 - Detailed Light Sensor Data Request
Raw Input: Array
(
    [lux] => 30.83333
)

Light Value: 30.83333
-----------------------------------
2024-12-07 05:42:47 - Detailed Light Sensor Data Request
Raw Input: Array
(
    [lux] => 30
)

Light Value: 30
-----------------------------------
2024-12-07 05:42:49 - Detailed Light Sensor Data Request
Raw Input: Array
(
    [lux] => 30
)

Light Value: 30
-----------------------------------
2024-12-07 05:42:51 - Detailed Light Sensor Data Request
Raw Input: Array
(
    [lux] => 30
)

Light Value: 30
-----------------------------------
2024-12-07 05:42:53 - Detailed Light Sensor Data Request
Raw Input: Array
(
    [lux] => 30
)

Light Value: 30
-----------------------------------
2024-12-07 05:42:55 - Detailed Light Sensor Data Request
Raw Input: Array
(
    [lux] => 30.83333
)

Light Value: 30.83333
-----------------------------------
2024-12-07 05:42:57 - Detailed Light Sensor Data Request
Raw Input: Array
(
    [lux] => 30.83333
)

Light Value: 30.83333
-----------------------------------
2024-12-07 05:42:59 - Detailed Light Sensor Data Request
Raw Input: Array
(
    [lux] => 30.83333
)

Light Value: 30.83333
-----------------------------------
2024-12-07 05:43:01 - Detailed Light Sensor Data Request
Raw Input: Array
(
    [lux] => 30.83333
)

Light Value: 30.83333
-----------------------------------
2024-12-07 05:43:03 - Detailed Light Sensor Data Request
Raw Input: Array
(
    [lux] => 31.66667
)

Light Value: 31.66667
-----------------------------------
2024-12-07 05:43:05 - Detailed Light Sensor Data Request
Raw Input: Array
(
    [lux] => 30.83333
)

Light Value: 30.83333
-----------------------------------
2024-12-07 05:43:07 - Detailed Light Sensor Data Request
Raw Input: Array
(
    [lux] => 30.83333
)

Light Value: 30.83333
-----------------------------------
2024-12-07 05:43:09 - Detailed Light Sensor Data Request
Raw Input: Array
(
    [lux] => 30.83333
)

Light Value: 30.83333
-----------------------------------
2024-12-07 05:43:11 - Detailed Light Sensor Data Request
Raw Input: Array
(
    [lux] => 30.83333
)

Light Value: 30.83333
-----------------------------------
2024-12-07 05:43:13 - Detailed Light Sensor Data Request
Raw Input: Array
(
    [lux] => 30
)

Light Value: 30
-----------------------------------
2024-12-07 05:43:15 - Detailed Light Sensor Data Request
Raw Input: Array
(
    [lux] => 30
)

Light Value: 30
-----------------------------------
2024-12-07 05:43:17 - Detailed Light Sensor Data Request
Raw Input: Array
(
    [lux] => 30
)

Light Value: 30
-----------------------------------
2024-12-07 05:43:19 - Detailed Light Sensor Data Request
Raw Input: Array
(
    [lux] => 30
)

Light Value: 30
-----------------------------------
2024-12-07 05:43:21 - Detailed Light Sensor Data Request
Raw Input: Array
(
    [lux] => 30
)

Light Value: 30
-----------------------------------
2024-12-07 05:43:23 - Detailed Light Sensor Data Request
Raw Input: Array
(
    [lux] => 30
)

Light Value: 30
-----------------------------------
2024-12-07 05:43:25 - Detailed Light Sensor Data Request
Raw Input: Array
(
    [lux] => 29.16667
)

Light Value: 29.16667
-----------------------------------
2024-12-07 05:43:27 - Detailed Light Sensor Data Request
Raw Input: Array
(
    [lux] => 29.16667
)

Light Value: 29.16667
-----------------------------------
2024-12-07 05:43:29 - Detailed Light Sensor Data Request
Raw Input: Array
(
    [lux] => 29.16667
)

Light Value: 29.16667
-----------------------------------
2024-12-07 05:43:31 - Detailed Light Sensor Data Request
Raw Input: Array
(
    [lux] => 29.16667
)

Light Value: 29.16667
-----------------------------------
2024-12-07 05:43:33 - Detailed Light Sensor Data Request
Raw Input: Array
(
    [lux] => 29.16667
)

Light Value: 29.16667
-----------------------------------
2024-12-07 05:43:35 - Detailed Light Sensor Data Request
Raw Input: Array
(
    [lux] => 29.16667
)

Light Value: 29.16667
-----------------------------------
2024-12-07 05:43:37 - Detailed Light Sensor Data Request
Raw Input: Array
(
    [lux] => 29.16667
)

Light Value: 29.16667
-----------------------------------
2024-12-07 05:43:39 - Detailed Light Sensor Data Request
Raw Input: Array
(
    [lux] => 29.16667
)

Light Value: 29.16667
-----------------------------------
2024-12-07 05:43:41 - Detailed Light Sensor Data Request
Raw Input: Array
(
    [lux] => 29.16667
)

Light Value: 29.16667
-----------------------------------
2024-12-07 05:43:43 - Detailed Light Sensor Data Request
Raw Input: Array
(
    [lux] => 27.5
)

Light Value: 27.5
-----------------------------------
2024-12-07 05:43:45 - Detailed Light Sensor Data Request
Raw Input: Array
(
    [lux] => 28.33333
)

Light Value: 28.33333
-----------------------------------
2024-12-07 05:43:47 - Detailed Light Sensor Data Request
Raw Input: Array
(
    [lux] => 28.33333
)

Light Value: 28.33333
-----------------------------------
2024-12-07 05:43:49 - Detailed Light Sensor Data Request
Raw Input: Array
(
    [lux] => 26.66667
)

Light Value: 26.66667
-----------------------------------
2024-12-07 05:43:51 - Detailed Light Sensor Data Request
Raw Input: Array
(
    [lux] => 28.33333
)

Light Value: 28.33333
-----------------------------------
2024-12-07 05:43:53 - Detailed Light Sensor Data Request
Raw Input: Array
(
    [lux] => 28.33333
)

Light Value: 28.33333
-----------------------------------
2024-12-07 05:43:55 - Detailed Light Sensor Data Request
Raw Input: Array
(
    [lux] => 29.16667
)

Light Value: 29.16667
-----------------------------------
2024-12-07 05:43:57 - Detailed Light Sensor Data Request
Raw Input: Array
(
    [lux] => 29.16667
)

Light Value: 29.16667
-----------------------------------
2024-12-07 05:43:59 - Detailed Light Sensor Data Request
Raw Input: Array
(
    [lux] => 30
)

Light Value: 30
-----------------------------------
2024-12-07 05:44:01 - Detailed Light Sensor Data Request
Raw Input: Array
(
    [lux] => 29.16667
)

Light Value: 29.16667
-----------------------------------
2024-12-07 05:44:03 - Detailed Light Sensor Data Request
Raw Input: Array
(
    [lux] => 30
)

Light Value: 30
-----------------------------------
2024-12-07 05:44:05 - Detailed Light Sensor Data Request
Raw Input: Array
(
    [lux] => 29.16667
)

Light Value: 29.16667
-----------------------------------
2024-12-07 05:44:07 - Detailed Light Sensor Data Request
Raw Input: Array
(
    [lux] => 29.16667
)

Light Value: 29.16667
-----------------------------------
2024-12-07 05:44:09 - Detailed Light Sensor Data Request
Raw Input: Array
(
    [lux] => 29.16667
)

Light Value: 29.16667
-----------------------------------
2024-12-07 05:44:11 - Detailed Light Sensor Data Request
Raw Input: Array
(
    [lux] => 29.16667
)

Light Value: 29.16667
-----------------------------------
2024-12-07 05:44:13 - Detailed Light Sensor Data Request
Raw Input: Array
(
    [lux] => 30
)

Light Value: 30
-----------------------------------
2024-12-07 05:44:15 - Detailed Light Sensor Data Request
Raw Input: Array
(
    [lux] => 30
)

Light Value: 30
-----------------------------------
2024-12-07 05:44:17 - Detailed Light Sensor Data Request
Raw Input: Array
(
    [lux] => 29.16667
)

Light Value: 29.16667
-----------------------------------
2024-12-07 05:44:19 - Detailed Light Sensor Data Request
Raw Input: Array
(
    [lux] => 30
)

Light Value: 30
-----------------------------------
2024-12-07 05:44:21 - Detailed Light Sensor Data Request
Raw Input: Array
(
    [lux] => 30
)

Light Value: 30
-----------------------------------
2024-12-07 05:44:23 - Detailed Light Sensor Data Request
Raw Input: Array
(
    [lux] => 30
)

Light Value: 30
-----------------------------------
2024-12-07 05:44:25 - Detailed Light Sensor Data Request
Raw Input: Array
(
    [lux] => 30
)

Light Value: 30
-----------------------------------
2024-12-07 05:44:27 - Detailed Light Sensor Data Request
Raw Input: Array
(
    [lux] => 30.83333
)

Light Value: 30.83333
-----------------------------------
2024-12-07 05:44:29 - Detailed Light Sensor Data Request
Raw Input: Array
(
    [lux] => 30
)

Light Value: 30
-----------------------------------
2024-12-07 05:44:31 - Detailed Light Sensor Data Request
Raw Input: Array
(
    [lux] => 30.83333
)

Light Value: 30.83333
-----------------------------------
2024-12-07 05:44:33 - Detailed Light Sensor Data Request
Raw Input: Array
(
    [lux] => 30.83333
)

Light Value: 30.83333
-----------------------------------
2024-12-07 05:44:35 - Detailed Light Sensor Data Request
Raw Input: Array
(
    [lux] => 30.83333
)

Light Value: 30.83333
-----------------------------------
2024-12-07 05:44:37 - Detailed Light Sensor Data Request
Raw Input: Array
(
    [lux] => 30.83333
)

Light Value: 30.83333
-----------------------------------
2024-12-07 05:44:39 - Detailed Light Sensor Data Request
Raw Input: Array
(
    [lux] => 30.83333
)

Light Value: 30.83333
-----------------------------------
2024-12-07 05:44:42 - Detailed Light Sensor Data Request
Raw Input: Array
(
    [lux] => 30.83333
)

Light Value: 30.83333
-----------------------------------
2024-12-07 05:44:44 - Detailed Light Sensor Data Request
Raw Input: Array
(
    [lux] => 30.83333
)

Light Value: 30.83333
-----------------------------------
2024-12-07 05:44:46 - Detailed Light Sensor Data Request
Raw Input: Array
(
    [lux] => 30.83333
)

Light Value: 30.83333
-----------------------------------
2024-12-07 05:44:47 - Detailed Light Sensor Data Request
Raw Input: Array
(
    [lux] => 30.83333
)

Light Value: 30.83333
-----------------------------------
2024-12-07 05:44:50 - Detailed Light Sensor Data Request
Raw Input: Array
(
    [lux] => 30.83333
)

Light Value: 30.83333
-----------------------------------
2024-12-07 05:44:51 - Detailed Light Sensor Data Request
Raw Input: Array
(
    [lux] => 30.83333
)

Light Value: 30.83333
-----------------------------------
2024-12-07 05:44:53 - Detailed Light Sensor Data Request
Raw Input: Array
(
    [lux] => 30.83333
)

Light Value: 30.83333
-----------------------------------
2024-12-07 05:44:55 - Detailed Light Sensor Data Request
Raw Input: Array
(
    [lux] => 30.83333
)

Light Value: 30.83333
-----------------------------------
2024-12-07 05:44:58 - Detailed Light Sensor Data Request
Raw Input: Array
(
    [lux] => 30.83333
)

Light Value: 30.83333
-----------------------------------
2024-12-07 05:44:59 - Detailed Light Sensor Data Request
Raw Input: Array
(
    [lux] => 30.83333
)

Light Value: 30.83333
-----------------------------------
2024-12-07 05:45:01 - Detailed Light Sensor Data Request
Raw Input: Array
(
    [lux] => 30.83333
)

Light Value: 30.83333
-----------------------------------
2024-12-07 05:45:03 - Detailed Light Sensor Data Request
Raw Input: Array
(
    [lux] => 30.83333
)

Light Value: 30.83333
-----------------------------------
2024-12-07 05:45:05 - Detailed Light Sensor Data Request
Raw Input: Array
(
    [lux] => 30.83333
)

Light Value: 30.83333
-----------------------------------
2024-12-07 05:45:07 - Detailed Light Sensor Data Request
Raw Input: Array
(
    [lux] => 30.83333
)

Light Value: 30.83333
-----------------------------------
2024-12-07 05:45:09 - Detailed Light Sensor Data Request
Raw Input: Array
(
    [lux] => 30.83333
)

Light Value: 30.83333
-----------------------------------
2024-12-07 05:45:11 - Detailed Light Sensor Data Request
Raw Input: Array
(
    [lux] => 30.83333
)

Light Value: 30.83333
-----------------------------------
2024-12-07 05:45:13 - Detailed Light Sensor Data Request
Raw Input: Array
(
    [lux] => 30.83333
)

Light Value: 30.83333
-----------------------------------
2024-12-07 05:45:15 - Detailed Light Sensor Data Request
Raw Input: Array
(
    [lux] => 30.83333
)

Light Value: 30.83333
-----------------------------------
2024-12-07 05:45:17 - Detailed Light Sensor Data Request
Raw Input: Array
(
    [lux] => 30.83333
)

Light Value: 30.83333
-----------------------------------
2024-12-07 05:45:19 - Detailed Light Sensor Data Request
Raw Input: Array
(
    [lux] => 30.83333
)

Light Value: 30.83333
-----------------------------------
2024-12-07 05:45:21 - Detailed Light Sensor Data Request
Raw Input: Array
(
    [lux] => 30.83333
)

Light Value: 30.83333
-----------------------------------
2024-12-07 05:45:23 - Detailed Light Sensor Data Request
Raw Input: Array
(
    [lux] => 30.83333
)

Light Value: 30.83333
-----------------------------------
2024-12-07 05:45:26 - Detailed Light Sensor Data Request
Raw Input: Array
(
    [lux] => 30.83333
)

Light Value: 30.83333
-----------------------------------
2024-12-07 05:45:27 - Detailed Light Sensor Data Request
Raw Input: Array
(
    [lux] => 30.83333
)

Light Value: 30.83333
-----------------------------------
2024-12-07 05:45:29 - Detailed Light Sensor Data Request
Raw Input: Array
(
    [lux] => 30
)

Light Value: 30
-----------------------------------
2024-12-07 05:45:31 - Detailed Light Sensor Data Request
Raw Input: Array
(
    [lux] => 30.83333
)

Light Value: 30.83333
-----------------------------------
2024-12-07 05:45:33 - Detailed Light Sensor Data Request
Raw Input: Array
(
    [lux] => 30.83333
)

Light Value: 30.83333
-----------------------------------
2024-12-07 05:45:35 - Detailed Light Sensor Data Request
Raw Input: Array
(
    [lux] => 30.83333
)

Light Value: 30.83333
-----------------------------------
2024-12-07 05:45:37 - Detailed Light Sensor Data Request
Raw Input: Array
(
    [lux] => 30.83333
)

Light Value: 30.83333
-----------------------------------
2024-12-07 05:45:40 - Detailed Light Sensor Data Request
Raw Input: Array
(
    [lux] => 30.83333
)

Light Value: 30.83333
-----------------------------------
2024-12-07 05:45:41 - Detailed Light Sensor Data Request
Raw Input: Array
(
    [lux] => 30.83333
)

Light Value: 30.83333
-----------------------------------
2024-12-07 05:45:44 - Detailed Light Sensor Data Request
Raw Input: Array
(
    [lux] => 30.83333
)

Light Value: 30.83333
-----------------------------------
2024-12-07 05:45:45 - Detailed Light Sensor Data Request
Raw Input: Array
(
    [lux] => 30.83333
)

Light Value: 30.83333
-----------------------------------
2024-12-07 05:45:48 - Detailed Light Sensor Data Request
Raw Input: Array
(
    [lux] => 30.83333
)

Light Value: 30.83333
-----------------------------------
2024-12-07 05:45:50 - Detailed Light Sensor Data Request
Raw Input: Array
(
    [lux] => 30.83333
)

Light Value: 30.83333
-----------------------------------
2024-12-07 05:45:52 - Detailed Light Sensor Data Request
Raw Input: Array
(
    [lux] => 30.83333
)

Light Value: 30.83333
-----------------------------------
2024-12-07 05:45:54 - Detailed Light Sensor Data Request
Raw Input: Array
(
    [lux] => 30.83333
)

Light Value: 30.83333
-----------------------------------
2024-12-07 05:45:56 - Detailed Light Sensor Data Request
Raw Input: Array
(
    [lux] => 30.83333
)

Light Value: 30.83333
-----------------------------------
2024-12-07 05:45:57 - Detailed Light Sensor Data Request
Raw Input: Array
(
    [lux] => 30.83333
)

Light Value: 30.83333
-----------------------------------
2024-12-07 05:46:00 - Detailed Light Sensor Data Request
Raw Input: Array
(
    [lux] => 30.83333
)

Light Value: 30.83333
-----------------------------------
2024-12-07 05:46:02 - Detailed Light Sensor Data Request
Raw Input: Array
(
    [lux] => 30.83333
)

Light Value: 30.83333
-----------------------------------
2024-12-07 05:46:04 - Detailed Light Sensor Data Request
Raw Input: Array
(
    [lux] => 30.83333
)

Light Value: 30.83333
-----------------------------------
2024-12-07 05:46:06 - Detailed Light Sensor Data Request
Raw Input: Array
(
    [lux] => 30.83333
)

Light Value: 30.83333
-----------------------------------
2024-12-07 05:46:08 - Detailed Light Sensor Data Request
Raw Input: Array
(
    [lux] => 30.83333
)

Light Value: 30.83333
-----------------------------------
2024-12-07 05:46:09 - Detailed Light Sensor Data Request
Raw Input: Array
(
    [lux] => 30.83333
)

Light Value: 30.83333
-----------------------------------
2024-12-07 05:46:11 - Detailed Light Sensor Data Request
Raw Input: Array
(
    [lux] => 30.83333
)

Light Value: 30.83333
-----------------------------------
2024-12-07 05:46:14 - Detailed Light Sensor Data Request
Raw Input: Array
(
    [lux] => 30.83333
)

Light Value: 30.83333
-----------------------------------
2024-12-07 05:46:16 - Detailed Light Sensor Data Request
Raw Input: Array
(
    [lux] => 30.83333
)

Light Value: 30.83333
-----------------------------------
2024-12-07 05:46:18 - Detailed Light Sensor Data Request
Raw Input: Array
(
    [lux] => 30.83333
)

Light Value: 30.83333
-----------------------------------
2024-12-07 05:46:20 - Detailed Light Sensor Data Request
Raw Input: Array
(
    [lux] => 30.83333
)

Light Value: 30.83333
-----------------------------------
2024-12-07 05:46:23 - Detailed Light Sensor Data Request
Raw Input: Array
(
    [lux] => 30.83333
)

Light Value: 30.83333
-----------------------------------
2024-12-07 05:46:26 - Detailed Light Sensor Data Request
Raw Input: Array
(
    [lux] => 30.83333
)

Light Value: 30.83333
-----------------------------------
2024-12-07 05:46:27 - Detailed Light Sensor Data Request
Raw Input: Array
(
    [lux] => 30.83333
)

Light Value: 30.83333
-----------------------------------
2024-12-07 05:46:29 - Detailed Light Sensor Data Request
Raw Input: Array
(
    [lux] => 30.83333
)

Light Value: 30.83333
-----------------------------------
2024-12-07 05:46:31 - Detailed Light Sensor Data Request
Raw Input: Array
(
    [lux] => 30.83333
)

Light Value: 30.83333
-----------------------------------
2024-12-07 05:46:34 - Detailed Light Sensor Data Request
Raw Input: Array
(
    [lux] => 30.83333
)

Light Value: 30.83333
-----------------------------------
2024-12-07 05:46:36 - Detailed Light Sensor Data Request
Raw Input: Array
(
    [lux] => 30.83333
)

Light Value: 30.83333
-----------------------------------
2024-12-07 05:46:38 - Detailed Light Sensor Data Request
Raw Input: Array
(
    [lux] => 30.83333
)

Light Value: 30.83333
-----------------------------------
2024-12-07 05:46:40 - Detailed Light Sensor Data Request
Raw Input: Array
(
    [lux] => 30.83333
)

Light Value: 30.83333
-----------------------------------
2024-12-07 05:46:42 - Detailed Light Sensor Data Request
Raw Input: Array
(
    [lux] => 30.83333
)

Light Value: 30.83333
-----------------------------------
2024-12-07 05:46:44 - Detailed Light Sensor Data Request
Raw Input: Array
(
    [lux] => 30.83333
)

Light Value: 30.83333
-----------------------------------
2024-12-07 05:46:46 - Detailed Light Sensor Data Request
Raw Input: Array
(
    [lux] => 30.83333
)

Light Value: 30.83333
-----------------------------------
2024-12-07 05:46:48 - Detailed Light Sensor Data Request
Raw Input: Array
(
    [lux] => 30.83333
)

Light Value: 30.83333
-----------------------------------
2024-12-07 05:46:50 - Detailed Light Sensor Data Request
Raw Input: Array
(
    [lux] => 30.83333
)

Light Value: 30.83333
-----------------------------------
2024-12-07 05:46:52 - Detailed Light Sensor Data Request
Raw Input: Array
(
    [lux] => 30.83333
)

Light Value: 30.83333
-----------------------------------
2024-12-07 05:46:54 - Detailed Light Sensor Data Request
Raw Input: Array
(
    [lux] => 30.83333
)

Light Value: 30.83333
-----------------------------------
2024-12-07 05:46:56 - Detailed Light Sensor Data Request
Raw Input: Array
(
    [lux] => 30.83333
)

Light Value: 30.83333
-----------------------------------
2024-12-07 05:46:58 - Detailed Light Sensor Data Request
Raw Input: Array
(
    [lux] => 30.83333
)

Light Value: 30.83333
-----------------------------------
2024-12-07 05:47:00 - Detailed Light Sensor Data Request
Raw Input: Array
(
    [lux] => 30.83333
)

Light Value: 30.83333
-----------------------------------
2024-12-07 05:47:02 - Detailed Light Sensor Data Request
Raw Input: Array
(
    [lux] => 30.83333
)

Light Value: 30.83333
-----------------------------------
2024-12-07 05:47:04 - Detailed Light Sensor Data Request
Raw Input: Array
(
    [lux] => 30.83333
)

Light Value: 30.83333
-----------------------------------
2024-12-07 05:47:06 - Detailed Light Sensor Data Request
Raw Input: Array
(
    [lux] => 30.83333
)

Light Value: 30.83333
-----------------------------------
2024-12-07 05:47:08 - Detailed Light Sensor Data Request
Raw Input: Array
(
    [lux] => 30.83333
)

Light Value: 30.83333
-----------------------------------
2024-12-07 05:47:10 - Detailed Light Sensor Data Request
Raw Input: Array
(
    [lux] => 30.83333
)

Light Value: 30.83333
-----------------------------------
2024-12-07 05:47:12 - Detailed Light Sensor Data Request
Raw Input: Array
(
    [lux] => 30.83333
)

Light Value: 30.83333
-----------------------------------
2024-12-07 05:47:14 - Detailed Light Sensor Data Request
Raw Input: Array
(
    [lux] => 30.83333
)

Light Value: 30.83333
-----------------------------------
2024-12-07 05:47:16 - Detailed Light Sensor Data Request
Raw Input: Array
(
    [lux] => 30.83333
)

Light Value: 30.83333
-----------------------------------
2024-12-07 05:47:18 - Detailed Light Sensor Data Request
Raw Input: Array
(
    [lux] => 30.83333
)

Light Value: 30.83333
-----------------------------------
2024-12-07 05:47:20 - Detailed Light Sensor Data Request
Raw Input: Array
(
    [lux] => 30.83333
)

Light Value: 30.83333
-----------------------------------
2024-12-07 05:47:22 - Detailed Light Sensor Data Request
Raw Input: Array
(
    [lux] => 30.83333
)

Light Value: 30.83333
-----------------------------------
2024-12-07 05:47:24 - Detailed Light Sensor Data Request
Raw Input: Array
(
    [lux] => 30.83333
)

Light Value: 30.83333
-----------------------------------
2024-12-07 05:47:26 - Detailed Light Sensor Data Request
Raw Input: Array
(
    [lux] => 30.83333
)

Light Value: 30.83333
-----------------------------------
2024-12-07 05:47:28 - Detailed Light Sensor Data Request
Raw Input: Array
(
    [lux] => 30.83333
)

Light Value: 30.83333
-----------------------------------
2024-12-07 05:47:30 - Detailed Light Sensor Data Request
Raw Input: Array
(
    [lux] => 30.83333
)

Light Value: 30.83333
-----------------------------------
2024-12-07 05:47:32 - Detailed Light Sensor Data Request
Raw Input: Array
(
    [lux] => 30.83333
)

Light Value: 30.83333
-----------------------------------
2024-12-07 05:47:34 - Detailed Light Sensor Data Request
Raw Input: Array
(
    [lux] => 30.83333
)

Light Value: 30.83333
-----------------------------------
2024-12-07 05:47:36 - Detailed Light Sensor Data Request
Raw Input: Array
(
    [lux] => 30.83333
)

Light Value: 30.83333
-----------------------------------
2024-12-07 05:47:38 - Detailed Light Sensor Data Request
Raw Input: Array
(
    [lux] => 30.83333
)

Light Value: 30.83333
-----------------------------------
2024-12-07 05:47:40 - Detailed Light Sensor Data Request
Raw Input: Array
(
    [lux] => 30.83333
)

Light Value: 30.83333
-----------------------------------
2024-12-07 05:47:42 - Detailed Light Sensor Data Request
Raw Input: Array
(
    [lux] => 30.83333
)

Light Value: 30.83333
-----------------------------------
2024-12-07 05:47:44 - Detailed Light Sensor Data Request
Raw Input: Array
(
    [lux] => 30.83333
)

Light Value: 30.83333
-----------------------------------
2024-12-07 05:47:46 - Detailed Light Sensor Data Request
Raw Input: Array
(
    [lux] => 30.83333
)

Light Value: 30.83333
-----------------------------------
2024-12-07 05:47:48 - Detailed Light Sensor Data Request
Raw Input: Array
(
    [lux] => 30.83333
)

Light Value: 30.83333
-----------------------------------
2024-12-07 05:47:50 - Detailed Light Sensor Data Request
Raw Input: Array
(
    [lux] => 30.83333
)

Light Value: 30.83333
-----------------------------------
2024-12-07 05:47:52 - Detailed Light Sensor Data Request
Raw Input: Array
(
    [lux] => 30.83333
)

Light Value: 30.83333
-----------------------------------
2024-12-07 05:47:54 - Detailed Light Sensor Data Request
Raw Input: Array
(
    [lux] => 30.83333
)

Light Value: 30.83333
-----------------------------------
2024-12-07 05:47:56 - Detailed Light Sensor Data Request
Raw Input: Array
(
    [lux] => 30.83333
)

Light Value: 30.83333
-----------------------------------
2024-12-07 05:47:58 - Detailed Light Sensor Data Request
Raw Input: Array
(
    [lux] => 30.83333
)

Light Value: 30.83333
-----------------------------------
2024-12-07 05:48:00 - Detailed Light Sensor Data Request
Raw Input: Array
(
    [lux] => 30.83333
)

Light Value: 30.83333
-----------------------------------
2024-12-07 05:48:02 - Detailed Light Sensor Data Request
Raw Input: Array
(
    [lux] => 30.83333
)

Light Value: 30.83333
-----------------------------------
2024-12-07 05:48:04 - Detailed Light Sensor Data Request
Raw Input: Array
(
    [lux] => 30.83333
)

Light Value: 30.83333
-----------------------------------
2024-12-07 05:48:06 - Detailed Light Sensor Data Request
Raw Input: Array
(
    [lux] => 30.83333
)

Light Value: 30.83333
-----------------------------------
2024-12-07 05:48:08 - Detailed Light Sensor Data Request
Raw Input: Array
(
    [lux] => 30.83333
)

Light Value: 30.83333
-----------------------------------
2024-12-07 05:48:10 - Detailed Light Sensor Data Request
Raw Input: Array
(
    [lux] => 30.83333
)

Light Value: 30.83333
-----------------------------------
2024-12-07 05:48:12 - Detailed Light Sensor Data Request
Raw Input: Array
(
    [lux] => 30.83333
)

Light Value: 30.83333
-----------------------------------
2024-12-07 05:48:14 - Detailed Light Sensor Data Request
Raw Input: Array
(
    [lux] => 30.83333
)

Light Value: 30.83333
-----------------------------------
2024-12-07 05:48:16 - Detailed Light Sensor Data Request
Raw Input: Array
(
    [lux] => 30.83333
)

Light Value: 30.83333
-----------------------------------
2024-12-07 05:48:18 - Detailed Light Sensor Data Request
Raw Input: Array
(
    [lux] => 30.83333
)

Light Value: 30.83333
-----------------------------------
2024-12-07 05:48:20 - Detailed Light Sensor Data Request
Raw Input: Array
(
    [lux] => 30.83333
)

Light Value: 30.83333
-----------------------------------
2024-12-07 05:48:22 - Detailed Light Sensor Data Request
Raw Input: Array
(
    [lux] => 30.83333
)

Light Value: 30.83333
-----------------------------------
2024-12-07 05:48:24 - Detailed Light Sensor Data Request
Raw Input: Array
(
    [lux] => 30.83333
)

Light Value: 30.83333
-----------------------------------
2024-12-07 05:48:26 - Detailed Light Sensor Data Request
Raw Input: Array
(
    [lux] => 30.83333
)

Light Value: 30.83333
-----------------------------------
2024-12-07 05:48:28 - Detailed Light Sensor Data Request
Raw Input: Array
(
    [lux] => 30.83333
)

Light Value: 30.83333
-----------------------------------
2024-12-07 05:48:30 - Detailed Light Sensor Data Request
Raw Input: Array
(
    [lux] => 30.83333
)

Light Value: 30.83333
-----------------------------------
2024-12-07 05:48:32 - Detailed Light Sensor Data Request
Raw Input: Array
(
    [lux] => 30.83333
)

Light Value: 30.83333
-----------------------------------
2024-12-07 05:48:34 - Detailed Light Sensor Data Request
Raw Input: Array
(
    [lux] => 30.83333
)

Light Value: 30.83333
-----------------------------------
2024-12-07 05:48:36 - Detailed Light Sensor Data Request
Raw Input: Array
(
    [lux] => 30.83333
)

Light Value: 30.83333
-----------------------------------
2024-12-07 05:48:38 - Detailed Light Sensor Data Request
Raw Input: Array
(
    [lux] => 30.83333
)

Light Value: 30.83333
-----------------------------------
2024-12-07 05:48:40 - Detailed Light Sensor Data Request
Raw Input: Array
(
    [lux] => 30.83333
)

Light Value: 30.83333
-----------------------------------
2024-12-07 05:48:42 - Detailed Light Sensor Data Request
Raw Input: Array
(
    [lux] => 30.83333
)

Light Value: 30.83333
-----------------------------------
2024-12-07 05:48:44 - Detailed Light Sensor Data Request
Raw Input: Array
(
    [lux] => 30.83333
)

Light Value: 30.83333
-----------------------------------
2024-12-07 05:48:46 - Detailed Light Sensor Data Request
Raw Input: Array
(
    [lux] => 30.83333
)

Light Value: 30.83333
-----------------------------------
2024-12-07 05:48:48 - Detailed Light Sensor Data Request
Raw Input: Array
(
    [lux] => 30.83333
)

Light Value: 30.83333
-----------------------------------
2024-12-07 05:48:50 - Detailed Light Sensor Data Request
Raw Input: Array
(
    [lux] => 30.83333
)

Light Value: 30.83333
-----------------------------------
2024-12-07 05:48:52 - Detailed Light Sensor Data Request
Raw Input: Array
(
    [lux] => 30.83333
)

Light Value: 30.83333
-----------------------------------
2024-12-07 05:48:54 - Detailed Light Sensor Data Request
Raw Input: Array
(
    [lux] => 30.83333
)

Light Value: 30.83333
-----------------------------------
2024-12-07 05:48:56 - Detailed Light Sensor Data Request
Raw Input: Array
(
    [lux] => 30.83333
)

Light Value: 30.83333
-----------------------------------
2024-12-07 05:48:58 - Detailed Light Sensor Data Request
Raw Input: Array
(
    [lux] => 30.83333
)

Light Value: 30.83333
-----------------------------------
2024-12-07 05:49:00 - Detailed Light Sensor Data Request
Raw Input: Array
(
    [lux] => 30.83333
)

Light Value: 30.83333
-----------------------------------
2024-12-07 05:49:02 - Detailed Light Sensor Data Request
Raw Input: Array
(
    [lux] => 30.83333
)

Light Value: 30.83333
-----------------------------------
2024-12-07 05:49:04 - Detailed Light Sensor Data Request
Raw Input: Array
(
    [lux] => 30.83333
)

Light Value: 30.83333
-----------------------------------
2024-12-07 05:49:06 - Detailed Light Sensor Data Request
Raw Input: Array
(
    [lux] => 30.83333
)

Light Value: 30.83333
-----------------------------------
2024-12-07 05:49:08 - Detailed Light Sensor Data Request
Raw Input: Array
(
    [lux] => 30.83333
)

Light Value: 30.83333
-----------------------------------
2024-12-07 05:49:10 - Detailed Light Sensor Data Request
Raw Input: Array
(
    [lux] => 30.83333
)

Light Value: 30.83333
-----------------------------------
2024-12-07 05:49:12 - Detailed Light Sensor Data Request
Raw Input: Array
(
    [lux] => 30.83333
)

Light Value: 30.83333
-----------------------------------
2024-12-07 05:49:14 - Detailed Light Sensor Data Request
Raw Input: Array
(
    [lux] => 30.83333
)

Light Value: 30.83333
-----------------------------------
2024-12-07 05:49:16 - Detailed Light Sensor Data Request
Raw Input: Array
(
    [lux] => 30.83333
)

Light Value: 30.83333
-----------------------------------
2024-12-07 05:49:18 - Detailed Light Sensor Data Request
Raw Input: Array
(
    [lux] => 30.83333
)

Light Value: 30.83333
-----------------------------------
2024-12-07 05:49:20 - Detailed Light Sensor Data Request
Raw Input: Array
(
    [lux] => 30.83333
)

Light Value: 30.83333
-----------------------------------
2024-12-07 05:49:22 - Detailed Light Sensor Data Request
Raw Input: Array
(
    [lux] => 30
)

Light Value: 30
-----------------------------------
2024-12-07 05:49:24 - Detailed Light Sensor Data Request
Raw Input: Array
(
    [lux] => 30
)

Light Value: 30
-----------------------------------
2024-12-07 05:49:26 - Detailed Light Sensor Data Request
Raw Input: Array
(
    [lux] => 30
)

Light Value: 30
-----------------------------------
2024-12-07 05:49:28 - Detailed Light Sensor Data Request
Raw Input: Array
(
    [lux] => 30.83333
)

Light Value: 30.83333
-----------------------------------
2024-12-07 05:49:30 - Detailed Light Sensor Data Request
Raw Input: Array
(
    [lux] => 30
)

Light Value: 30
-----------------------------------
2024-12-07 05:49:32 - Detailed Light Sensor Data Request
Raw Input: Array
(
    [lux] => 30
)

Light Value: 30
-----------------------------------
2024-12-07 05:49:34 - Detailed Light Sensor Data Request
Raw Input: Array
(
    [lux] => 30.83333
)

Light Value: 30.83333
-----------------------------------
2024-12-07 05:49:36 - Detailed Light Sensor Data Request
Raw Input: Array
(
    [lux] => 30
)

Light Value: 30
-----------------------------------
2024-12-07 05:49:38 - Detailed Light Sensor Data Request
Raw Input: Array
(
    [lux] => 30.83333
)

Light Value: 30.83333
-----------------------------------
2024-12-07 05:49:40 - Detailed Light Sensor Data Request
Raw Input: Array
(
    [lux] => 30
)

Light Value: 30
-----------------------------------
2024-12-07 05:49:42 - Detailed Light Sensor Data Request
Raw Input: Array
(
    [lux] => 30
)

Light Value: 30
-----------------------------------
2024-12-07 05:49:44 - Detailed Light Sensor Data Request
Raw Input: Array
(
    [lux] => 27.5
)

Light Value: 27.5
-----------------------------------
2024-12-07 05:49:46 - Detailed Light Sensor Data Request
Raw Input: Array
(
    [lux] => 25
)

Light Value: 25
-----------------------------------
2024-12-07 05:49:48 - Detailed Light Sensor Data Request
Raw Input: Array
(
    [lux] => 29.16667
)

Light Value: 29.16667
-----------------------------------
2024-12-07 05:49:50 - Detailed Light Sensor Data Request
Raw Input: Array
(
    [lux] => 29.16667
)

Light Value: 29.16667
-----------------------------------
2024-12-07 05:49:52 - Detailed Light Sensor Data Request
Raw Input: Array
(
    [lux] => 28.33333
)

Light Value: 28.33333
-----------------------------------
2024-12-07 05:49:54 - Detailed Light Sensor Data Request
Raw Input: Array
(
    [lux] => 29.16667
)

Light Value: 29.16667
-----------------------------------
2024-12-07 05:49:56 - Detailed Light Sensor Data Request
Raw Input: Array
(
    [lux] => 28.33333
)

Light Value: 28.33333
-----------------------------------
2024-12-07 05:49:58 - Detailed Light Sensor Data Request
Raw Input: Array
(
    [lux] => 29.16667
)

Light Value: 29.16667
-----------------------------------
2024-12-07 05:50:00 - Detailed Light Sensor Data Request
Raw Input: Array
(
    [lux] => 29.16667
)

Light Value: 29.16667
-----------------------------------
2024-12-07 05:50:02 - Detailed Light Sensor Data Request
Raw Input: Array
(
    [lux] => 29.16667
)

Light Value: 29.16667
-----------------------------------
2024-12-07 05:50:04 - Detailed Light Sensor Data Request
Raw Input: Array
(
    [lux] => 29.16667
)

Light Value: 29.16667
-----------------------------------
2024-12-07 05:50:06 - Detailed Light Sensor Data Request
Raw Input: Array
(
    [lux] => 29.16667
)

Light Value: 29.16667
-----------------------------------
2024-12-07 05:50:08 - Detailed Light Sensor Data Request
Raw Input: Array
(
    [lux] => 29.16667
)

Light Value: 29.16667
-----------------------------------
2024-12-07 05:50:10 - Detailed Light Sensor Data Request
Raw Input: Array
(
    [lux] => 29.16667
)

Light Value: 29.16667
-----------------------------------
2024-12-07 05:50:12 - Detailed Light Sensor Data Request
Raw Input: Array
(
    [lux] => 29.16667
)

Light Value: 29.16667
-----------------------------------
2024-12-07 05:50:14 - Detailed Light Sensor Data Request
Raw Input: Array
(
    [lux] => 28.33333
)

Light Value: 28.33333
-----------------------------------
2024-12-07 05:50:16 - Detailed Light Sensor Data Request
Raw Input: Array
(
    [lux] => 28.33333
)

Light Value: 28.33333
-----------------------------------
2024-12-07 05:50:18 - Detailed Light Sensor Data Request
Raw Input: Array
(
    [lux] => 28.33333
)

Light Value: 28.33333
-----------------------------------
2024-12-07 05:50:20 - Detailed Light Sensor Data Request
Raw Input: Array
(
    [lux] => 29.16667
)

Light Value: 29.16667
-----------------------------------
2024-12-07 05:50:22 - Detailed Light Sensor Data Request
Raw Input: Array
(
    [lux] => 28.33333
)

Light Value: 28.33333
-----------------------------------
2024-12-07 05:50:24 - Detailed Light Sensor Data Request
Raw Input: Array
(
    [lux] => 28.33333
)

Light Value: 28.33333
-----------------------------------
2024-12-07 05:50:26 - Detailed Light Sensor Data Request
Raw Input: Array
(
    [lux] => 28.33333
)

Light Value: 28.33333
-----------------------------------
2024-12-07 05:50:28 - Detailed Light Sensor Data Request
Raw Input: Array
(
    [lux] => 28.33333
)

Light Value: 28.33333
-----------------------------------
2024-12-07 05:50:30 - Detailed Light Sensor Data Request
Raw Input: Array
(
    [lux] => 28.33333
)

Light Value: 28.33333
-----------------------------------
2024-12-07 05:50:32 - Detailed Light Sensor Data Request
Raw Input: Array
(
    [lux] => 28.33333
)

Light Value: 28.33333
-----------------------------------
2024-12-07 05:50:34 - Detailed Light Sensor Data Request
Raw Input: Array
(
    [lux] => 28.33333
)

Light Value: 28.33333
-----------------------------------
2024-12-07 05:50:36 - Detailed Light Sensor Data Request
Raw Input: Array
(
    [lux] => 28.33333
)

Light Value: 28.33333
-----------------------------------
2024-12-07 05:50:38 - Detailed Light Sensor Data Request
Raw Input: Array
(
    [lux] => 29.16667
)

Light Value: 29.16667
-----------------------------------
2024-12-07 05:50:40 - Detailed Light Sensor Data Request
Raw Input: Array
(
    [lux] => 29.16667
)

Light Value: 29.16667
-----------------------------------
2024-12-07 05:50:42 - Detailed Light Sensor Data Request
Raw Input: Array
(
    [lux] => 29.16667
)

Light Value: 29.16667
-----------------------------------
2024-12-07 05:50:44 - Detailed Light Sensor Data Request
Raw Input: Array
(
    [lux] => 29.16667
)

Light Value: 29.16667
-----------------------------------
2024-12-07 05:50:46 - Detailed Light Sensor Data Request
Raw Input: Array
(
    [lux] => 29.16667
)

Light Value: 29.16667
-----------------------------------
2024-12-07 05:50:48 - Detailed Light Sensor Data Request
Raw Input: Array
(
    [lux] => 29.16667
)

Light Value: 29.16667
-----------------------------------
2024-12-07 05:50:50 - Detailed Light Sensor Data Request
Raw Input: Array
(
    [lux] => 28.33333
)

Light Value: 28.33333
-----------------------------------
2024-12-07 05:50:52 - Detailed Light Sensor Data Request
Raw Input: Array
(
    [lux] => 29.16667
)

Light Value: 29.16667
-----------------------------------
2024-12-07 05:50:54 - Detailed Light Sensor Data Request
Raw Input: Array
(
    [lux] => 29.16667
)

Light Value: 29.16667
-----------------------------------
2024-12-07 05:50:56 - Detailed Light Sensor Data Request
Raw Input: Array
(
    [lux] => 29.16667
)

Light Value: 29.16667
-----------------------------------
2024-12-07 05:50:58 - Detailed Light Sensor Data Request
Raw Input: Array
(
    [lux] => 29.16667
)

Light Value: 29.16667
-----------------------------------
2024-12-07 05:51:00 - Detailed Light Sensor Data Request
Raw Input: Array
(
    [lux] => 29.16667
)

Light Value: 29.16667
-----------------------------------
2024-12-07 05:51:02 - Detailed Light Sensor Data Request
Raw Input: Array
(
    [lux] => 29.16667
)

Light Value: 29.16667
-----------------------------------
2024-12-07 05:51:04 - Detailed Light Sensor Data Request
Raw Input: Array
(
    [lux] => 29.16667
)

Light Value: 29.16667
-----------------------------------
2024-12-07 05:51:06 - Detailed Light Sensor Data Request
Raw Input: Array
(
    [lux] => 28.33333
)

Light Value: 28.33333
-----------------------------------
2024-12-07 05:51:08 - Detailed Light Sensor Data Request
Raw Input: Array
(
    [lux] => 29.16667
)

Light Value: 29.16667
-----------------------------------
2024-12-07 05:51:10 - Detailed Light Sensor Data Request
Raw Input: Array
(
    [lux] => 29.16667
)

Light Value: 29.16667
-----------------------------------
2024-12-07 05:51:12 - Detailed Light Sensor Data Request
Raw Input: Array
(
    [lux] => 29.16667
)

Light Value: 29.16667
-----------------------------------
2024-12-07 05:51:14 - Detailed Light Sensor Data Request
Raw Input: Array
(
    [lux] => 29.16667
)

Light Value: 29.16667
-----------------------------------
2024-12-07 05:51:16 - Detailed Light Sensor Data Request
Raw Input: Array
(
    [lux] => 29.16667
)

Light Value: 29.16667
-----------------------------------
2024-12-07 05:51:18 - Detailed Light Sensor Data Request
Raw Input: Array
(
    [lux] => 29.16667
)

Light Value: 29.16667
-----------------------------------
2024-12-07 05:51:20 - Detailed Light Sensor Data Request
Raw Input: Array
(
    [lux] => 29.16667
)

Light Value: 29.16667
-----------------------------------
2024-12-07 05:51:22 - Detailed Light Sensor Data Request
Raw Input: Array
(
    [lux] => 29.16667
)

Light Value: 29.16667
-----------------------------------
2024-12-07 05:51:24 - Detailed Light Sensor Data Request
Raw Input: Array
(
    [lux] => 29.16667
)

Light Value: 29.16667
-----------------------------------
2024-12-07 05:51:26 - Detailed Light Sensor Data Request
Raw Input: Array
(
    [lux] => 27.5
)

Light Value: 27.5
-----------------------------------
2024-12-07 05:51:28 - Detailed Light Sensor Data Request
Raw Input: Array
(
    [lux] => 29.16667
)

Light Value: 29.16667
-----------------------------------
2024-12-07 05:51:30 - Detailed Light Sensor Data Request
Raw Input: Array
(
    [lux] => 29.16667
)

Light Value: 29.16667
-----------------------------------
2024-12-07 05:51:32 - Detailed Light Sensor Data Request
Raw Input: Array
(
    [lux] => 29.16667
)

Light Value: 29.16667
-----------------------------------
2024-12-07 05:51:34 - Detailed Light Sensor Data Request
Raw Input: Array
(
    [lux] => 29.16667
)

Light Value: 29.16667
-----------------------------------
2024-12-07 05:51:36 - Detailed Light Sensor Data Request
Raw Input: Array
(
    [lux] => 29.16667
)

Light Value: 29.16667
-----------------------------------
2024-12-07 05:51:38 - Detailed Light Sensor Data Request
Raw Input: Array
(
    [lux] => 29.16667
)

Light Value: 29.16667
-----------------------------------
2024-12-07 05:51:40 - Detailed Light Sensor Data Request
Raw Input: Array
(
    [lux] => 29.16667
)

Light Value: 29.16667
-----------------------------------
2024-12-07 05:51:42 - Detailed Light Sensor Data Request
Raw Input: Array
(
    [lux] => 29.16667
)

Light Value: 29.16667
-----------------------------------
2024-12-07 05:51:44 - Detailed Light Sensor Data Request
Raw Input: Array
(
    [lux] => 28.33333
)

Light Value: 28.33333
-----------------------------------
2024-12-07 05:51:46 - Detailed Light Sensor Data Request
Raw Input: Array
(
    [lux] => 29.16667
)

Light Value: 29.16667
-----------------------------------
2024-12-07 05:51:48 - Detailed Light Sensor Data Request
Raw Input: Array
(
    [lux] => 29.16667
)

Light Value: 29.16667
-----------------------------------
2024-12-07 05:51:50 - Detailed Light Sensor Data Request
Raw Input: Array
(
    [lux] => 29.16667
)

Light Value: 29.16667
-----------------------------------
2024-12-07 05:51:52 - Detailed Light Sensor Data Request
Raw Input: Array
(
    [lux] => 29.16667
)

Light Value: 29.16667
-----------------------------------
2024-12-07 05:51:54 - Detailed Light Sensor Data Request
Raw Input: Array
(
    [lux] => 29.16667
)

Light Value: 29.16667
-----------------------------------
2024-12-07 05:51:56 - Detailed Light Sensor Data Request
Raw Input: Array
(
    [lux] => 29.16667
)

Light Value: 29.16667
-----------------------------------
2024-12-07 05:51:58 - Detailed Light Sensor Data Request
Raw Input: Array
(
    [lux] => 29.16667
)

Light Value: 29.16667
-----------------------------------
2024-12-07 05:52:00 - Detailed Light Sensor Data Request
Raw Input: Array
(
    [lux] => 29.16667
)

Light Value: 29.16667
-----------------------------------
2024-12-07 05:52:02 - Detailed Light Sensor Data Request
Raw Input: Array
(
    [lux] => 29.16667
)

Light Value: 29.16667
-----------------------------------
2024-12-07 05:52:04 - Detailed Light Sensor Data Request
Raw Input: Array
(
    [lux] => 29.16667
)

Light Value: 29.16667
-----------------------------------
2024-12-07 05:52:06 - Detailed Light Sensor Data Request
Raw Input: Array
(
    [lux] => 29.16667
)

Light Value: 29.16667
-----------------------------------
2024-12-07 05:52:08 - Detailed Light Sensor Data Request
Raw Input: Array
(
    [lux] => 29.16667
)

Light Value: 29.16667
-----------------------------------
2024-12-07 05:52:10 - Detailed Light Sensor Data Request
Raw Input: Array
(
    [lux] => 29.16667
)

Light Value: 29.16667
-----------------------------------
2024-12-07 05:52:12 - Detailed Light Sensor Data Request
Raw Input: Array
(
    [lux] => 29.16667
)

Light Value: 29.16667
-----------------------------------
2024-12-07 05:52:14 - Detailed Light Sensor Data Request
Raw Input: Array
(
    [lux] => 29.16667
)

Light Value: 29.16667
-----------------------------------
2024-12-07 05:52:16 - Detailed Light Sensor Data Request
Raw Input: Array
(
    [lux] => 29.16667
)

Light Value: 29.16667
-----------------------------------
2024-12-07 05:52:18 - Detailed Light Sensor Data Request
Raw Input: Array
(
    [lux] => 29.16667
)

Light Value: 29.16667
-----------------------------------
2024-12-07 05:52:20 - Detailed Light Sensor Data Request
Raw Input: Array
(
    [lux] => 29.16667
)

Light Value: 29.16667
-----------------------------------
2024-12-07 05:52:22 - Detailed Light Sensor Data Request
Raw Input: Array
(
    [lux] => 29.16667
)

Light Value: 29.16667
-----------------------------------
2024-12-07 05:52:24 - Detailed Light Sensor Data Request
Raw Input: Array
(
    [lux] => 29.16667
)

Light Value: 29.16667
-----------------------------------
2024-12-07 05:52:26 - Detailed Light Sensor Data Request
Raw Input: Array
(
    [lux] => 29.16667
)

Light Value: 29.16667
-----------------------------------
2024-12-07 05:52:28 - Detailed Light Sensor Data Request
Raw Input: Array
(
    [lux] => 29.16667
)

Light Value: 29.16667
-----------------------------------
2024-12-07 05:52:30 - Detailed Light Sensor Data Request
Raw Input: Array
(
    [lux] => 28.33333
)

Light Value: 28.33333
-----------------------------------
2024-12-07 05:52:32 - Detailed Light Sensor Data Request
Raw Input: Array
(
    [lux] => 29.16667
)

Light Value: 29.16667
-----------------------------------
2024-12-07 05:52:34 - Detailed Light Sensor Data Request
Raw Input: Array
(
    [lux] => 28.33333
)

Light Value: 28.33333
-----------------------------------
2024-12-07 05:52:36 - Detailed Light Sensor Data Request
Raw Input: Array
(
    [lux] => 29.16667
)

Light Value: 29.16667
-----------------------------------
2024-12-07 05:52:38 - Detailed Light Sensor Data Request
Raw Input: Array
(
    [lux] => 29.16667
)

Light Value: 29.16667
-----------------------------------
2024-12-07 05:52:40 - Detailed Light Sensor Data Request
Raw Input: Array
(
    [lux] => 29.16667
)

Light Value: 29.16667
-----------------------------------
2024-12-07 05:52:42 - Detailed Light Sensor Data Request
Raw Input: Array
(
    [lux] => 29.16667
)

Light Value: 29.16667
-----------------------------------
2024-12-07 05:52:44 - Detailed Light Sensor Data Request
Raw Input: Array
(
    [lux] => 29.16667
)

Light Value: 29.16667
-----------------------------------
2024-12-07 05:52:46 - Detailed Light Sensor Data Request
Raw Input: Array
(
    [lux] => 29.16667
)

Light Value: 29.16667
-----------------------------------
2024-12-07 05:52:48 - Detailed Light Sensor Data Request
Raw Input: Array
(
    [lux] => 29.16667
)

Light Value: 29.16667
-----------------------------------
2024-12-07 05:52:50 - Detailed Light Sensor Data Request
Raw Input: Array
(
    [lux] => 29.16667
)

Light Value: 29.16667
-----------------------------------
2024-12-07 05:52:52 - Detailed Light Sensor Data Request
Raw Input: Array
(
    [lux] => 29.16667
)

Light Value: 29.16667
-----------------------------------
2024-12-07 05:52:54 - Detailed Light Sensor Data Request
Raw Input: Array
(
    [lux] => 29.16667
)

Light Value: 29.16667
-----------------------------------
2024-12-07 05:52:56 - Detailed Light Sensor Data Request
Raw Input: Array
(
    [lux] => 29.16667
)

Light Value: 29.16667
-----------------------------------
2024-12-07 05:52:58 - Detailed Light Sensor Data Request
Raw Input: Array
(
    [lux] => 29.16667
)

Light Value: 29.16667
-----------------------------------
2024-12-07 05:53:00 - Detailed Light Sensor Data Request
Raw Input: Array
(
    [lux] => 29.16667
)

Light Value: 29.16667
-----------------------------------
2024-12-07 05:53:02 - Detailed Light Sensor Data Request
Raw Input: Array
(
    [lux] => 29.16667
)

Light Value: 29.16667
-----------------------------------
2024-12-07 05:53:04 - Detailed Light Sensor Data Request
Raw Input: Array
(
    [lux] => 28.33333
)

Light Value: 28.33333
-----------------------------------
2024-12-07 05:53:06 - Detailed Light Sensor Data Request
Raw Input: Array
(
    [lux] => 28.33333
)

Light Value: 28.33333
-----------------------------------
2024-12-07 05:53:08 - Detailed Light Sensor Data Request
Raw Input: Array
(
    [lux] => 29.16667
)

Light Value: 29.16667
-----------------------------------
2024-12-07 05:53:10 - Detailed Light Sensor Data Request
Raw Input: Array
(
    [lux] => 27.5
)

Light Value: 27.5
-----------------------------------
2024-12-07 05:53:12 - Detailed Light Sensor Data Request
Raw Input: Array
(
    [lux] => 29.16667
)

Light Value: 29.16667
-----------------------------------
2024-12-07 05:53:14 - Detailed Light Sensor Data Request
Raw Input: Array
(
    [lux] => 29.16667
)

Light Value: 29.16667
-----------------------------------
2024-12-07 05:53:16 - Detailed Light Sensor Data Request
Raw Input: Array
(
    [lux] => 29.16667
)

Light Value: 29.16667
-----------------------------------
2024-12-07 05:53:18 - Detailed Light Sensor Data Request
Raw Input: Array
(
    [lux] => 28.33333
)

Light Value: 28.33333
-----------------------------------
2024-12-07 05:53:20 - Detailed Light Sensor Data Request
Raw Input: Array
(
    [lux] => 29.16667
)

Light Value: 29.16667
-----------------------------------
2024-12-07 05:53:22 - Detailed Light Sensor Data Request
Raw Input: Array
(
    [lux] => 28.33333
)

Light Value: 28.33333
-----------------------------------
2024-12-07 05:53:24 - Detailed Light Sensor Data Request
Raw Input: Array
(
    [lux] => 35.83333
)

Light Value: 35.83333
-----------------------------------
2024-12-07 05:53:26 - Detailed Light Sensor Data Request
Raw Input: Array
(
    [lux] => 33.33333
)

Light Value: 33.33333
-----------------------------------
2024-12-07 05:53:28 - Detailed Light Sensor Data Request
Raw Input: Array
(
    [lux] => 35.83333
)

Light Value: 35.83333
-----------------------------------
2024-12-07 05:53:30 - Detailed Light Sensor Data Request
Raw Input: Array
(
    [lux] => 35.83333
)

Light Value: 35.83333
-----------------------------------
2024-12-07 05:53:32 - Detailed Light Sensor Data Request
Raw Input: Array
(
    [lux] => 34.16666
)

Light Value: 34.16666
-----------------------------------
2024-12-07 05:53:34 - Detailed Light Sensor Data Request
Raw Input: Array
(
    [lux] => 34.16666
)

Light Value: 34.16666
-----------------------------------
2024-12-07 05:53:36 - Detailed Light Sensor Data Request
Raw Input: Array
(
    [lux] => 35
)

Light Value: 35
-----------------------------------
2024-12-07 05:53:38 - Detailed Light Sensor Data Request
Raw Input: Array
(
    [lux] => 34.16666
)

Light Value: 34.16666
-----------------------------------
2024-12-07 05:53:40 - Detailed Light Sensor Data Request
Raw Input: Array
(
    [lux] => 20
)

Light Value: 20
-----------------------------------
2024-12-07 05:53:42 - Detailed Light Sensor Data Request
Raw Input: Array
(
    [lux] => 193.3333
)

Light Value: 193.3333
-----------------------------------
2024-12-07 05:53:44 - Detailed Light Sensor Data Request
Raw Input: Array
(
    [lux] => 200
)

Light Value: 200
-----------------------------------
2024-12-07 05:53:48 - Detailed Light Sensor Data Request
Raw Input: Array
(
    [lux] => 229.1667
)

Light Value: 229.1667
-----------------------------------
2024-12-07 05:53:50 - Detailed Light Sensor Data Request
Raw Input: Array
(
    [lux] => 86.66666
)

Light Value: 86.66666
-----------------------------------
2024-12-07 05:53:52 - Detailed Light Sensor Data Request
Raw Input: Array
(
    [lux] => 135.8333
)

Light Value: 135.8333
-----------------------------------
2024-12-07 05:53:54 - Detailed Light Sensor Data Request
Raw Input: Array
(
    [lux] => 197.5
)

Light Value: 197.5
-----------------------------------
2024-12-07 05:53:55 - Detailed Light Sensor Data Request
Raw Input: Array
(
    [lux] => 111.6667
)

Light Value: 111.6667
-----------------------------------
2024-12-07 05:53:58 - Detailed Light Sensor Data Request
Raw Input: Array
(
    [lux] => 107.5
)

Light Value: 107.5
-----------------------------------
2024-12-07 05:53:59 - Detailed Light Sensor Data Request
Raw Input: Array
(
    [lux] => 107.5
)

Light Value: 107.5
-----------------------------------
2024-12-07 05:54:02 - Detailed Light Sensor Data Request
Raw Input: Array
(
    [lux] => 106.6667
)

Light Value: 106.6667
-----------------------------------
2024-12-07 05:54:03 - Detailed Light Sensor Data Request
Raw Input: Array
(
    [lux] => 106.6667
)

Light Value: 106.6667
-----------------------------------
2024-12-07 05:54:06 - Detailed Light Sensor Data Request
Raw Input: Array
(
    [lux] => 106.6667
)

Light Value: 106.6667
-----------------------------------
2024-12-07 05:54:07 - Detailed Light Sensor Data Request
Raw Input: Array
(
    [lux] => 106.6667
)

Light Value: 106.6667
-----------------------------------
2024-12-07 05:54:10 - Detailed Light Sensor Data Request
Raw Input: Array
(
    [lux] => 106.6667
)

Light Value: 106.6667
-----------------------------------
2024-12-07 05:54:11 - Detailed Light Sensor Data Request
Raw Input: Array
(
    [lux] => 106.6667
)

Light Value: 106.6667
-----------------------------------
2024-12-07 05:54:13 - Detailed Light Sensor Data Request
Raw Input: Array
(
    [lux] => 105
)

Light Value: 105
-----------------------------------
2024-12-07 05:54:15 - Detailed Light Sensor Data Request
Raw Input: Array
(
    [lux] => 104.1667
)

Light Value: 104.1667
-----------------------------------
2024-12-07 05:54:17 - Detailed Light Sensor Data Request
Raw Input: Array
(
    [lux] => 104.1667
)

Light Value: 104.1667
-----------------------------------
2024-12-07 05:54:19 - Detailed Light Sensor Data Request
Raw Input: Array
(
    [lux] => 100.8333
)

Light Value: 100.8333
-----------------------------------
2024-12-07 05:54:21 - Detailed Light Sensor Data Request
Raw Input: Array
(
    [lux] => 99.99999
)

Light Value: 99.99999
-----------------------------------
2024-12-07 05:54:23 - Detailed Light Sensor Data Request
Raw Input: Array
(
    [lux] => 99.99999
)

Light Value: 99.99999
-----------------------------------
2024-12-07 05:54:26 - Detailed Light Sensor Data Request
Raw Input: Array
(
    [lux] => 99.99999
)

Light Value: 99.99999
-----------------------------------
2024-12-07 05:54:27 - Detailed Light Sensor Data Request
Raw Input: Array
(
    [lux] => 100.8333
)

Light Value: 100.8333
-----------------------------------
2024-12-07 05:54:30 - Detailed Light Sensor Data Request
Raw Input: Array
(
    [lux] => 100.8333
)

Light Value: 100.8333
-----------------------------------
2024-12-07 05:54:31 - Detailed Light Sensor Data Request
Raw Input: Array
(
    [lux] => 100.8333
)

Light Value: 100.8333
-----------------------------------
2024-12-07 05:54:34 - Detailed Light Sensor Data Request
Raw Input: Array
(
    [lux] => 99.99999
)

Light Value: 99.99999
-----------------------------------
2024-12-07 05:54:35 - Detailed Light Sensor Data Request
Raw Input: Array
(
    [lux] => 100.8333
)

Light Value: 100.8333
-----------------------------------
2024-12-07 05:54:38 - Detailed Light Sensor Data Request
Raw Input: Array
(
    [lux] => 100.8333
)

Light Value: 100.8333
-----------------------------------
2024-12-07 05:54:39 - Detailed Light Sensor Data Request
Raw Input: Array
(
    [lux] => -1
)

Light Value: -1
-----------------------------------
2024-12-07 05:54:42 - Detailed Light Sensor Data Request
Raw Input: Array
(
    [lux] => -1
)

Light Value: -1
-----------------------------------
2024-12-07 05:54:43 - Detailed Light Sensor Data Request
Raw Input: Array
(
    [lux] => -1
)

Light Value: -1
-----------------------------------
2024-12-07 05:54:45 - Detailed Light Sensor Data Request
Raw Input: Array
(
    [lux] => -1
)

Light Value: -1
-----------------------------------
2024-12-07 05:54:48 - Detailed Light Sensor Data Request
Raw Input: Array
(
    [lux] => -1
)

Light Value: -1
-----------------------------------
2024-12-07 05:54:51 - Detailed Light Sensor Data Request
Raw Input: Array
(
    [lux] => -1
)

Light Value: -1
-----------------------------------
2024-12-07 05:54:53 - Detailed Light Sensor Data Request
Raw Input: Array
(
    [lux] => -1
)

Light Value: -1
-----------------------------------
2024-12-07 05:54:55 - Detailed Light Sensor Data Request
Raw Input: Array
(
    [lux] => -1
)

Light Value: -1
-----------------------------------
2024-12-07 05:54:58 - Detailed Light Sensor Data Request
Raw Input: Array
(
    [lux] => -1
)

Light Value: -1
-----------------------------------
2024-12-07 05:55:01 - Detailed Light Sensor Data Request
Raw Input: Array
(
    [lux] => -1
)

Light Value: -1
-----------------------------------
2024-12-07 05:55:02 - Detailed Light Sensor Data Request
Raw Input: Array
(
    [lux] => -1
)

Light Value: -1
-----------------------------------
2024-12-07 05:55:04 - Detailed Light Sensor Data Request
Raw Input: Array
(
    [lux] => -1
)

Light Value: -1
-----------------------------------
2024-12-07 05:55:06 - Detailed Light Sensor Data Request
Raw Input: Array
(
    [lux] => -1
)

Light Value: -1
-----------------------------------
2024-12-07 05:55:08 - Detailed Light Sensor Data Request
Raw Input: Array
(
    [lux] => -1
)

Light Value: -1
-----------------------------------
2024-12-07 05:55:10 - Detailed Light Sensor Data Request
Raw Input: Array
(
    [lux] => -1
)

Light Value: -1
-----------------------------------
2024-12-07 05:55:13 - Detailed Light Sensor Data Request
Raw Input: Array
(
    [lux] => -1
)

Light Value: -1
-----------------------------------
2024-12-07 05:55:15 - Detailed Light Sensor Data Request
Raw Input: Array
(
    [lux] => -1
)

Light Value: -1
-----------------------------------
2024-12-07 05:55:16 - Detailed Light Sensor Data Request
Raw Input: Array
(
    [lux] => -1
)

Light Value: -1
-----------------------------------
2024-12-07 05:55:18 - Detailed Light Sensor Data Request
Raw Input: Array
(
    [lux] => -1
)

Light Value: -1
-----------------------------------
2024-12-07 05:55:20 - Detailed Light Sensor Data Request
Raw Input: Array
(
    [lux] => -1
)

Light Value: -1
-----------------------------------
2024-12-07 05:55:22 - Detailed Light Sensor Data Request
Raw Input: Array
(
    [lux] => -1
)

Light Value: -1
-----------------------------------
2024-12-07 05:55:24 - Detailed Light Sensor Data Request
Raw Input: Array
(
    [lux] => -1
)

Light Value: -1
-----------------------------------
2024-12-07 05:55:26 - Detailed Light Sensor Data Request
Raw Input: Array
(
    [lux] => -1
)

Light Value: -1
-----------------------------------
2024-12-07 05:55:28 - Detailed Light Sensor Data Request
Raw Input: Array
(
    [lux] => -1
)

Light Value: -1
-----------------------------------
2024-12-07 05:55:30 - Detailed Light Sensor Data Request
Raw Input: Array
(
    [lux] => -1
)

Light Value: -1
-----------------------------------
2024-12-07 05:55:32 - Detailed Light Sensor Data Request
Raw Input: Array
(
    [lux] => -1
)

Light Value: -1
-----------------------------------
2024-12-07 05:55:34 - Detailed Light Sensor Data Request
Raw Input: Array
(
    [lux] => -1
)

Light Value: -1
-----------------------------------
2024-12-07 05:55:36 - Detailed Light Sensor Data Request
Raw Input: Array
(
    [lux] => -1
)

Light Value: -1
-----------------------------------
2024-12-07 05:55:38 - Detailed Light Sensor Data Request
Raw Input: Array
(
    [lux] => -1
)

Light Value: -1
-----------------------------------
2024-12-07 05:55:40 - Detailed Light Sensor Data Request
Raw Input: Array
(
    [lux] => -1
)

Light Value: -1
-----------------------------------
2024-12-07 05:55:42 - Detailed Light Sensor Data Request
Raw Input: Array
(
    [lux] => -1
)

Light Value: -1
-----------------------------------
2024-12-07 05:55:44 - Detailed Light Sensor Data Request
Raw Input: Array
(
    [lux] => -1
)

Light Value: -1
-----------------------------------
2024-12-07 05:55:46 - Detailed Light Sensor Data Request
Raw Input: Array
(
    [lux] => -1
)

Light Value: -1
-----------------------------------
2024-12-07 05:55:48 - Detailed Light Sensor Data Request
Raw Input: Array
(
    [lux] => -1
)

Light Value: -1
-----------------------------------
2024-12-07 05:55:50 - Detailed Light Sensor Data Request
Raw Input: Array
(
    [lux] => -1
)

Light Value: -1
-----------------------------------
2024-12-07 05:55:52 - Detailed Light Sensor Data Request
Raw Input: Array
(
    [lux] => -1
)

Light Value: -1
-----------------------------------
2024-12-07 05:55:54 - Detailed Light Sensor Data Request
Raw Input: Array
(
    [lux] => 50.83333
)

Light Value: 50.83333
-----------------------------------
2024-12-07 05:55:56 - Detailed Light Sensor Data Request
Raw Input: Array
(
    [lux] => 64.16666
)

Light Value: 64.16666
-----------------------------------
2024-12-07 05:55:58 - Detailed Light Sensor Data Request
Raw Input: Array
(
    [lux] => 139.1667
)

Light Value: 139.1667
-----------------------------------
2024-12-07 05:56:00 - Detailed Light Sensor Data Request
Raw Input: Array
(
    [lux] => 100.8333
)

Light Value: 100.8333
-----------------------------------
2024-12-07 05:56:02 - Detailed Light Sensor Data Request
Raw Input: Array
(
    [lux] => 56.66666
)

Light Value: 56.66666
-----------------------------------
2024-12-07 05:56:04 - Detailed Light Sensor Data Request
Raw Input: Array
(
    [lux] => 82.5
)

Light Value: 82.5
-----------------------------------
2024-12-07 05:56:06 - Detailed Light Sensor Data Request
Raw Input: Array
(
    [lux] => 97.49999
)

Light Value: 97.49999
-----------------------------------
2024-12-07 05:56:08 - Detailed Light Sensor Data Request
Raw Input: Array
(
    [lux] => 90
)

Light Value: 90
-----------------------------------
2024-12-07 05:56:10 - Detailed Light Sensor Data Request
Raw Input: Array
(
    [lux] => 80.83333
)

Light Value: 80.83333
-----------------------------------
2024-12-07 05:56:12 - Detailed Light Sensor Data Request
Raw Input: Array
(
    [lux] => 145
)

Light Value: 145
-----------------------------------
2024-12-07 05:56:14 - Detailed Light Sensor Data Request
Raw Input: Array
(
    [lux] => 120.8333
)

Light Value: 120.8333
-----------------------------------
2024-12-07 05:56:16 - Detailed Light Sensor Data Request
Raw Input: Array
(
    [lux] => 111.6667
)

Light Value: 111.6667
-----------------------------------
2024-12-07 05:56:18 - Detailed Light Sensor Data Request
Raw Input: Array
(
    [lux] => 110
)

Light Value: 110
-----------------------------------
2024-12-07 05:56:20 - Detailed Light Sensor Data Request
Raw Input: Array
(
    [lux] => 108.3333
)

Light Value: 108.3333
-----------------------------------
2024-12-07 05:56:22 - Detailed Light Sensor Data Request
Raw Input: Array
(
    [lux] => 106.6667
)

Light Value: 106.6667
-----------------------------------
2024-12-07 05:56:24 - Detailed Light Sensor Data Request
Raw Input: Array
(
    [lux] => 107.5
)

Light Value: 107.5
-----------------------------------
2024-12-07 05:56:26 - Detailed Light Sensor Data Request
Raw Input: Array
(
    [lux] => 104.1667
)

Light Value: 104.1667
-----------------------------------
2024-12-07 05:56:28 - Detailed Light Sensor Data Request
Raw Input: Array
(
    [lux] => 103.3333
)

Light Value: 103.3333
-----------------------------------
2024-12-07 05:56:30 - Detailed Light Sensor Data Request
Raw Input: Array
(
    [lux] => 103.3333
)

Light Value: 103.3333
-----------------------------------
2024-12-07 05:56:32 - Detailed Light Sensor Data Request
Raw Input: Array
(
    [lux] => 102.5
)

Light Value: 102.5
-----------------------------------
2024-12-07 05:56:34 - Detailed Light Sensor Data Request
Raw Input: Array
(
    [lux] => 102.5
)

Light Value: 102.5
-----------------------------------
2024-12-07 05:56:36 - Detailed Light Sensor Data Request
Raw Input: Array
(
    [lux] => 101.6667
)

Light Value: 101.6667
-----------------------------------
2024-12-07 05:56:38 - Detailed Light Sensor Data Request
Raw Input: Array
(
    [lux] => 95
)

Light Value: 95
-----------------------------------
2024-12-07 05:56:40 - Detailed Light Sensor Data Request
Raw Input: Array
(
    [lux] => 75
)

Light Value: 75
-----------------------------------
2024-12-07 05:56:42 - Detailed Light Sensor Data Request
Raw Input: Array
(
    [lux] => 63.33333
)

Light Value: 63.33333
-----------------------------------
2024-12-07 05:56:44 - Detailed Light Sensor Data Request
Raw Input: Array
(
    [lux] => 53.33333
)

Light Value: 53.33333
-----------------------------------
2024-12-07 05:56:46 - Detailed Light Sensor Data Request
Raw Input: Array
(
    [lux] => 51.66666
)

Light Value: 51.66666
-----------------------------------
2024-12-07 05:56:48 - Detailed Light Sensor Data Request
Raw Input: Array
(
    [lux] => 51.66666
)

Light Value: 51.66666
-----------------------------------
2024-12-07 05:56:50 - Detailed Light Sensor Data Request
Raw Input: Array
(
    [lux] => 50.83333
)

Light Value: 50.83333
-----------------------------------
2024-12-07 05:56:52 - Detailed Light Sensor Data Request
Raw Input: Array
(
    [lux] => 50
)

Light Value: 50
-----------------------------------
2024-12-07 05:56:54 - Detailed Light Sensor Data Request
Raw Input: Array
(
    [lux] => 50.83333
)

Light Value: 50.83333
-----------------------------------
2024-12-07 05:56:56 - Detailed Light Sensor Data Request
Raw Input: Array
(
    [lux] => 50
)

Light Value: 50
-----------------------------------
2024-12-07 05:56:58 - Detailed Light Sensor Data Request
Raw Input: Array
(
    [lux] => 50
)

Light Value: 50
-----------------------------------
2024-12-07 05:57:00 - Detailed Light Sensor Data Request
Raw Input: Array
(
    [lux] => 50
)

Light Value: 50
-----------------------------------
2024-12-07 05:57:02 - Detailed Light Sensor Data Request
Raw Input: Array
(
    [lux] => 48.33333
)

Light Value: 48.33333
-----------------------------------
2024-12-07 05:57:04 - Detailed Light Sensor Data Request
Raw Input: Array
(
    [lux] => 48.33333
)

Light Value: 48.33333
-----------------------------------
2024-12-07 05:57:06 - Detailed Light Sensor Data Request
Raw Input: Array
(
    [lux] => 49.16666
)

Light Value: 49.16666
-----------------------------------
2024-12-07 05:57:08 - Detailed Light Sensor Data Request
Raw Input: Array
(
    [lux] => 49.16666
)

Light Value: 49.16666
-----------------------------------
2024-12-07 05:57:10 - Detailed Light Sensor Data Request
Raw Input: Array
(
    [lux] => 48.33333
)

Light Value: 48.33333
-----------------------------------
2024-12-07 05:57:12 - Detailed Light Sensor Data Request
Raw Input: Array
(
    [lux] => 48.33333
)

Light Value: 48.33333
-----------------------------------
2024-12-07 05:57:15 - Detailed Light Sensor Data Request
Raw Input: Array
(
    [lux] => 46.66666
)

Light Value: 46.66666
-----------------------------------
2024-12-07 05:57:16 - Detailed Light Sensor Data Request
Raw Input: Array
(
    [lux] => 47.5
)

Light Value: 47.5
-----------------------------------
2024-12-07 05:57:18 - Detailed Light Sensor Data Request
Raw Input: Array
(
    [lux] => 46.66666
)

Light Value: 46.66666
-----------------------------------
2024-12-07 05:57:20 - Detailed Light Sensor Data Request
Raw Input: Array
(
    [lux] => 48.33333
)

Light Value: 48.33333
-----------------------------------
2024-12-07 05:57:22 - Detailed Light Sensor Data Request
Raw Input: Array
(
    [lux] => 48.33333
)

Light Value: 48.33333
-----------------------------------
2024-12-07 05:57:24 - Detailed Light Sensor Data Request
Raw Input: Array
(
    [lux] => 48.33333
)

Light Value: 48.33333
-----------------------------------
2024-12-07 05:57:26 - Detailed Light Sensor Data Request
Raw Input: Array
(
    [lux] => 49.16666
)

Light Value: 49.16666
-----------------------------------
2024-12-07 05:57:28 - Detailed Light Sensor Data Request
Raw Input: Array
(
    [lux] => 48.33333
)

Light Value: 48.33333
-----------------------------------
2024-12-07 05:57:30 - Detailed Light Sensor Data Request
Raw Input: Array
(
    [lux] => 49.16666
)

Light Value: 49.16666
-----------------------------------
2024-12-07 05:57:32 - Detailed Light Sensor Data Request
Raw Input: Array
(
    [lux] => 48.33333
)

Light Value: 48.33333
-----------------------------------
2024-12-07 05:57:34 - Detailed Light Sensor Data Request
Raw Input: Array
(
    [lux] => 49.16666
)

Light Value: 49.16666
-----------------------------------
2024-12-07 05:57:36 - Detailed Light Sensor Data Request
Raw Input: Array
(
    [lux] => 48.33333
)

Light Value: 48.33333
-----------------------------------
2024-12-07 05:57:38 - Detailed Light Sensor Data Request
Raw Input: Array
(
    [lux] => 49.16666
)

Light Value: 49.16666
-----------------------------------
2024-12-07 05:57:40 - Detailed Light Sensor Data Request
Raw Input: Array
(
    [lux] => 48.33333
)

Light Value: 48.33333
-----------------------------------
2024-12-07 05:57:42 - Detailed Light Sensor Data Request
Raw Input: Array
(
    [lux] => 48.33333
)

Light Value: 48.33333
-----------------------------------
2024-12-07 05:57:44 - Detailed Light Sensor Data Request
Raw Input: Array
(
    [lux] => 48.33333
)

Light Value: 48.33333
-----------------------------------
2024-12-07 05:57:46 - Detailed Light Sensor Data Request
Raw Input: Array
(
    [lux] => 48.33333
)

Light Value: 48.33333
-----------------------------------
2024-12-07 05:57:48 - Detailed Light Sensor Data Request
Raw Input: Array
(
    [lux] => 48.33333
)

Light Value: 48.33333
-----------------------------------
2024-12-07 05:57:50 - Detailed Light Sensor Data Request
Raw Input: Array
(
    [lux] => 48.33333
)

Light Value: 48.33333
-----------------------------------
2024-12-07 05:57:52 - Detailed Light Sensor Data Request
Raw Input: Array
(
    [lux] => 48.33333
)

Light Value: 48.33333
-----------------------------------
2024-12-07 05:57:54 - Detailed Light Sensor Data Request
Raw Input: Array
(
    [lux] => 47.5
)

Light Value: 47.5
-----------------------------------
2024-12-07 05:57:56 - Detailed Light Sensor Data Request
Raw Input: Array
(
    [lux] => 48.33333
)

Light Value: 48.33333
-----------------------------------
2024-12-07 05:57:58 - Detailed Light Sensor Data Request
Raw Input: Array
(
    [lux] => 48.33333
)

Light Value: 48.33333
-----------------------------------
2024-12-07 05:58:00 - Detailed Light Sensor Data Request
Raw Input: Array
(
    [lux] => 48.33333
)

Light Value: 48.33333
-----------------------------------
2024-12-07 05:58:02 - Detailed Light Sensor Data Request
Raw Input: Array
(
    [lux] => 48.33333
)

Light Value: 48.33333
-----------------------------------
2024-12-07 05:58:04 - Detailed Light Sensor Data Request
Raw Input: Array
(
    [lux] => 48.33333
)

Light Value: 48.33333
-----------------------------------
2024-12-07 05:58:06 - Detailed Light Sensor Data Request
Raw Input: Array
(
    [lux] => 48.33333
)

Light Value: 48.33333
-----------------------------------
2024-12-07 05:58:08 - Detailed Light Sensor Data Request
Raw Input: Array
(
    [lux] => 47.5
)

Light Value: 47.5
-----------------------------------
2024-12-07 05:58:10 - Detailed Light Sensor Data Request
Raw Input: Array
(
    [lux] => 48.33333
)

Light Value: 48.33333
-----------------------------------
2024-12-07 05:58:12 - Detailed Light Sensor Data Request
Raw Input: Array
(
    [lux] => 47.5
)

Light Value: 47.5
-----------------------------------
2024-12-07 05:58:14 - Detailed Light Sensor Data Request
Raw Input: Array
(
    [lux] => 48.33333
)

Light Value: 48.33333
-----------------------------------
2024-12-07 05:58:16 - Detailed Light Sensor Data Request
Raw Input: Array
(
    [lux] => 47.5
)

Light Value: 47.5
-----------------------------------
2024-12-07 05:58:18 - Detailed Light Sensor Data Request
Raw Input: Array
(
    [lux] => 47.5
)

Light Value: 47.5
-----------------------------------
2024-12-07 05:58:20 - Detailed Light Sensor Data Request
Raw Input: Array
(
    [lux] => 48.33333
)

Light Value: 48.33333
-----------------------------------
2024-12-07 05:58:22 - Detailed Light Sensor Data Request
Raw Input: Array
(
    [lux] => 48.33333
)

Light Value: 48.33333
-----------------------------------
2024-12-07 05:58:24 - Detailed Light Sensor Data Request
Raw Input: Array
(
    [lux] => 48.33333
)

Light Value: 48.33333
-----------------------------------
2024-12-07 05:58:26 - Detailed Light Sensor Data Request
Raw Input: Array
(
    [lux] => 47.5
)

Light Value: 47.5
-----------------------------------
2024-12-07 05:58:28 - Detailed Light Sensor Data Request
Raw Input: Array
(
    [lux] => 48.33333
)

Light Value: 48.33333
-----------------------------------
2024-12-07 05:58:30 - Detailed Light Sensor Data Request
Raw Input: Array
(
    [lux] => 47.5
)

Light Value: 47.5
-----------------------------------
2024-12-07 05:58:32 - Detailed Light Sensor Data Request
Raw Input: Array
(
    [lux] => 47.5
)

Light Value: 47.5
-----------------------------------
2024-12-07 05:58:34 - Detailed Light Sensor Data Request
Raw Input: Array
(
    [lux] => 47.5
)

Light Value: 47.5
-----------------------------------
2024-12-07 05:58:36 - Detailed Light Sensor Data Request
Raw Input: Array
(
    [lux] => 47.5
)

Light Value: 47.5
-----------------------------------
2024-12-07 05:58:38 - Detailed Light Sensor Data Request
Raw Input: Array
(
    [lux] => 47.5
)

Light Value: 47.5
-----------------------------------
2024-12-07 05:58:40 - Detailed Light Sensor Data Request
Raw Input: Array
(
    [lux] => 47.5
)

Light Value: 47.5
-----------------------------------
2024-12-07 05:58:42 - Detailed Light Sensor Data Request
Raw Input: Array
(
    [lux] => 47.5
)

Light Value: 47.5
-----------------------------------
2024-12-07 05:58:44 - Detailed Light Sensor Data Request
Raw Input: Array
(
    [lux] => 47.5
)

Light Value: 47.5
-----------------------------------
2024-12-07 05:58:46 - Detailed Light Sensor Data Request
Raw Input: Array
(
    [lux] => 47.5
)

Light Value: 47.5
-----------------------------------
2024-12-07 05:58:48 - Detailed Light Sensor Data Request
Raw Input: Array
(
    [lux] => 47.5
)

Light Value: 47.5
-----------------------------------
2024-12-07 05:58:50 - Detailed Light Sensor Data Request
Raw Input: Array
(
    [lux] => 47.5
)

Light Value: 47.5
-----------------------------------
2024-12-07 05:58:52 - Detailed Light Sensor Data Request
Raw Input: Array
(
    [lux] => 47.5
)

Light Value: 47.5
-----------------------------------
2024-12-07 05:58:54 - Detailed Light Sensor Data Request
Raw Input: Array
(
    [lux] => 47.5
)

Light Value: 47.5
-----------------------------------
2024-12-07 05:58:56 - Detailed Light Sensor Data Request
Raw Input: Array
(
    [lux] => 47.5
)

Light Value: 47.5
-----------------------------------
2024-12-07 05:58:58 - Detailed Light Sensor Data Request
Raw Input: Array
(
    [lux] => 47.5
)

Light Value: 47.5
-----------------------------------
2024-12-07 05:59:00 - Detailed Light Sensor Data Request
Raw Input: Array
(
    [lux] => 47.5
)

Light Value: 47.5
-----------------------------------
2024-12-07 05:59:02 - Detailed Light Sensor Data Request
Raw Input: Array
(
    [lux] => 47.5
)

Light Value: 47.5
-----------------------------------
2024-12-07 05:59:04 - Detailed Light Sensor Data Request
Raw Input: Array
(
    [lux] => 47.5
)

Light Value: 47.5
-----------------------------------
2024-12-07 05:59:06 - Detailed Light Sensor Data Request
Raw Input: Array
(
    [lux] => 47.5
)

Light Value: 47.5
-----------------------------------
2024-12-07 05:59:08 - Detailed Light Sensor Data Request
Raw Input: Array
(
    [lux] => 47.5
)

Light Value: 47.5
-----------------------------------
2024-12-07 05:59:10 - Detailed Light Sensor Data Request
Raw Input: Array
(
    [lux] => 47.5
)

Light Value: 47.5
-----------------------------------
2024-12-07 05:59:12 - Detailed Light Sensor Data Request
Raw Input: Array
(
    [lux] => 47.5
)

Light Value: 47.5
-----------------------------------
2024-12-07 05:59:14 - Detailed Light Sensor Data Request
Raw Input: Array
(
    [lux] => 47.5
)

Light Value: 47.5
-----------------------------------
2024-12-07 05:59:16 - Detailed Light Sensor Data Request
Raw Input: Array
(
    [lux] => 47.5
)

Light Value: 47.5
-----------------------------------
2024-12-07 05:59:18 - Detailed Light Sensor Data Request
Raw Input: Array
(
    [lux] => 47.5
)

Light Value: 47.5
-----------------------------------
2024-12-07 05:59:20 - Detailed Light Sensor Data Request
Raw Input: Array
(
    [lux] => 47.5
)

Light Value: 47.5
-----------------------------------
2024-12-07 05:59:22 - Detailed Light Sensor Data Request
Raw Input: Array
(
    [lux] => 47.5
)

Light Value: 47.5
-----------------------------------
2024-12-07 05:59:24 - Detailed Light Sensor Data Request
Raw Input: Array
(
    [lux] => 47.5
)

Light Value: 47.5
-----------------------------------
2024-12-07 05:59:26 - Detailed Light Sensor Data Request
Raw Input: Array
(
    [lux] => 47.5
)

Light Value: 47.5
-----------------------------------
2024-12-07 05:59:28 - Detailed Light Sensor Data Request
Raw Input: Array
(
    [lux] => 47.5
)

Light Value: 47.5
-----------------------------------
2024-12-07 05:59:30 - Detailed Light Sensor Data Request
Raw Input: Array
(
    [lux] => 47.5
)

Light Value: 47.5
-----------------------------------
2024-12-07 05:59:32 - Detailed Light Sensor Data Request
Raw Input: Array
(
    [lux] => 47.5
)

Light Value: 47.5
-----------------------------------
2024-12-07 05:59:34 - Detailed Light Sensor Data Request
Raw Input: Array
(
    [lux] => 47.5
)

Light Value: 47.5
-----------------------------------
2024-12-07 05:59:36 - Detailed Light Sensor Data Request
Raw Input: Array
(
    [lux] => 47.5
)

Light Value: 47.5
-----------------------------------
2024-12-07 05:59:38 - Detailed Light Sensor Data Request
Raw Input: Array
(
    [lux] => 47.5
)

Light Value: 47.5
-----------------------------------
2024-12-07 05:59:40 - Detailed Light Sensor Data Request
Raw Input: Array
(
    [lux] => 47.5
)

Light Value: 47.5
-----------------------------------
2024-12-07 05:59:42 - Detailed Light Sensor Data Request
Raw Input: Array
(
    [lux] => 47.5
)

Light Value: 47.5
-----------------------------------
2024-12-07 05:59:44 - Detailed Light Sensor Data Request
Raw Input: Array
(
    [lux] => 47.5
)

Light Value: 47.5
-----------------------------------
2024-12-07 05:59:46 - Detailed Light Sensor Data Request
Raw Input: Array
(
    [lux] => 45
)

Light Value: 45
-----------------------------------
2024-12-07 05:59:48 - Detailed Light Sensor Data Request
Raw Input: Array
(
    [lux] => 42.5
)

Light Value: 42.5
-----------------------------------
2024-12-07 05:59:50 - Detailed Light Sensor Data Request
Raw Input: Array
(
    [lux] => 46.66666
)

Light Value: 46.66666
-----------------------------------
2024-12-07 05:59:52 - Detailed Light Sensor Data Request
Raw Input: Array
(
    [lux] => 46.66666
)

Light Value: 46.66666
-----------------------------------
2024-12-07 05:59:54 - Detailed Light Sensor Data Request
Raw Input: Array
(
    [lux] => 45.83333
)

Light Value: 45.83333
-----------------------------------
2024-12-07 05:59:56 - Detailed Light Sensor Data Request
Raw Input: Array
(
    [lux] => 45.83333
)

Light Value: 45.83333
-----------------------------------
2024-12-07 05:59:58 - Detailed Light Sensor Data Request
Raw Input: Array
(
    [lux] => 46.66666
)

Light Value: 46.66666
-----------------------------------
2024-12-07 06:00:00 - Detailed Light Sensor Data Request
Raw Input: Array
(
    [lux] => 46.66666
)

Light Value: 46.66666
-----------------------------------
2024-12-07 06:00:02 - Detailed Light Sensor Data Request
Raw Input: Array
(
    [lux] => 46.66666
)

Light Value: 46.66666
-----------------------------------
2024-12-07 06:00:04 - Detailed Light Sensor Data Request
Raw Input: Array
(
    [lux] => 46.66666
)

Light Value: 46.66666
-----------------------------------
2024-12-07 06:00:06 - Detailed Light Sensor Data Request
Raw Input: Array
(
    [lux] => 47.5
)

Light Value: 47.5
-----------------------------------
2024-12-07 06:00:08 - Detailed Light Sensor Data Request
Raw Input: Array
(
    [lux] => 46.66666
)

Light Value: 46.66666
-----------------------------------
2024-12-07 06:00:10 - Detailed Light Sensor Data Request
Raw Input: Array
(
    [lux] => 46.66666
)

Light Value: 46.66666
-----------------------------------
2024-12-07 06:00:12 - Detailed Light Sensor Data Request
Raw Input: Array
(
    [lux] => 46.66666
)

Light Value: 46.66666
-----------------------------------
2024-12-07 06:00:14 - Detailed Light Sensor Data Request
Raw Input: Array
(
    [lux] => 46.66666
)

Light Value: 46.66666
-----------------------------------
2024-12-07 06:00:16 - Detailed Light Sensor Data Request
Raw Input: Array
(
    [lux] => 43.33333
)

Light Value: 43.33333
-----------------------------------
2024-12-07 06:00:18 - Detailed Light Sensor Data Request
Raw Input: Array
(
    [lux] => 35
)

Light Value: 35
-----------------------------------
2024-12-07 06:00:20 - Detailed Light Sensor Data Request
Raw Input: Array
(
    [lux] => 35
)

Light Value: 35
-----------------------------------
2024-12-07 06:00:22 - Detailed Light Sensor Data Request
Raw Input: Array
(
    [lux] => 36.66666
)

Light Value: 36.66666
-----------------------------------
2024-12-07 06:00:24 - Detailed Light Sensor Data Request
Raw Input: Array
(
    [lux] => 35
)

Light Value: 35
-----------------------------------
2024-12-07 06:00:26 - Detailed Light Sensor Data Request
Raw Input: Array
(
    [lux] => 33.33333
)

Light Value: 33.33333
-----------------------------------
2024-12-07 06:00:28 - Detailed Light Sensor Data Request
Raw Input: Array
(
    [lux] => 33.33333
)

Light Value: 33.33333
-----------------------------------
2024-12-07 06:00:30 - Detailed Light Sensor Data Request
Raw Input: Array
(
    [lux] => 29.16667
)

Light Value: 29.16667
-----------------------------------
2024-12-07 06:00:32 - Detailed Light Sensor Data Request
Raw Input: Array
(
    [lux] => 27.5
)

Light Value: 27.5
-----------------------------------
2024-12-07 06:00:34 - Detailed Light Sensor Data Request
Raw Input: Array
(
    [lux] => 33.33333
)

Light Value: 33.33333
-----------------------------------
2024-12-07 06:00:36 - Detailed Light Sensor Data Request
Raw Input: Array
(
    [lux] => 33.33333
)

Light Value: 33.33333
-----------------------------------
2024-12-07 06:00:38 - Detailed Light Sensor Data Request
Raw Input: Array
(
    [lux] => 34.16666
)

Light Value: 34.16666
-----------------------------------
2024-12-07 06:00:40 - Detailed Light Sensor Data Request
Raw Input: Array
(
    [lux] => 35
)

Light Value: 35
-----------------------------------
2024-12-07 06:00:42 - Detailed Light Sensor Data Request
Raw Input: Array
(
    [lux] => 35
)

Light Value: 35
-----------------------------------
2024-12-07 06:00:44 - Detailed Light Sensor Data Request
Raw Input: Array
(
    [lux] => 34.16666
)

Light Value: 34.16666
-----------------------------------
2024-12-07 06:00:46 - Detailed Light Sensor Data Request
Raw Input: Array
(
    [lux] => 34.16666
)

Light Value: 34.16666
-----------------------------------
2024-12-07 06:00:48 - Detailed Light Sensor Data Request
Raw Input: Array
(
    [lux] => 33.33333
)

Light Value: 33.33333
-----------------------------------
2024-12-07 06:00:50 - Detailed Light Sensor Data Request
Raw Input: Array
(
    [lux] => 35
)

Light Value: 35
-----------------------------------
2024-12-07 06:00:52 - Detailed Light Sensor Data Request
Raw Input: Array
(
    [lux] => 33.33333
)

Light Value: 33.33333
-----------------------------------
2024-12-07 06:00:54 - Detailed Light Sensor Data Request
Raw Input: Array
(
    [lux] => 31.66667
)

Light Value: 31.66667
-----------------------------------
2024-12-07 06:00:56 - Detailed Light Sensor Data Request
Raw Input: Array
(
    [lux] => 31.66667
)

Light Value: 31.66667
-----------------------------------
2024-12-07 06:00:58 - Detailed Light Sensor Data Request
Raw Input: Array
(
    [lux] => 50.83333
)

Light Value: 50.83333
-----------------------------------
2024-12-07 06:01:00 - Detailed Light Sensor Data Request
Raw Input: Array
(
    [lux] => 32.5
)

Light Value: 32.5
-----------------------------------
2024-12-07 06:01:02 - Detailed Light Sensor Data Request
Raw Input: Array
(
    [lux] => 31.66667
)

Light Value: 31.66667
-----------------------------------
2024-12-07 06:01:04 - Detailed Light Sensor Data Request
Raw Input: Array
(
    [lux] => 31.66667
)

Light Value: 31.66667
-----------------------------------
2024-12-07 06:01:06 - Detailed Light Sensor Data Request
Raw Input: Array
(
    [lux] => 32.5
)

Light Value: 32.5
-----------------------------------
2024-12-07 06:01:08 - Detailed Light Sensor Data Request
Raw Input: Array
(
    [lux] => 31.66667
)

Light Value: 31.66667
-----------------------------------
2024-12-07 06:01:10 - Detailed Light Sensor Data Request
Raw Input: Array
(
    [lux] => 31.66667
)

Light Value: 31.66667
-----------------------------------
2024-12-07 06:01:12 - Detailed Light Sensor Data Request
Raw Input: Array
(
    [lux] => 30
)

Light Value: 30
-----------------------------------
2024-12-07 06:01:14 - Detailed Light Sensor Data Request
Raw Input: Array
(
    [lux] => 30
)

Light Value: 30
-----------------------------------
2024-12-07 06:01:16 - Detailed Light Sensor Data Request
Raw Input: Array
(
    [lux] => 30.83333
)

Light Value: 30.83333
-----------------------------------
2024-12-07 06:01:18 - Detailed Light Sensor Data Request
Raw Input: Array
(
    [lux] => 30.83333
)

Light Value: 30.83333
-----------------------------------
2024-12-07 06:01:20 - Detailed Light Sensor Data Request
Raw Input: Array
(
    [lux] => 32.5
)

Light Value: 32.5
-----------------------------------
2024-12-07 06:01:22 - Detailed Light Sensor Data Request
Raw Input: Array
(
    [lux] => 32.5
)

Light Value: 32.5
-----------------------------------
2024-12-07 06:01:24 - Detailed Light Sensor Data Request
Raw Input: Array
(
    [lux] => 31.66667
)

Light Value: 31.66667
-----------------------------------
2024-12-07 06:01:26 - Detailed Light Sensor Data Request
Raw Input: Array
(
    [lux] => 31.66667
)

Light Value: 31.66667
-----------------------------------
2024-12-07 06:01:28 - Detailed Light Sensor Data Request
Raw Input: Array
(
    [lux] => 30
)

Light Value: 30
-----------------------------------
2024-12-07 06:01:30 - Detailed Light Sensor Data Request
Raw Input: Array
(
    [lux] => 27.5
)

Light Value: 27.5
-----------------------------------
2024-12-07 06:01:33 - Detailed Light Sensor Data Request
Raw Input: Array
(
    [lux] => 32.5
)

Light Value: 32.5
-----------------------------------
2024-12-07 06:01:34 - Detailed Light Sensor Data Request
Raw Input: Array
(
    [lux] => 32.5
)

Light Value: 32.5
-----------------------------------
2024-12-07 06:01:36 - Detailed Light Sensor Data Request
Raw Input: Array
(
    [lux] => 34.16666
)

Light Value: 34.16666
-----------------------------------
2024-12-07 06:01:39 - Detailed Light Sensor Data Request
Raw Input: Array
(
    [lux] => 33.33333
)

Light Value: 33.33333
-----------------------------------
2024-12-07 06:01:40 - Detailed Light Sensor Data Request
Raw Input: Array
(
    [lux] => 34.16666
)

Light Value: 34.16666
-----------------------------------
2024-12-07 06:01:42 - Detailed Light Sensor Data Request
Raw Input: Array
(
    [lux] => 34.16666
)

Light Value: 34.16666
-----------------------------------
2024-12-07 06:01:44 - Detailed Light Sensor Data Request
Raw Input: Array
(
    [lux] => 34.16666
)

Light Value: 34.16666
-----------------------------------
2024-12-07 06:01:46 - Detailed Light Sensor Data Request
Raw Input: Array
(
    [lux] => 34.16666
)

Light Value: 34.16666
-----------------------------------
2024-12-07 06:01:48 - Detailed Light Sensor Data Request
Raw Input: Array
(
    [lux] => 34.16666
)

Light Value: 34.16666
-----------------------------------
2024-12-07 06:01:50 - Detailed Light Sensor Data Request
Raw Input: Array
(
    [lux] => 34.16666
)

Light Value: 34.16666
-----------------------------------
2024-12-07 06:01:52 - Detailed Light Sensor Data Request
Raw Input: Array
(
    [lux] => 30.83333
)

Light Value: 30.83333
-----------------------------------
2024-12-07 06:01:54 - Detailed Light Sensor Data Request
Raw Input: Array
(
    [lux] => 30.83333
)

Light Value: 30.83333
-----------------------------------
2024-12-07 06:01:57 - Detailed Light Sensor Data Request
Raw Input: Array
(
    [lux] => 30.83333
)

Light Value: 30.83333
-----------------------------------
2024-12-07 06:02:00 - Detailed Light Sensor Data Request
Raw Input: Array
(
    [lux] => 30.83333
)

Light Value: 30.83333
-----------------------------------
2024-12-07 06:02:02 - Detailed Light Sensor Data Request
Raw Input: Array
(
    [lux] => 30.83333
)

Light Value: 30.83333
-----------------------------------
2024-12-07 06:02:04 - Detailed Light Sensor Data Request
Raw Input: Array
(
    [lux] => 30
)

Light Value: 30
-----------------------------------
2024-12-07 06:02:05 - Detailed Light Sensor Data Request
Raw Input: Array
(
    [lux] => 30.83333
)

Light Value: 30.83333
-----------------------------------
2024-12-07 06:02:07 - Detailed Light Sensor Data Request
Raw Input: Array
(
    [lux] => 30.83333
)

Light Value: 30.83333
-----------------------------------
2024-12-07 06:02:10 - Detailed Light Sensor Data Request
Raw Input: Array
(
    [lux] => 30.83333
)

Light Value: 30.83333
-----------------------------------
2024-12-07 06:02:12 - Detailed Light Sensor Data Request
Raw Input: Array
(
    [lux] => 30.83333
)

Light Value: 30.83333
-----------------------------------
2024-12-07 06:02:14 - Detailed Light Sensor Data Request
Raw Input: Array
(
    [lux] => 30.83333
)

Light Value: 30.83333
-----------------------------------
2024-12-07 06:02:16 - Detailed Light Sensor Data Request
Raw Input: Array
(
    [lux] => 31.66667
)

Light Value: 31.66667
-----------------------------------
2024-12-07 06:02:18 - Detailed Light Sensor Data Request
Raw Input: Array
(
    [lux] => 31.66667
)

Light Value: 31.66667
-----------------------------------
2024-12-07 06:02:20 - Detailed Light Sensor Data Request
Raw Input: Array
(
    [lux] => 30.83333
)

Light Value: 30.83333
-----------------------------------
2024-12-07 06:02:22 - Detailed Light Sensor Data Request
Raw Input: Array
(
    [lux] => 31.66667
)

Light Value: 31.66667
-----------------------------------
2024-12-07 06:02:24 - Detailed Light Sensor Data Request
Raw Input: Array
(
    [lux] => 30.83333
)

Light Value: 30.83333
-----------------------------------
2024-12-07 06:02:26 - Detailed Light Sensor Data Request
Raw Input: Array
(
    [lux] => 31.66667
)

Light Value: 31.66667
-----------------------------------
2024-12-07 06:02:32 - Detailed Light Sensor Data Request
Raw Input: Array
(
    [lux] => 34.16666
)

Light Value: 34.16666
-----------------------------------
2024-12-07 06:02:33 - Detailed Light Sensor Data Request
Raw Input: Array
(
    [lux] => 33.33333
)

Light Value: 33.33333
-----------------------------------
2024-12-07 06:02:35 - Detailed Light Sensor Data Request
Raw Input: Array
(
    [lux] => 34.16666
)

Light Value: 34.16666
-----------------------------------
2024-12-07 06:02:37 - Detailed Light Sensor Data Request
Raw Input: Array
(
    [lux] => 34.16666
)

Light Value: 34.16666
-----------------------------------
2024-12-07 06:02:39 - Detailed Light Sensor Data Request
Raw Input: Array
(
    [lux] => 34.16666
)

Light Value: 34.16666
-----------------------------------
2024-12-07 06:02:41 - Detailed Light Sensor Data Request
Raw Input: Array
(
    [lux] => 34.16666
)

Light Value: 34.16666
-----------------------------------
2024-12-07 06:02:43 - Detailed Light Sensor Data Request
Raw Input: Array
(
    [lux] => 32.5
)

Light Value: 32.5
-----------------------------------
2024-12-07 06:02:45 - Detailed Light Sensor Data Request
Raw Input: Array
(
    [lux] => 32.5
)

Light Value: 32.5
-----------------------------------
2024-12-07 06:02:49 - Detailed Light Sensor Data Request
Raw Input: Array
(
    [lux] => 32.5
)

Light Value: 32.5
-----------------------------------
2024-12-07 06:02:51 - Detailed Light Sensor Data Request
Raw Input: Array
(
    [lux] => 33.33333
)

Light Value: 33.33333
-----------------------------------
2024-12-07 06:02:58 - Detailed Light Sensor Data Request
Raw Input: Array
(
    [lux] => 32.5
)

Light Value: 32.5
-----------------------------------
2024-12-07 06:03:00 - Detailed Light Sensor Data Request
Raw Input: Array
(
    [lux] => 30.83333
)

Light Value: 30.83333
-----------------------------------
2024-12-07 06:03:02 - Detailed Light Sensor Data Request
Raw Input: Array
(
    [lux] => 30.83333
)

Light Value: 30.83333
-----------------------------------
2024-12-07 06:03:04 - Detailed Light Sensor Data Request
Raw Input: Array
(
    [lux] => 31.66667
)

Light Value: 31.66667
-----------------------------------
2024-12-07 06:03:06 - Detailed Light Sensor Data Request
Raw Input: Array
(
    [lux] => 31.66667
)

Light Value: 31.66667
-----------------------------------
2024-12-07 06:03:08 - Detailed Light Sensor Data Request
Raw Input: Array
(
    [lux] => 30.83333
)

Light Value: 30.83333
-----------------------------------
2024-12-07 06:03:10 - Detailed Light Sensor Data Request
Raw Input: Array
(
    [lux] => 95.83333
)

Light Value: 95.83333
-----------------------------------
2024-12-07 06:03:13 - Detailed Light Sensor Data Request
Raw Input: Array
(
    [lux] => 121.6667
)

Light Value: 121.6667
-----------------------------------
2024-12-07 06:03:14 - Detailed Light Sensor Data Request
Raw Input: Array
(
    [lux] => 59.16666
)

Light Value: 59.16666
-----------------------------------
2024-12-07 06:03:17 - Detailed Light Sensor Data Request
Raw Input: Array
(
    [lux] => 40.83333
)

Light Value: 40.83333
-----------------------------------
2024-12-07 06:03:18 - Detailed Light Sensor Data Request
Raw Input: Array
(
    [lux] => 345
)

Light Value: 345
-----------------------------------
2024-12-07 06:03:20 - Detailed Light Sensor Data Request
Raw Input: Array
(
    [lux] => 45.83333
)

Light Value: 45.83333
-----------------------------------
2024-12-07 06:03:22 - Detailed Light Sensor Data Request
Raw Input: Array
(
    [lux] => 42.5
)

Light Value: 42.5
-----------------------------------
2024-12-07 06:03:24 - Detailed Light Sensor Data Request
Raw Input: Array
(
    [lux] => 20
)

Light Value: 20
-----------------------------------
2024-12-07 06:03:27 - Detailed Light Sensor Data Request
Raw Input: Array
(
    [lux] => 35.83333
)

Light Value: 35.83333
-----------------------------------
2024-12-07 06:03:28 - Detailed Light Sensor Data Request
Raw Input: Array
(
    [lux] => 28.33333
)

Light Value: 28.33333
-----------------------------------
2024-12-07 06:03:31 - Detailed Light Sensor Data Request
Raw Input: Array
(
    [lux] => 23.33333
)

Light Value: 23.33333
-----------------------------------
2024-12-07 06:03:32 - Detailed Light Sensor Data Request
Raw Input: Array
(
    [lux] => 23.33333
)

Light Value: 23.33333
-----------------------------------
2024-12-07 06:03:35 - Detailed Light Sensor Data Request
Raw Input: Array
(
    [lux] => 24.16667
)

Light Value: 24.16667
-----------------------------------
2024-12-07 06:03:36 - Detailed Light Sensor Data Request
Raw Input: Array
(
    [lux] => 25.83333
)

Light Value: 25.83333
-----------------------------------
2024-12-07 06:03:38 - Detailed Light Sensor Data Request
Raw Input: Array
(
    [lux] => 10.83333
)

Light Value: 10.83333
-----------------------------------
2024-12-07 06:03:40 - Detailed Light Sensor Data Request
Raw Input: Array
(
    [lux] => 5.833333
)

Light Value: 5.833333
-----------------------------------
2024-12-07 06:03:42 - Detailed Light Sensor Data Request
Raw Input: Array
(
    [lux] => 5.833333
)

Light Value: 5.833333
-----------------------------------
2024-12-07 06:03:44 - Detailed Light Sensor Data Request
Raw Input: Array
(
    [lux] => 6.666667
)

Light Value: 6.666667
-----------------------------------
2024-12-07 06:03:47 - Detailed Light Sensor Data Request
Raw Input: Array
(
    [lux] => 6.666667
)

Light Value: 6.666667
-----------------------------------
2024-12-07 06:03:48 - Detailed Light Sensor Data Request
Raw Input: Array
(
    [lux] => 6.666667
)

Light Value: 6.666667
-----------------------------------
2024-12-07 06:03:51 - Detailed Light Sensor Data Request
Raw Input: Array
(
    [lux] => 6.666667
)

Light Value: 6.666667
-----------------------------------
2024-12-07 06:03:52 - Detailed Light Sensor Data Request
Raw Input: Array
(
    [lux] => 6.666667
)

Light Value: 6.666667
-----------------------------------
2024-12-07 06:03:54 - Detailed Light Sensor Data Request
Raw Input: Array
(
    [lux] => 6.666667
)

Light Value: 6.666667
-----------------------------------
2024-12-07 06:03:56 - Detailed Light Sensor Data Request
Raw Input: Array
(
    [lux] => 6.666667
)

Light Value: 6.666667
-----------------------------------
2024-12-07 06:03:59 - Detailed Light Sensor Data Request
Raw Input: Array
(
    [lux] => 6.666667
)

Light Value: 6.666667
-----------------------------------
2024-12-07 06:04:01 - Detailed Light Sensor Data Request
Raw Input: Array
(
    [lux] => 6.666667
)

Light Value: 6.666667
-----------------------------------
2024-12-07 06:04:03 - Detailed Light Sensor Data Request
Raw Input: Array
(
    [lux] => 6.666667
)

Light Value: 6.666667
-----------------------------------
2024-12-07 06:04:04 - Detailed Light Sensor Data Request
Raw Input: Array
(
    [lux] => 6.666667
)

Light Value: 6.666667
-----------------------------------
2024-12-07 06:04:07 - Detailed Light Sensor Data Request
Raw Input: Array
(
    [lux] => 6.666667
)

Light Value: 6.666667
-----------------------------------
2024-12-07 06:04:08 - Detailed Light Sensor Data Request
Raw Input: Array
(
    [lux] => 6.666667
)

Light Value: 6.666667
-----------------------------------
2024-12-07 06:04:11 - Detailed Light Sensor Data Request
Raw Input: Array
(
    [lux] => 6.666667
)

Light Value: 6.666667
-----------------------------------
2024-12-07 06:04:12 - Detailed Light Sensor Data Request
Raw Input: Array
(
    [lux] => 6.666667
)

Light Value: 6.666667
-----------------------------------
2024-12-07 06:04:14 - Detailed Light Sensor Data Request
Raw Input: Array
(
    [lux] => 6.666667
)

Light Value: 6.666667
-----------------------------------
2024-12-07 06:04:16 - Detailed Light Sensor Data Request
Raw Input: Array
(
    [lux] => 6.666667
)

Light Value: 6.666667
-----------------------------------
2024-12-07 06:04:18 - Detailed Light Sensor Data Request
Raw Input: Array
(
    [lux] => 6.666667
)

Light Value: 6.666667
-----------------------------------
2024-12-07 06:04:20 - Detailed Light Sensor Data Request
Raw Input: Array
(
    [lux] => 6.666667
)

Light Value: 6.666667
-----------------------------------
2024-12-07 06:04:22 - Detailed Light Sensor Data Request
Raw Input: Array
(
    [lux] => 6.666667
)

Light Value: 6.666667
-----------------------------------
2024-12-07 06:04:24 - Detailed Light Sensor Data Request
Raw Input: Array
(
    [lux] => 6.666667
)

Light Value: 6.666667
-----------------------------------
2024-12-07 06:04:26 - Detailed Light Sensor Data Request
Raw Input: Array
(
    [lux] => 6.666667
)

Light Value: 6.666667
-----------------------------------
2024-12-07 06:04:28 - Detailed Light Sensor Data Request
Raw Input: Array
(
    [lux] => 6.666667
)

Light Value: 6.666667
-----------------------------------
2024-12-07 06:04:30 - Detailed Light Sensor Data Request
Raw Input: Array
(
    [lux] => 6.666667
)

Light Value: 6.666667
-----------------------------------
2024-12-07 06:04:33 - Detailed Light Sensor Data Request
Raw Input: Array
(
    [lux] => 6.666667
)

Light Value: 6.666667
-----------------------------------
2024-12-07 06:04:34 - Detailed Light Sensor Data Request
Raw Input: Array
(
    [lux] => 6.666667
)

Light Value: 6.666667
-----------------------------------
2024-12-07 06:04:37 - Detailed Light Sensor Data Request
Raw Input: Array
(
    [lux] => 6.666667
)

Light Value: 6.666667
-----------------------------------
2024-12-07 06:04:39 - Detailed Light Sensor Data Request
Raw Input: Array
(
    [lux] => 6.666667
)

Light Value: 6.666667
-----------------------------------
2024-12-07 06:04:41 - Detailed Light Sensor Data Request
Raw Input: Array
(
    [lux] => 6.666667
)

Light Value: 6.666667
-----------------------------------
2024-12-07 06:04:42 - Detailed Light Sensor Data Request
Raw Input: Array
(
    [lux] => 6.666667
)

Light Value: 6.666667
-----------------------------------
2024-12-07 06:04:44 - Detailed Light Sensor Data Request
Raw Input: Array
(
    [lux] => 6.666667
)

Light Value: 6.666667
-----------------------------------
2024-12-07 06:04:46 - Detailed Light Sensor Data Request
Raw Input: Array
(
    [lux] => 6.666667
)

Light Value: 6.666667
-----------------------------------
2024-12-07 06:04:49 - Detailed Light Sensor Data Request
Raw Input: Array
(
    [lux] => 6.666667
)

Light Value: 6.666667
-----------------------------------
2024-12-07 06:04:51 - Detailed Light Sensor Data Request
Raw Input: Array
(
    [lux] => 6.666667
)

Light Value: 6.666667
-----------------------------------
2024-12-07 06:04:52 - Detailed Light Sensor Data Request
Raw Input: Array
(
    [lux] => 6.666667
)

Light Value: 6.666667
-----------------------------------
2024-12-07 06:04:55 - Detailed Light Sensor Data Request
Raw Input: Array
(
    [lux] => 6.666667
)

Light Value: 6.666667
-----------------------------------
2024-12-07 06:04:57 - Detailed Light Sensor Data Request
Raw Input: Array
(
    [lux] => 6.666667
)

Light Value: 6.666667
-----------------------------------
2024-12-07 06:04:58 - Detailed Light Sensor Data Request
Raw Input: Array
(
    [lux] => 6.666667
)

Light Value: 6.666667
-----------------------------------
2024-12-07 06:05:01 - Detailed Light Sensor Data Request
Raw Input: Array
(
    [lux] => 6.666667
)

Light Value: 6.666667
-----------------------------------
2024-12-07 06:05:02 - Detailed Light Sensor Data Request
Raw Input: Array
(
    [lux] => 6.666667
)

Light Value: 6.666667
-----------------------------------
2024-12-07 06:05:05 - Detailed Light Sensor Data Request
Raw Input: Array
(
    [lux] => 6.666667
)

Light Value: 6.666667
-----------------------------------
2024-12-07 06:05:07 - Detailed Light Sensor Data Request
Raw Input: Array
(
    [lux] => 6.666667
)

Light Value: 6.666667
-----------------------------------
2024-12-07 06:05:08 - Detailed Light Sensor Data Request
Raw Input: Array
(
    [lux] => 6.666667
)

Light Value: 6.666667
-----------------------------------
2024-12-07 06:05:10 - Detailed Light Sensor Data Request
Raw Input: Array
(
    [lux] => 6.666667
)

Light Value: 6.666667
-----------------------------------
2024-12-07 06:05:13 - Detailed Light Sensor Data Request
Raw Input: Array
(
    [lux] => 6.666667
)

Light Value: 6.666667
-----------------------------------
2024-12-07 06:05:15 - Detailed Light Sensor Data Request
Raw Input: Array
(
    [lux] => 6.666667
)

Light Value: 6.666667
-----------------------------------
2024-12-07 06:05:16 - Detailed Light Sensor Data Request
Raw Input: Array
(
    [lux] => 6.666667
)

Light Value: 6.666667
-----------------------------------
2024-12-07 06:05:18 - Detailed Light Sensor Data Request
Raw Input: Array
(
    [lux] => 6.666667
)

Light Value: 6.666667
-----------------------------------
2024-12-07 06:05:20 - Detailed Light Sensor Data Request
Raw Input: Array
(
    [lux] => 6.666667
)

Light Value: 6.666667
-----------------------------------
2024-12-07 06:05:23 - Detailed Light Sensor Data Request
Raw Input: Array
(
    [lux] => 6.666667
)

Light Value: 6.666667
-----------------------------------
2024-12-07 06:05:25 - Detailed Light Sensor Data Request
Raw Input: Array
(
    [lux] => 6.666667
)

Light Value: 6.666667
-----------------------------------
2024-12-07 06:05:27 - Detailed Light Sensor Data Request
Raw Input: Array
(
    [lux] => 6.666667
)

Light Value: 6.666667
-----------------------------------
2024-12-07 06:05:29 - Detailed Light Sensor Data Request
Raw Input: Array
(
    [lux] => 6.666667
)

Light Value: 6.666667
-----------------------------------
2024-12-07 06:05:31 - Detailed Light Sensor Data Request
Raw Input: Array
(
    [lux] => 6.666667
)

Light Value: 6.666667
-----------------------------------
2024-12-07 06:05:33 - Detailed Light Sensor Data Request
Raw Input: Array
(
    [lux] => 6.666667
)

Light Value: 6.666667
-----------------------------------
2024-12-07 06:05:35 - Detailed Light Sensor Data Request
Raw Input: Array
(
    [lux] => 6.666667
)

Light Value: 6.666667
-----------------------------------
2024-12-07 06:05:37 - Detailed Light Sensor Data Request
Raw Input: Array
(
    [lux] => 6.666667
)

Light Value: 6.666667
-----------------------------------
2024-12-07 06:05:39 - Detailed Light Sensor Data Request
Raw Input: Array
(
    [lux] => 6.666667
)

Light Value: 6.666667
-----------------------------------
2024-12-07 06:05:41 - Detailed Light Sensor Data Request
Raw Input: Array
(
    [lux] => 6.666667
)

Light Value: 6.666667
-----------------------------------
2024-12-07 06:05:43 - Detailed Light Sensor Data Request
Raw Input: Array
(
    [lux] => 6.666667
)

Light Value: 6.666667
-----------------------------------
2024-12-07 06:05:45 - Detailed Light Sensor Data Request
Raw Input: Array
(
    [lux] => 6.666667
)

Light Value: 6.666667
-----------------------------------
2024-12-07 06:05:47 - Detailed Light Sensor Data Request
Raw Input: Array
(
    [lux] => 6.666667
)

Light Value: 6.666667
-----------------------------------
2024-12-07 06:05:49 - Detailed Light Sensor Data Request
Raw Input: Array
(
    [lux] => 6.666667
)

Light Value: 6.666667
-----------------------------------
2024-12-07 06:05:54 - Detailed Light Sensor Data Request
Raw Input: Array
(
    [lux] => 6.666667
)

Light Value: 6.666667
-----------------------------------
2024-12-07 06:05:56 - Detailed Light Sensor Data Request
Raw Input: Array
(
    [lux] => 6.666667
)

Light Value: 6.666667
-----------------------------------
2024-12-07 06:05:59 - Detailed Light Sensor Data Request
Raw Input: Array
(
    [lux] => 6.666667
)

Light Value: 6.666667
-----------------------------------
2024-12-07 06:06:00 - Detailed Light Sensor Data Request
Raw Input: Array
(
    [lux] => 6.666667
)

Light Value: 6.666667
-----------------------------------
2024-12-07 06:06:03 - Detailed Light Sensor Data Request
Raw Input: Array
(
    [lux] => 6.666667
)

Light Value: 6.666667
-----------------------------------
2024-12-07 06:06:06 - Detailed Light Sensor Data Request
Raw Input: Array
(
    [lux] => 6.666667
)

Light Value: 6.666667
-----------------------------------
2024-12-07 06:06:09 - Detailed Light Sensor Data Request
Raw Input: Array
(
    [lux] => 6.666667
)

Light Value: 6.666667
-----------------------------------
2024-12-07 06:06:12 - Detailed Light Sensor Data Request
Raw Input: Array
(
    [lux] => 6.666667
)

Light Value: 6.666667
-----------------------------------
2024-12-07 06:06:16 - Detailed Light Sensor Data Request
Raw Input: Array
(
    [lux] => 6.666667
)

Light Value: 6.666667
-----------------------------------
2024-12-07 06:06:18 - Detailed Light Sensor Data Request
Raw Input: Array
(
    [lux] => 6.666667
)

Light Value: 6.666667
-----------------------------------
2024-12-07 06:06:21 - Detailed Light Sensor Data Request
Raw Input: Array
(
    [lux] => 6.666667
)

Light Value: 6.666667
-----------------------------------
2024-12-07 06:06:23 - Detailed Light Sensor Data Request
Raw Input: Array
(
    [lux] => 6.666667
)

Light Value: 6.666667
-----------------------------------
2024-12-07 06:06:25 - Detailed Light Sensor Data Request
Raw Input: Array
(
    [lux] => 6.666667
)

Light Value: 6.666667
-----------------------------------
2024-12-07 06:06:27 - Detailed Light Sensor Data Request
Raw Input: Array
(
    [lux] => 6.666667
)

Light Value: 6.666667
-----------------------------------
2024-12-07 06:06:29 - Detailed Light Sensor Data Request
Raw Input: Array
(
    [lux] => 6.666667
)

Light Value: 6.666667
-----------------------------------
2024-12-07 06:06:32 - Detailed Light Sensor Data Request
Raw Input: Array
(
    [lux] => 6.666667
)

Light Value: 6.666667
-----------------------------------
2024-12-07 06:06:33 - Detailed Light Sensor Data Request
Raw Input: Array
(
    [lux] => 6.666667
)

Light Value: 6.666667
-----------------------------------
2024-12-07 06:06:35 - Detailed Light Sensor Data Request
Raw Input: Array
(
    [lux] => 6.666667
)

Light Value: 6.666667
-----------------------------------
2024-12-07 06:06:37 - Detailed Light Sensor Data Request
Raw Input: Array
(
    [lux] => 6.666667
)

Light Value: 6.666667
-----------------------------------
2024-12-07 06:06:39 - Detailed Light Sensor Data Request
Raw Input: Array
(
    [lux] => 6.666667
)

Light Value: 6.666667
-----------------------------------
2024-12-07 06:06:41 - Detailed Light Sensor Data Request
Raw Input: Array
(
    [lux] => 6.666667
)

Light Value: 6.666667
-----------------------------------
2024-12-07 06:06:43 - Detailed Light Sensor Data Request
Raw Input: Array
(
    [lux] => 6.666667
)

Light Value: 6.666667
-----------------------------------
2024-12-07 06:06:45 - Detailed Light Sensor Data Request
Raw Input: Array
(
    [lux] => 6.666667
)

Light Value: 6.666667
-----------------------------------
2024-12-07 06:06:47 - Detailed Light Sensor Data Request
Raw Input: Array
(
    [lux] => 6.666667
)

Light Value: 6.666667
-----------------------------------
2024-12-07 06:06:49 - Detailed Light Sensor Data Request
Raw Input: Array
(
    [lux] => 6.666667
)

Light Value: 6.666667
-----------------------------------
2024-12-07 06:06:51 - Detailed Light Sensor Data Request
Raw Input: Array
(
    [lux] => 6.666667
)

Light Value: 6.666667
-----------------------------------
2024-12-07 06:06:53 - Detailed Light Sensor Data Request
Raw Input: Array
(
    [lux] => 6.666667
)

Light Value: 6.666667
-----------------------------------
2024-12-07 06:06:55 - Detailed Light Sensor Data Request
Raw Input: Array
(
    [lux] => 6.666667
)

Light Value: 6.666667
-----------------------------------
2024-12-07 06:06:57 - Detailed Light Sensor Data Request
Raw Input: Array
(
    [lux] => 6.666667
)

Light Value: 6.666667
-----------------------------------
2024-12-07 06:06:59 - Detailed Light Sensor Data Request
Raw Input: Array
(
    [lux] => 6.666667
)

Light Value: 6.666667
-----------------------------------
2024-12-07 06:07:01 - Detailed Light Sensor Data Request
Raw Input: Array
(
    [lux] => 6.666667
)

Light Value: 6.666667
-----------------------------------
2024-12-07 06:07:03 - Detailed Light Sensor Data Request
Raw Input: Array
(
    [lux] => 6.666667
)

Light Value: 6.666667
-----------------------------------
2024-12-07 06:07:05 - Detailed Light Sensor Data Request
Raw Input: Array
(
    [lux] => 6.666667
)

Light Value: 6.666667
-----------------------------------
2024-12-07 06:07:07 - Detailed Light Sensor Data Request
Raw Input: Array
(
    [lux] => 6.666667
)

Light Value: 6.666667
-----------------------------------
2024-12-07 06:07:09 - Detailed Light Sensor Data Request
Raw Input: Array
(
    [lux] => 6.666667
)

Light Value: 6.666667
-----------------------------------
2024-12-07 06:07:11 - Detailed Light Sensor Data Request
Raw Input: Array
(
    [lux] => 6.666667
)

Light Value: 6.666667
-----------------------------------
2024-12-07 06:07:14 - Detailed Light Sensor Data Request
Raw Input: Array
(
    [lux] => 6.666667
)

Light Value: 6.666667
-----------------------------------
2024-12-07 06:07:15 - Detailed Light Sensor Data Request
Raw Input: Array
(
    [lux] => 6.666667
)

Light Value: 6.666667
-----------------------------------
