[06-Dec-2024 16:28:04 Europe/Berlin] PHP Fatal error:  Uncaught Error: PDOStatement::bindParam(): Argument #2 ($var) cannot be passed by reference in C:\xampp\htdocs\FarmCS\handlers\soil_moisture_handler.php:83
Stack trace:
#0 {main}
  thrown in C:\xampp\htdocs\FarmCS\handlers\soil_moisture_handler.php on line 83
[06-Dec-2024 16:28:07 Europe/Berlin] PHP Fatal error:  Uncaught Error: PDOStatement::bindParam(): Argument #2 ($var) cannot be passed by reference in C:\xampp\htdocs\FarmCS\handlers\soil_moisture_handler.php:83
Stack trace:
#0 {main}
  thrown in C:\xampp\htdocs\FarmCS\handlers\soil_moisture_handler.php on line 83
[06-Dec-2024 16:28:09 Europe/Berlin] PHP Fatal error:  Uncaught Error: PDOStatement::bindParam(): Argument #2 ($var) cannot be passed by reference in C:\xampp\htdocs\FarmCS\handlers\soil_moisture_handler.php:83
Stack trace:
#0 {main}
  thrown in C:\xampp\htdocs\FarmCS\handlers\soil_moisture_handler.php on line 83
[06-Dec-2024 16:28:12 Europe/Berlin] PHP Fatal error:  Uncaught Error: PDOStatement::bindParam(): Argument #2 ($var) cannot be passed by reference in C:\xampp\htdocs\FarmCS\handlers\soil_moisture_handler.php:83
Stack trace:
#0 {main}
  thrown in C:\xampp\htdocs\FarmCS\handlers\soil_moisture_handler.php on line 83
[06-Dec-2024 16:28:15 Europe/Berlin] PHP Fatal error:  Uncaught Error: PDOStatement::bindParam(): Argument #2 ($var) cannot be passed by reference in C:\xampp\htdocs\FarmCS\handlers\soil_moisture_handler.php:83
Stack trace:
#0 {main}
  thrown in C:\xampp\htdocs\FarmCS\handlers\soil_moisture_handler.php on line 83
[06-Dec-2024 16:28:17 Europe/Berlin] PHP Fatal error:  Uncaught Error: PDOStatement::bindParam(): Argument #2 ($var) cannot be passed by reference in C:\xampp\htdocs\FarmCS\handlers\soil_moisture_handler.php:83
Stack trace:
#0 {main}
  thrown in C:\xampp\htdocs\FarmCS\handlers\soil_moisture_handler.php on line 83
[06-Dec-2024 16:28:20 Europe/Berlin] PHP Fatal error:  Uncaught Error: PDOStatement::bindParam(): Argument #2 ($var) cannot be passed by reference in C:\xampp\htdocs\FarmCS\handlers\soil_moisture_handler.php:83
Stack trace:
#0 {main}
  thrown in C:\xampp\htdocs\FarmCS\handlers\soil_moisture_handler.php on line 83
[06-Dec-2024 16:28:23 Europe/Berlin] PHP Fatal error:  Uncaught Error: PDOStatement::bindParam(): Argument #2 ($var) cannot be passed by reference in C:\xampp\htdocs\FarmCS\handlers\soil_moisture_handler.php:83
Stack trace:
#0 {main}
  thrown in C:\xampp\htdocs\FarmCS\handlers\soil_moisture_handler.php on line 83
[06-Dec-2024 16:28:25 Europe/Berlin] PHP Fatal error:  Uncaught Error: PDOStatement::bindParam(): Argument #2 ($var) cannot be passed by reference in C:\xampp\htdocs\FarmCS\handlers\soil_moisture_handler.php:83
Stack trace:
#0 {main}
  thrown in C:\xampp\htdocs\FarmCS\handlers\soil_moisture_handler.php on line 83
[06-Dec-2024 16:28:28 Europe/Berlin] PHP Fatal error:  Uncaught Error: PDOStatement::bindParam(): Argument #2 ($var) cannot be passed by reference in C:\xampp\htdocs\FarmCS\handlers\soil_moisture_handler.php:83
Stack trace:
#0 {main}
  thrown in C:\xampp\htdocs\FarmCS\handlers\soil_moisture_handler.php on line 83
[06-Dec-2024 16:28:31 Europe/Berlin] PHP Fatal error:  Uncaught Error: PDOStatement::bindParam(): Argument #2 ($var) cannot be passed by reference in C:\xampp\htdocs\FarmCS\handlers\soil_moisture_handler.php:83
Stack trace:
#0 {main}
  thrown in C:\xampp\htdocs\FarmCS\handlers\soil_moisture_handler.php on line 83
[06-Dec-2024 16:28:34 Europe/Berlin] PHP Fatal error:  Uncaught Error: PDOStatement::bindParam(): Argument #2 ($var) cannot be passed by reference in C:\xampp\htdocs\FarmCS\handlers\soil_moisture_handler.php:83
Stack trace:
#0 {main}
  thrown in C:\xampp\htdocs\FarmCS\handlers\soil_moisture_handler.php on line 83
[06-Dec-2024 16:28:36 Europe/Berlin] PHP Fatal error:  Uncaught Error: PDOStatement::bindParam(): Argument #2 ($var) cannot be passed by reference in C:\xampp\htdocs\FarmCS\handlers\soil_moisture_handler.php:83
Stack trace:
#0 {main}
  thrown in C:\xampp\htdocs\FarmCS\handlers\soil_moisture_handler.php on line 83
[06-Dec-2024 16:28:39 Europe/Berlin] PHP Fatal error:  Uncaught Error: PDOStatement::bindParam(): Argument #2 ($var) cannot be passed by reference in C:\xampp\htdocs\FarmCS\handlers\soil_moisture_handler.php:83
Stack trace:
#0 {main}
  thrown in C:\xampp\htdocs\FarmCS\handlers\soil_moisture_handler.php on line 83
[06-Dec-2024 16:28:42 Europe/Berlin] PHP Fatal error:  Uncaught Error: PDOStatement::bindParam(): Argument #2 ($var) cannot be passed by reference in C:\xampp\htdocs\FarmCS\handlers\soil_moisture_handler.php:83
Stack trace:
#0 {main}
  thrown in C:\xampp\htdocs\FarmCS\handlers\soil_moisture_handler.php on line 83
[06-Dec-2024 16:28:45 Europe/Berlin] PHP Fatal error:  Uncaught Error: PDOStatement::bindParam(): Argument #2 ($var) cannot be passed by reference in C:\xampp\htdocs\FarmCS\handlers\soil_moisture_handler.php:83
Stack trace:
#0 {main}
  thrown in C:\xampp\htdocs\FarmCS\handlers\soil_moisture_handler.php on line 83
[06-Dec-2024 16:28:48 Europe/Berlin] PHP Fatal error:  Uncaught Error: PDOStatement::bindParam(): Argument #2 ($var) cannot be passed by reference in C:\xampp\htdocs\FarmCS\handlers\soil_moisture_handler.php:83
Stack trace:
#0 {main}
  thrown in C:\xampp\htdocs\FarmCS\handlers\soil_moisture_handler.php on line 83
[06-Dec-2024 16:28:50 Europe/Berlin] PHP Fatal error:  Uncaught Error: PDOStatement::bindParam(): Argument #2 ($var) cannot be passed by reference in C:\xampp\htdocs\FarmCS\handlers\soil_moisture_handler.php:83
Stack trace:
#0 {main}
  thrown in C:\xampp\htdocs\FarmCS\handlers\soil_moisture_handler.php on line 83
[06-Dec-2024 16:28:53 Europe/Berlin] PHP Fatal error:  Uncaught Error: PDOStatement::bindParam(): Argument #2 ($var) cannot be passed by reference in C:\xampp\htdocs\FarmCS\handlers\soil_moisture_handler.php:83
Stack trace:
#0 {main}
  thrown in C:\xampp\htdocs\FarmCS\handlers\soil_moisture_handler.php on line 83
[06-Dec-2024 16:28:55 Europe/Berlin] PHP Fatal error:  Uncaught Error: PDOStatement::bindParam(): Argument #2 ($var) cannot be passed by reference in C:\xampp\htdocs\FarmCS\handlers\soil_moisture_handler.php:83
Stack trace:
#0 {main}
  thrown in C:\xampp\htdocs\FarmCS\handlers\soil_moisture_handler.php on line 83
[06-Dec-2024 16:28:58 Europe/Berlin] PHP Fatal error:  Uncaught Error: PDOStatement::bindParam(): Argument #2 ($var) cannot be passed by reference in C:\xampp\htdocs\FarmCS\handlers\soil_moisture_handler.php:83
Stack trace:
#0 {main}
  thrown in C:\xampp\htdocs\FarmCS\handlers\soil_moisture_handler.php on line 83
[06-Dec-2024 16:29:01 Europe/Berlin] PHP Fatal error:  Uncaught Error: PDOStatement::bindParam(): Argument #2 ($var) cannot be passed by reference in C:\xampp\htdocs\FarmCS\handlers\soil_moisture_handler.php:83
Stack trace:
#0 {main}
  thrown in C:\xampp\htdocs\FarmCS\handlers\soil_moisture_handler.php on line 83
[06-Dec-2024 16:29:04 Europe/Berlin] PHP Fatal error:  Uncaught Error: PDOStatement::bindParam(): Argument #2 ($var) cannot be passed by reference in C:\xampp\htdocs\FarmCS\handlers\soil_moisture_handler.php:83
Stack trace:
#0 {main}
  thrown in C:\xampp\htdocs\FarmCS\handlers\soil_moisture_handler.php on line 83
[06-Dec-2024 16:29:06 Europe/Berlin] PHP Fatal error:  Uncaught Error: PDOStatement::bindParam(): Argument #2 ($var) cannot be passed by reference in C:\xampp\htdocs\FarmCS\handlers\soil_moisture_handler.php:83
Stack trace:
#0 {main}
  thrown in C:\xampp\htdocs\FarmCS\handlers\soil_moisture_handler.php on line 83
[06-Dec-2024 16:29:09 Europe/Berlin] PHP Fatal error:  Uncaught Error: PDOStatement::bindParam(): Argument #2 ($var) cannot be passed by reference in C:\xampp\htdocs\FarmCS\handlers\soil_moisture_handler.php:83
Stack trace:
#0 {main}
  thrown in C:\xampp\htdocs\FarmCS\handlers\soil_moisture_handler.php on line 83
[06-Dec-2024 16:29:12 Europe/Berlin] PHP Fatal error:  Uncaught Error: PDOStatement::bindParam(): Argument #2 ($var) cannot be passed by reference in C:\xampp\htdocs\FarmCS\handlers\soil_moisture_handler.php:83
Stack trace:
#0 {main}
  thrown in C:\xampp\htdocs\FarmCS\handlers\soil_moisture_handler.php on line 83
[06-Dec-2024 16:29:14 Europe/Berlin] PHP Fatal error:  Uncaught Error: PDOStatement::bindParam(): Argument #2 ($var) cannot be passed by reference in C:\xampp\htdocs\FarmCS\handlers\soil_moisture_handler.php:83
Stack trace:
#0 {main}
  thrown in C:\xampp\htdocs\FarmCS\handlers\soil_moisture_handler.php on line 83
[06-Dec-2024 16:29:17 Europe/Berlin] PHP Fatal error:  Uncaught Error: PDOStatement::bindParam(): Argument #2 ($var) cannot be passed by reference in C:\xampp\htdocs\FarmCS\handlers\soil_moisture_handler.php:83
Stack trace:
#0 {main}
  thrown in C:\xampp\htdocs\FarmCS\handlers\soil_moisture_handler.php on line 83
[06-Dec-2024 16:29:19 Europe/Berlin] PHP Fatal error:  Uncaught Error: PDOStatement::bindParam(): Argument #2 ($var) cannot be passed by reference in C:\xampp\htdocs\FarmCS\handlers\soil_moisture_handler.php:83
Stack trace:
#0 {main}
  thrown in C:\xampp\htdocs\FarmCS\handlers\soil_moisture_handler.php on line 83
[06-Dec-2024 16:29:22 Europe/Berlin] PHP Fatal error:  Uncaught Error: PDOStatement::bindParam(): Argument #2 ($var) cannot be passed by reference in C:\xampp\htdocs\FarmCS\handlers\soil_moisture_handler.php:83
Stack trace:
#0 {main}
  thrown in C:\xampp\htdocs\FarmCS\handlers\soil_moisture_handler.php on line 83
[06-Dec-2024 16:29:25 Europe/Berlin] PHP Fatal error:  Uncaught Error: PDOStatement::bindParam(): Argument #2 ($var) cannot be passed by reference in C:\xampp\htdocs\FarmCS\handlers\soil_moisture_handler.php:83
Stack trace:
#0 {main}
  thrown in C:\xampp\htdocs\FarmCS\handlers\soil_moisture_handler.php on line 83
[06-Dec-2024 16:29:28 Europe/Berlin] PHP Fatal error:  Uncaught Error: PDOStatement::bindParam(): Argument #2 ($var) cannot be passed by reference in C:\xampp\htdocs\FarmCS\handlers\soil_moisture_handler.php:83
Stack trace:
#0 {main}
  thrown in C:\xampp\htdocs\FarmCS\handlers\soil_moisture_handler.php on line 83
[06-Dec-2024 16:29:31 Europe/Berlin] PHP Fatal error:  Uncaught Error: PDOStatement::bindParam(): Argument #2 ($var) cannot be passed by reference in C:\xampp\htdocs\FarmCS\handlers\soil_moisture_handler.php:83
Stack trace:
#0 {main}
  thrown in C:\xampp\htdocs\FarmCS\handlers\soil_moisture_handler.php on line 83
[06-Dec-2024 16:29:34 Europe/Berlin] PHP Fatal error:  Uncaught Error: PDOStatement::bindParam(): Argument #2 ($var) cannot be passed by reference in C:\xampp\htdocs\FarmCS\handlers\soil_moisture_handler.php:83
Stack trace:
#0 {main}
  thrown in C:\xampp\htdocs\FarmCS\handlers\soil_moisture_handler.php on line 83
[06-Dec-2024 16:29:36 Europe/Berlin] PHP Fatal error:  Uncaught Error: PDOStatement::bindParam(): Argument #2 ($var) cannot be passed by reference in C:\xampp\htdocs\FarmCS\handlers\soil_moisture_handler.php:83
Stack trace:
#0 {main}
  thrown in C:\xampp\htdocs\FarmCS\handlers\soil_moisture_handler.php on line 83
[06-Dec-2024 16:29:39 Europe/Berlin] PHP Fatal error:  Uncaught Error: PDOStatement::bindParam(): Argument #2 ($var) cannot be passed by reference in C:\xampp\htdocs\FarmCS\handlers\soil_moisture_handler.php:83
Stack trace:
#0 {main}
  thrown in C:\xampp\htdocs\FarmCS\handlers\soil_moisture_handler.php on line 83
[06-Dec-2024 16:29:41 Europe/Berlin] PHP Fatal error:  Uncaught Error: PDOStatement::bindParam(): Argument #2 ($var) cannot be passed by reference in C:\xampp\htdocs\FarmCS\handlers\soil_moisture_handler.php:83
Stack trace:
#0 {main}
  thrown in C:\xampp\htdocs\FarmCS\handlers\soil_moisture_handler.php on line 83
[06-Dec-2024 16:29:44 Europe/Berlin] PHP Fatal error:  Uncaught Error: PDOStatement::bindParam(): Argument #2 ($var) cannot be passed by reference in C:\xampp\htdocs\FarmCS\handlers\soil_moisture_handler.php:83
Stack trace:
#0 {main}
  thrown in C:\xampp\htdocs\FarmCS\handlers\soil_moisture_handler.php on line 83
[06-Dec-2024 16:29:46 Europe/Berlin] PHP Fatal error:  Uncaught Error: PDOStatement::bindParam(): Argument #2 ($var) cannot be passed by reference in C:\xampp\htdocs\FarmCS\handlers\soil_moisture_handler.php:83
Stack trace:
#0 {main}
  thrown in C:\xampp\htdocs\FarmCS\handlers\soil_moisture_handler.php on line 83
[06-Dec-2024 16:29:49 Europe/Berlin] PHP Fatal error:  Uncaught Error: PDOStatement::bindParam(): Argument #2 ($var) cannot be passed by reference in C:\xampp\htdocs\FarmCS\handlers\soil_moisture_handler.php:83
Stack trace:
#0 {main}
  thrown in C:\xampp\htdocs\FarmCS\handlers\soil_moisture_handler.php on line 83
[06-Dec-2024 16:29:52 Europe/Berlin] PHP Fatal error:  Uncaught Error: PDOStatement::bindParam(): Argument #2 ($var) cannot be passed by reference in C:\xampp\htdocs\FarmCS\handlers\soil_moisture_handler.php:83
Stack trace:
#0 {main}
  thrown in C:\xampp\htdocs\FarmCS\handlers\soil_moisture_handler.php on line 83
[06-Dec-2024 16:29:54 Europe/Berlin] PHP Fatal error:  Uncaught Error: PDOStatement::bindParam(): Argument #2 ($var) cannot be passed by reference in C:\xampp\htdocs\FarmCS\handlers\soil_moisture_handler.php:83
Stack trace:
#0 {main}
  thrown in C:\xampp\htdocs\FarmCS\handlers\soil_moisture_handler.php on line 83
[06-Dec-2024 16:29:57 Europe/Berlin] PHP Fatal error:  Uncaught Error: PDOStatement::bindParam(): Argument #2 ($var) cannot be passed by reference in C:\xampp\htdocs\FarmCS\handlers\soil_moisture_handler.php:83
Stack trace:
#0 {main}
  thrown in C:\xampp\htdocs\FarmCS\handlers\soil_moisture_handler.php on line 83
[06-Dec-2024 16:30:00 Europe/Berlin] PHP Fatal error:  Uncaught Error: PDOStatement::bindParam(): Argument #2 ($var) cannot be passed by reference in C:\xampp\htdocs\FarmCS\handlers\soil_moisture_handler.php:83
Stack trace:
#0 {main}
  thrown in C:\xampp\htdocs\FarmCS\handlers\soil_moisture_handler.php on line 83
[06-Dec-2024 16:30:02 Europe/Berlin] PHP Fatal error:  Uncaught Error: PDOStatement::bindParam(): Argument #2 ($var) cannot be passed by reference in C:\xampp\htdocs\FarmCS\handlers\soil_moisture_handler.php:83
Stack trace:
#0 {main}
  thrown in C:\xampp\htdocs\FarmCS\handlers\soil_moisture_handler.php on line 83
[06-Dec-2024 16:30:04 Europe/Berlin] PHP Fatal error:  Uncaught Error: PDOStatement::bindParam(): Argument #2 ($var) cannot be passed by reference in C:\xampp\htdocs\FarmCS\handlers\soil_moisture_handler.php:83
Stack trace:
#0 {main}
  thrown in C:\xampp\htdocs\FarmCS\handlers\soil_moisture_handler.php on line 83
[06-Dec-2024 16:30:07 Europe/Berlin] PHP Fatal error:  Uncaught Error: PDOStatement::bindParam(): Argument #2 ($var) cannot be passed by reference in C:\xampp\htdocs\FarmCS\handlers\soil_moisture_handler.php:83
Stack trace:
#0 {main}
  thrown in C:\xampp\htdocs\FarmCS\handlers\soil_moisture_handler.php on line 83
[06-Dec-2024 16:30:09 Europe/Berlin] PHP Fatal error:  Uncaught Error: PDOStatement::bindParam(): Argument #2 ($var) cannot be passed by reference in C:\xampp\htdocs\FarmCS\handlers\soil_moisture_handler.php:83
Stack trace:
#0 {main}
  thrown in C:\xampp\htdocs\FarmCS\handlers\soil_moisture_handler.php on line 83
[06-Dec-2024 16:30:12 Europe/Berlin] PHP Fatal error:  Uncaught Error: PDOStatement::bindParam(): Argument #2 ($var) cannot be passed by reference in C:\xampp\htdocs\FarmCS\handlers\soil_moisture_handler.php:83
Stack trace:
#0 {main}
  thrown in C:\xampp\htdocs\FarmCS\handlers\soil_moisture_handler.php on line 83
[06-Dec-2024 16:30:15 Europe/Berlin] PHP Fatal error:  Uncaught Error: PDOStatement::bindParam(): Argument #2 ($var) cannot be passed by reference in C:\xampp\htdocs\FarmCS\handlers\soil_moisture_handler.php:83
Stack trace:
#0 {main}
  thrown in C:\xampp\htdocs\FarmCS\handlers\soil_moisture_handler.php on line 83
[06-Dec-2024 16:30:18 Europe/Berlin] PHP Fatal error:  Uncaught Error: PDOStatement::bindParam(): Argument #2 ($var) cannot be passed by reference in C:\xampp\htdocs\FarmCS\handlers\soil_moisture_handler.php:83
Stack trace:
#0 {main}
  thrown in C:\xampp\htdocs\FarmCS\handlers\soil_moisture_handler.php on line 83
[06-Dec-2024 16:30:20 Europe/Berlin] PHP Fatal error:  Uncaught Error: PDOStatement::bindParam(): Argument #2 ($var) cannot be passed by reference in C:\xampp\htdocs\FarmCS\handlers\soil_moisture_handler.php:83
Stack trace:
#0 {main}
  thrown in C:\xampp\htdocs\FarmCS\handlers\soil_moisture_handler.php on line 83
[06-Dec-2024 16:30:23 Europe/Berlin] PHP Fatal error:  Uncaught Error: PDOStatement::bindParam(): Argument #2 ($var) cannot be passed by reference in C:\xampp\htdocs\FarmCS\handlers\soil_moisture_handler.php:83
Stack trace:
#0 {main}
  thrown in C:\xampp\htdocs\FarmCS\handlers\soil_moisture_handler.php on line 83
[06-Dec-2024 16:30:25 Europe/Berlin] PHP Fatal error:  Uncaught Error: PDOStatement::bindParam(): Argument #2 ($var) cannot be passed by reference in C:\xampp\htdocs\FarmCS\handlers\soil_moisture_handler.php:83
Stack trace:
#0 {main}
  thrown in C:\xampp\htdocs\FarmCS\handlers\soil_moisture_handler.php on line 83
[06-Dec-2024 16:30:28 Europe/Berlin] PHP Fatal error:  Uncaught Error: PDOStatement::bindParam(): Argument #2 ($var) cannot be passed by reference in C:\xampp\htdocs\FarmCS\handlers\soil_moisture_handler.php:83
Stack trace:
#0 {main}
  thrown in C:\xampp\htdocs\FarmCS\handlers\soil_moisture_handler.php on line 83
[06-Dec-2024 16:30:31 Europe/Berlin] PHP Fatal error:  Uncaught Error: PDOStatement::bindParam(): Argument #2 ($var) cannot be passed by reference in C:\xampp\htdocs\FarmCS\handlers\soil_moisture_handler.php:83
Stack trace:
#0 {main}
  thrown in C:\xampp\htdocs\FarmCS\handlers\soil_moisture_handler.php on line 83
[06-Dec-2024 16:30:33 Europe/Berlin] PHP Fatal error:  Uncaught Error: PDOStatement::bindParam(): Argument #2 ($var) cannot be passed by reference in C:\xampp\htdocs\FarmCS\handlers\soil_moisture_handler.php:83
Stack trace:
#0 {main}
  thrown in C:\xampp\htdocs\FarmCS\handlers\soil_moisture_handler.php on line 83
[06-Dec-2024 16:30:36 Europe/Berlin] PHP Fatal error:  Uncaught Error: PDOStatement::bindParam(): Argument #2 ($var) cannot be passed by reference in C:\xampp\htdocs\FarmCS\handlers\soil_moisture_handler.php:83
Stack trace:
#0 {main}
  thrown in C:\xampp\htdocs\FarmCS\handlers\soil_moisture_handler.php on line 83
[06-Dec-2024 16:30:38 Europe/Berlin] PHP Fatal error:  Uncaught Error: PDOStatement::bindParam(): Argument #2 ($var) cannot be passed by reference in C:\xampp\htdocs\FarmCS\handlers\soil_moisture_handler.php:83
Stack trace:
#0 {main}
  thrown in C:\xampp\htdocs\FarmCS\handlers\soil_moisture_handler.php on line 83
[06-Dec-2024 16:30:41 Europe/Berlin] PHP Fatal error:  Uncaught Error: PDOStatement::bindParam(): Argument #2 ($var) cannot be passed by reference in C:\xampp\htdocs\FarmCS\handlers\soil_moisture_handler.php:83
Stack trace:
#0 {main}
  thrown in C:\xampp\htdocs\FarmCS\handlers\soil_moisture_handler.php on line 83
[06-Dec-2024 16:30:43 Europe/Berlin] PHP Fatal error:  Uncaught Error: PDOStatement::bindParam(): Argument #2 ($var) cannot be passed by reference in C:\xampp\htdocs\FarmCS\handlers\soil_moisture_handler.php:83
Stack trace:
#0 {main}
  thrown in C:\xampp\htdocs\FarmCS\handlers\soil_moisture_handler.php on line 83
[06-Dec-2024 16:30:45 Europe/Berlin] PHP Fatal error:  Uncaught Error: PDOStatement::bindParam(): Argument #2 ($var) cannot be passed by reference in C:\xampp\htdocs\FarmCS\handlers\soil_moisture_handler.php:83
Stack trace:
#0 {main}
  thrown in C:\xampp\htdocs\FarmCS\handlers\soil_moisture_handler.php on line 83
[06-Dec-2024 16:30:48 Europe/Berlin] PHP Fatal error:  Uncaught Error: PDOStatement::bindParam(): Argument #2 ($var) cannot be passed by reference in C:\xampp\htdocs\FarmCS\handlers\soil_moisture_handler.php:83
Stack trace:
#0 {main}
  thrown in C:\xampp\htdocs\FarmCS\handlers\soil_moisture_handler.php on line 83
[06-Dec-2024 16:30:50 Europe/Berlin] PHP Fatal error:  Uncaught Error: PDOStatement::bindParam(): Argument #2 ($var) cannot be passed by reference in C:\xampp\htdocs\FarmCS\handlers\soil_moisture_handler.php:83
Stack trace:
#0 {main}
  thrown in C:\xampp\htdocs\FarmCS\handlers\soil_moisture_handler.php on line 83
[06-Dec-2024 16:30:52 Europe/Berlin] PHP Fatal error:  Uncaught Error: PDOStatement::bindParam(): Argument #2 ($var) cannot be passed by reference in C:\xampp\htdocs\FarmCS\handlers\soil_moisture_handler.php:83
Stack trace:
#0 {main}
  thrown in C:\xampp\htdocs\FarmCS\handlers\soil_moisture_handler.php on line 83
[06-Dec-2024 16:30:55 Europe/Berlin] PHP Fatal error:  Uncaught Error: PDOStatement::bindParam(): Argument #2 ($var) cannot be passed by reference in C:\xampp\htdocs\FarmCS\handlers\soil_moisture_handler.php:83
Stack trace:
#0 {main}
  thrown in C:\xampp\htdocs\FarmCS\handlers\soil_moisture_handler.php on line 83
[06-Dec-2024 16:30:57 Europe/Berlin] PHP Fatal error:  Uncaught Error: PDOStatement::bindParam(): Argument #2 ($var) cannot be passed by reference in C:\xampp\htdocs\FarmCS\handlers\soil_moisture_handler.php:83
Stack trace:
#0 {main}
  thrown in C:\xampp\htdocs\FarmCS\handlers\soil_moisture_handler.php on line 83
[06-Dec-2024 16:31:00 Europe/Berlin] PHP Fatal error:  Uncaught Error: PDOStatement::bindParam(): Argument #2 ($var) cannot be passed by reference in C:\xampp\htdocs\FarmCS\handlers\soil_moisture_handler.php:83
Stack trace:
#0 {main}
  thrown in C:\xampp\htdocs\FarmCS\handlers\soil_moisture_handler.php on line 83
[06-Dec-2024 16:31:02 Europe/Berlin] PHP Fatal error:  Uncaught Error: PDOStatement::bindParam(): Argument #2 ($var) cannot be passed by reference in C:\xampp\htdocs\FarmCS\handlers\soil_moisture_handler.php:83
Stack trace:
#0 {main}
  thrown in C:\xampp\htdocs\FarmCS\handlers\soil_moisture_handler.php on line 83
[06-Dec-2024 16:31:04 Europe/Berlin] PHP Fatal error:  Uncaught Error: PDOStatement::bindParam(): Argument #2 ($var) cannot be passed by reference in C:\xampp\htdocs\FarmCS\handlers\soil_moisture_handler.php:83
Stack trace:
#0 {main}
  thrown in C:\xampp\htdocs\FarmCS\handlers\soil_moisture_handler.php on line 83
[06-Dec-2024 16:31:07 Europe/Berlin] PHP Fatal error:  Uncaught Error: PDOStatement::bindParam(): Argument #2 ($var) cannot be passed by reference in C:\xampp\htdocs\FarmCS\handlers\soil_moisture_handler.php:83
Stack trace:
#0 {main}
  thrown in C:\xampp\htdocs\FarmCS\handlers\soil_moisture_handler.php on line 83
[06-Dec-2024 16:31:09 Europe/Berlin] PHP Fatal error:  Uncaught Error: PDOStatement::bindParam(): Argument #2 ($var) cannot be passed by reference in C:\xampp\htdocs\FarmCS\handlers\soil_moisture_handler.php:83
Stack trace:
#0 {main}
  thrown in C:\xampp\htdocs\FarmCS\handlers\soil_moisture_handler.php on line 83
[06-Dec-2024 16:31:12 Europe/Berlin] PHP Fatal error:  Uncaught Error: PDOStatement::bindParam(): Argument #2 ($var) cannot be passed by reference in C:\xampp\htdocs\FarmCS\handlers\soil_moisture_handler.php:83
Stack trace:
#0 {main}
  thrown in C:\xampp\htdocs\FarmCS\handlers\soil_moisture_handler.php on line 83
[06-Dec-2024 16:31:14 Europe/Berlin] PHP Fatal error:  Uncaught Error: PDOStatement::bindParam(): Argument #2 ($var) cannot be passed by reference in C:\xampp\htdocs\FarmCS\handlers\soil_moisture_handler.php:83
Stack trace:
#0 {main}
  thrown in C:\xampp\htdocs\FarmCS\handlers\soil_moisture_handler.php on line 83
[06-Dec-2024 16:31:17 Europe/Berlin] PHP Fatal error:  Uncaught Error: PDOStatement::bindParam(): Argument #2 ($var) cannot be passed by reference in C:\xampp\htdocs\FarmCS\handlers\soil_moisture_handler.php:83
Stack trace:
#0 {main}
  thrown in C:\xampp\htdocs\FarmCS\handlers\soil_moisture_handler.php on line 83
[06-Dec-2024 16:31:19 Europe/Berlin] PHP Fatal error:  Uncaught Error: PDOStatement::bindParam(): Argument #2 ($var) cannot be passed by reference in C:\xampp\htdocs\FarmCS\handlers\soil_moisture_handler.php:83
Stack trace:
#0 {main}
  thrown in C:\xampp\htdocs\FarmCS\handlers\soil_moisture_handler.php on line 83
[06-Dec-2024 16:31:22 Europe/Berlin] PHP Fatal error:  Uncaught Error: PDOStatement::bindParam(): Argument #2 ($var) cannot be passed by reference in C:\xampp\htdocs\FarmCS\handlers\soil_moisture_handler.php:83
Stack trace:
#0 {main}
  thrown in C:\xampp\htdocs\FarmCS\handlers\soil_moisture_handler.php on line 83
[06-Dec-2024 16:31:24 Europe/Berlin] PHP Fatal error:  Uncaught Error: PDOStatement::bindParam(): Argument #2 ($var) cannot be passed by reference in C:\xampp\htdocs\FarmCS\handlers\soil_moisture_handler.php:83
Stack trace:
#0 {main}
  thrown in C:\xampp\htdocs\FarmCS\handlers\soil_moisture_handler.php on line 83
[06-Dec-2024 16:31:27 Europe/Berlin] PHP Fatal error:  Uncaught Error: PDOStatement::bindParam(): Argument #2 ($var) cannot be passed by reference in C:\xampp\htdocs\FarmCS\handlers\soil_moisture_handler.php:83
Stack trace:
#0 {main}
  thrown in C:\xampp\htdocs\FarmCS\handlers\soil_moisture_handler.php on line 83
[06-Dec-2024 16:31:29 Europe/Berlin] PHP Fatal error:  Uncaught Error: PDOStatement::bindParam(): Argument #2 ($var) cannot be passed by reference in C:\xampp\htdocs\FarmCS\handlers\soil_moisture_handler.php:83
Stack trace:
#0 {main}
  thrown in C:\xampp\htdocs\FarmCS\handlers\soil_moisture_handler.php on line 83
[06-Dec-2024 16:31:31 Europe/Berlin] PHP Fatal error:  Uncaught Error: PDOStatement::bindParam(): Argument #2 ($var) cannot be passed by reference in C:\xampp\htdocs\FarmCS\handlers\soil_moisture_handler.php:83
Stack trace:
#0 {main}
  thrown in C:\xampp\htdocs\FarmCS\handlers\soil_moisture_handler.php on line 83
[06-Dec-2024 16:31:34 Europe/Berlin] PHP Fatal error:  Uncaught Error: PDOStatement::bindParam(): Argument #2 ($var) cannot be passed by reference in C:\xampp\htdocs\FarmCS\handlers\soil_moisture_handler.php:83
Stack trace:
#0 {main}
  thrown in C:\xampp\htdocs\FarmCS\handlers\soil_moisture_handler.php on line 83
[06-Dec-2024 16:31:36 Europe/Berlin] PHP Fatal error:  Uncaught Error: PDOStatement::bindParam(): Argument #2 ($var) cannot be passed by reference in C:\xampp\htdocs\FarmCS\handlers\soil_moisture_handler.php:83
Stack trace:
#0 {main}
  thrown in C:\xampp\htdocs\FarmCS\handlers\soil_moisture_handler.php on line 83
[06-Dec-2024 16:31:39 Europe/Berlin] PHP Fatal error:  Uncaught Error: PDOStatement::bindParam(): Argument #2 ($var) cannot be passed by reference in C:\xampp\htdocs\FarmCS\handlers\soil_moisture_handler.php:83
Stack trace:
#0 {main}
  thrown in C:\xampp\htdocs\FarmCS\handlers\soil_moisture_handler.php on line 83
[06-Dec-2024 16:31:41 Europe/Berlin] PHP Fatal error:  Uncaught Error: PDOStatement::bindParam(): Argument #2 ($var) cannot be passed by reference in C:\xampp\htdocs\FarmCS\handlers\soil_moisture_handler.php:83
Stack trace:
#0 {main}
  thrown in C:\xampp\htdocs\FarmCS\handlers\soil_moisture_handler.php on line 83
[06-Dec-2024 16:31:43 Europe/Berlin] PHP Fatal error:  Uncaught Error: PDOStatement::bindParam(): Argument #2 ($var) cannot be passed by reference in C:\xampp\htdocs\FarmCS\handlers\soil_moisture_handler.php:83
Stack trace:
#0 {main}
  thrown in C:\xampp\htdocs\FarmCS\handlers\soil_moisture_handler.php on line 83
[06-Dec-2024 16:31:46 Europe/Berlin] PHP Fatal error:  Uncaught Error: PDOStatement::bindParam(): Argument #2 ($var) cannot be passed by reference in C:\xampp\htdocs\FarmCS\handlers\soil_moisture_handler.php:83
Stack trace:
#0 {main}
  thrown in C:\xampp\htdocs\FarmCS\handlers\soil_moisture_handler.php on line 83
[06-Dec-2024 16:31:48 Europe/Berlin] PHP Fatal error:  Uncaught Error: PDOStatement::bindParam(): Argument #2 ($var) cannot be passed by reference in C:\xampp\htdocs\FarmCS\handlers\soil_moisture_handler.php:83
Stack trace:
#0 {main}
  thrown in C:\xampp\htdocs\FarmCS\handlers\soil_moisture_handler.php on line 83
[06-Dec-2024 16:31:51 Europe/Berlin] PHP Fatal error:  Uncaught Error: PDOStatement::bindParam(): Argument #2 ($var) cannot be passed by reference in C:\xampp\htdocs\FarmCS\handlers\soil_moisture_handler.php:83
Stack trace:
#0 {main}
  thrown in C:\xampp\htdocs\FarmCS\handlers\soil_moisture_handler.php on line 83
[06-Dec-2024 16:31:53 Europe/Berlin] PHP Fatal error:  Uncaught Error: PDOStatement::bindParam(): Argument #2 ($var) cannot be passed by reference in C:\xampp\htdocs\FarmCS\handlers\soil_moisture_handler.php:83
Stack trace:
#0 {main}
  thrown in C:\xampp\htdocs\FarmCS\handlers\soil_moisture_handler.php on line 83
[06-Dec-2024 16:31:55 Europe/Berlin] PHP Fatal error:  Uncaught Error: PDOStatement::bindParam(): Argument #2 ($var) cannot be passed by reference in C:\xampp\htdocs\FarmCS\handlers\soil_moisture_handler.php:83
Stack trace:
#0 {main}
  thrown in C:\xampp\htdocs\FarmCS\handlers\soil_moisture_handler.php on line 83
[06-Dec-2024 16:31:58 Europe/Berlin] PHP Fatal error:  Uncaught Error: PDOStatement::bindParam(): Argument #2 ($var) cannot be passed by reference in C:\xampp\htdocs\FarmCS\handlers\soil_moisture_handler.php:83
Stack trace:
#0 {main}
  thrown in C:\xampp\htdocs\FarmCS\handlers\soil_moisture_handler.php on line 83
[06-Dec-2024 16:32:00 Europe/Berlin] PHP Fatal error:  Uncaught Error: PDOStatement::bindParam(): Argument #2 ($var) cannot be passed by reference in C:\xampp\htdocs\FarmCS\handlers\soil_moisture_handler.php:83
Stack trace:
#0 {main}
  thrown in C:\xampp\htdocs\FarmCS\handlers\soil_moisture_handler.php on line 83
[06-Dec-2024 16:32:03 Europe/Berlin] PHP Fatal error:  Uncaught Error: PDOStatement::bindParam(): Argument #2 ($var) cannot be passed by reference in C:\xampp\htdocs\FarmCS\handlers\soil_moisture_handler.php:83
Stack trace:
#0 {main}
  thrown in C:\xampp\htdocs\FarmCS\handlers\soil_moisture_handler.php on line 83
[06-Dec-2024 16:32:06 Europe/Berlin] PHP Fatal error:  Uncaught Error: PDOStatement::bindParam(): Argument #2 ($var) cannot be passed by reference in C:\xampp\htdocs\FarmCS\handlers\soil_moisture_handler.php:83
Stack trace:
#0 {main}
  thrown in C:\xampp\htdocs\FarmCS\handlers\soil_moisture_handler.php on line 83
[06-Dec-2024 16:32:09 Europe/Berlin] PHP Fatal error:  Uncaught Error: PDOStatement::bindParam(): Argument #2 ($var) cannot be passed by reference in C:\xampp\htdocs\FarmCS\handlers\soil_moisture_handler.php:83
Stack trace:
#0 {main}
  thrown in C:\xampp\htdocs\FarmCS\handlers\soil_moisture_handler.php on line 83
[06-Dec-2024 16:32:12 Europe/Berlin] PHP Fatal error:  Uncaught Error: PDOStatement::bindParam(): Argument #2 ($var) cannot be passed by reference in C:\xampp\htdocs\FarmCS\handlers\soil_moisture_handler.php:83
Stack trace:
#0 {main}
  thrown in C:\xampp\htdocs\FarmCS\handlers\soil_moisture_handler.php on line 83
[06-Dec-2024 16:32:14 Europe/Berlin] PHP Fatal error:  Uncaught Error: PDOStatement::bindParam(): Argument #2 ($var) cannot be passed by reference in C:\xampp\htdocs\FarmCS\handlers\soil_moisture_handler.php:83
Stack trace:
#0 {main}
  thrown in C:\xampp\htdocs\FarmCS\handlers\soil_moisture_handler.php on line 83
[06-Dec-2024 16:32:17 Europe/Berlin] PHP Fatal error:  Uncaught Error: PDOStatement::bindParam(): Argument #2 ($var) cannot be passed by reference in C:\xampp\htdocs\FarmCS\handlers\soil_moisture_handler.php:83
Stack trace:
#0 {main}
  thrown in C:\xampp\htdocs\FarmCS\handlers\soil_moisture_handler.php on line 83
[06-Dec-2024 16:32:20 Europe/Berlin] PHP Fatal error:  Uncaught Error: PDOStatement::bindParam(): Argument #2 ($var) cannot be passed by reference in C:\xampp\htdocs\FarmCS\handlers\soil_moisture_handler.php:83
Stack trace:
#0 {main}
  thrown in C:\xampp\htdocs\FarmCS\handlers\soil_moisture_handler.php on line 83
[06-Dec-2024 16:32:22 Europe/Berlin] PHP Fatal error:  Uncaught Error: PDOStatement::bindParam(): Argument #2 ($var) cannot be passed by reference in C:\xampp\htdocs\FarmCS\handlers\soil_moisture_handler.php:83
Stack trace:
#0 {main}
  thrown in C:\xampp\htdocs\FarmCS\handlers\soil_moisture_handler.php on line 83
[06-Dec-2024 16:32:25 Europe/Berlin] PHP Fatal error:  Uncaught Error: PDOStatement::bindParam(): Argument #2 ($var) cannot be passed by reference in C:\xampp\htdocs\FarmCS\handlers\soil_moisture_handler.php:83
Stack trace:
#0 {main}
  thrown in C:\xampp\htdocs\FarmCS\handlers\soil_moisture_handler.php on line 83
[06-Dec-2024 16:32:28 Europe/Berlin] PHP Fatal error:  Uncaught Error: PDOStatement::bindParam(): Argument #2 ($var) cannot be passed by reference in C:\xampp\htdocs\FarmCS\handlers\soil_moisture_handler.php:83
Stack trace:
#0 {main}
  thrown in C:\xampp\htdocs\FarmCS\handlers\soil_moisture_handler.php on line 83
[06-Dec-2024 16:32:30 Europe/Berlin] PHP Fatal error:  Uncaught Error: PDOStatement::bindParam(): Argument #2 ($var) cannot be passed by reference in C:\xampp\htdocs\FarmCS\handlers\soil_moisture_handler.php:83
Stack trace:
#0 {main}
  thrown in C:\xampp\htdocs\FarmCS\handlers\soil_moisture_handler.php on line 83
[06-Dec-2024 16:32:33 Europe/Berlin] PHP Fatal error:  Uncaught Error: PDOStatement::bindParam(): Argument #2 ($var) cannot be passed by reference in C:\xampp\htdocs\FarmCS\handlers\soil_moisture_handler.php:83
Stack trace:
#0 {main}
  thrown in C:\xampp\htdocs\FarmCS\handlers\soil_moisture_handler.php on line 83
[06-Dec-2024 16:32:36 Europe/Berlin] PHP Fatal error:  Uncaught Error: PDOStatement::bindParam(): Argument #2 ($var) cannot be passed by reference in C:\xampp\htdocs\FarmCS\handlers\soil_moisture_handler.php:83
Stack trace:
#0 {main}
  thrown in C:\xampp\htdocs\FarmCS\handlers\soil_moisture_handler.php on line 83
[06-Dec-2024 16:32:38 Europe/Berlin] PHP Fatal error:  Uncaught Error: PDOStatement::bindParam(): Argument #2 ($var) cannot be passed by reference in C:\xampp\htdocs\FarmCS\handlers\soil_moisture_handler.php:83
Stack trace:
#0 {main}
  thrown in C:\xampp\htdocs\FarmCS\handlers\soil_moisture_handler.php on line 83
[06-Dec-2024 16:32:41 Europe/Berlin] PHP Fatal error:  Uncaught Error: PDOStatement::bindParam(): Argument #2 ($var) cannot be passed by reference in C:\xampp\htdocs\FarmCS\handlers\soil_moisture_handler.php:83
Stack trace:
#0 {main}
  thrown in C:\xampp\htdocs\FarmCS\handlers\soil_moisture_handler.php on line 83
[06-Dec-2024 16:32:44 Europe/Berlin] PHP Fatal error:  Uncaught Error: PDOStatement::bindParam(): Argument #2 ($var) cannot be passed by reference in C:\xampp\htdocs\FarmCS\handlers\soil_moisture_handler.php:83
Stack trace:
#0 {main}
  thrown in C:\xampp\htdocs\FarmCS\handlers\soil_moisture_handler.php on line 83
[06-Dec-2024 16:32:47 Europe/Berlin] PHP Fatal error:  Uncaught Error: PDOStatement::bindParam(): Argument #2 ($var) cannot be passed by reference in C:\xampp\htdocs\FarmCS\handlers\soil_moisture_handler.php:83
Stack trace:
#0 {main}
  thrown in C:\xampp\htdocs\FarmCS\handlers\soil_moisture_handler.php on line 83
[06-Dec-2024 16:32:50 Europe/Berlin] PHP Fatal error:  Uncaught Error: PDOStatement::bindParam(): Argument #2 ($var) cannot be passed by reference in C:\xampp\htdocs\FarmCS\handlers\soil_moisture_handler.php:83
Stack trace:
#0 {main}
  thrown in C:\xampp\htdocs\FarmCS\handlers\soil_moisture_handler.php on line 83
[06-Dec-2024 16:32:52 Europe/Berlin] PHP Fatal error:  Uncaught Error: PDOStatement::bindParam(): Argument #2 ($var) cannot be passed by reference in C:\xampp\htdocs\FarmCS\handlers\soil_moisture_handler.php:83
Stack trace:
#0 {main}
  thrown in C:\xampp\htdocs\FarmCS\handlers\soil_moisture_handler.php on line 83
[06-Dec-2024 16:32:55 Europe/Berlin] PHP Fatal error:  Uncaught Error: PDOStatement::bindParam(): Argument #2 ($var) cannot be passed by reference in C:\xampp\htdocs\FarmCS\handlers\soil_moisture_handler.php:83
Stack trace:
#0 {main}
  thrown in C:\xampp\htdocs\FarmCS\handlers\soil_moisture_handler.php on line 83
[06-Dec-2024 16:32:57 Europe/Berlin] PHP Fatal error:  Uncaught Error: PDOStatement::bindParam(): Argument #2 ($var) cannot be passed by reference in C:\xampp\htdocs\FarmCS\handlers\soil_moisture_handler.php:83
Stack trace:
#0 {main}
  thrown in C:\xampp\htdocs\FarmCS\handlers\soil_moisture_handler.php on line 83
[06-Dec-2024 16:33:00 Europe/Berlin] PHP Fatal error:  Uncaught Error: PDOStatement::bindParam(): Argument #2 ($var) cannot be passed by reference in C:\xampp\htdocs\FarmCS\handlers\soil_moisture_handler.php:83
Stack trace:
#0 {main}
  thrown in C:\xampp\htdocs\FarmCS\handlers\soil_moisture_handler.php on line 83
[06-Dec-2024 16:33:02 Europe/Berlin] PHP Fatal error:  Uncaught Error: PDOStatement::bindParam(): Argument #2 ($var) cannot be passed by reference in C:\xampp\htdocs\FarmCS\handlers\soil_moisture_handler.php:83
Stack trace:
#0 {main}
  thrown in C:\xampp\htdocs\FarmCS\handlers\soil_moisture_handler.php on line 83
[06-Dec-2024 16:33:05 Europe/Berlin] PHP Fatal error:  Uncaught Error: PDOStatement::bindParam(): Argument #2 ($var) cannot be passed by reference in C:\xampp\htdocs\FarmCS\handlers\soil_moisture_handler.php:83
Stack trace:
#0 {main}
  thrown in C:\xampp\htdocs\FarmCS\handlers\soil_moisture_handler.php on line 83
[06-Dec-2024 16:33:08 Europe/Berlin] PHP Fatal error:  Uncaught Error: PDOStatement::bindParam(): Argument #2 ($var) cannot be passed by reference in C:\xampp\htdocs\FarmCS\handlers\soil_moisture_handler.php:83
Stack trace:
#0 {main}
  thrown in C:\xampp\htdocs\FarmCS\handlers\soil_moisture_handler.php on line 83
[06-Dec-2024 16:33:10 Europe/Berlin] PHP Fatal error:  Uncaught Error: PDOStatement::bindParam(): Argument #2 ($var) cannot be passed by reference in C:\xampp\htdocs\FarmCS\handlers\soil_moisture_handler.php:83
Stack trace:
#0 {main}
  thrown in C:\xampp\htdocs\FarmCS\handlers\soil_moisture_handler.php on line 83
[06-Dec-2024 16:33:13 Europe/Berlin] PHP Fatal error:  Uncaught Error: PDOStatement::bindParam(): Argument #2 ($var) cannot be passed by reference in C:\xampp\htdocs\FarmCS\handlers\soil_moisture_handler.php:83
Stack trace:
#0 {main}
  thrown in C:\xampp\htdocs\FarmCS\handlers\soil_moisture_handler.php on line 83
[06-Dec-2024 16:33:16 Europe/Berlin] PHP Fatal error:  Uncaught Error: PDOStatement::bindParam(): Argument #2 ($var) cannot be passed by reference in C:\xampp\htdocs\FarmCS\handlers\soil_moisture_handler.php:83
Stack trace:
#0 {main}
  thrown in C:\xampp\htdocs\FarmCS\handlers\soil_moisture_handler.php on line 83
[06-Dec-2024 16:33:19 Europe/Berlin] PHP Fatal error:  Uncaught Error: PDOStatement::bindParam(): Argument #2 ($var) cannot be passed by reference in C:\xampp\htdocs\FarmCS\handlers\soil_moisture_handler.php:83
Stack trace:
#0 {main}
  thrown in C:\xampp\htdocs\FarmCS\handlers\soil_moisture_handler.php on line 83
[06-Dec-2024 16:33:21 Europe/Berlin] PHP Fatal error:  Uncaught Error: PDOStatement::bindParam(): Argument #2 ($var) cannot be passed by reference in C:\xampp\htdocs\FarmCS\handlers\soil_moisture_handler.php:83
Stack trace:
#0 {main}
  thrown in C:\xampp\htdocs\FarmCS\handlers\soil_moisture_handler.php on line 83
[06-Dec-2024 16:33:24 Europe/Berlin] PHP Fatal error:  Uncaught Error: PDOStatement::bindParam(): Argument #2 ($var) cannot be passed by reference in C:\xampp\htdocs\FarmCS\handlers\soil_moisture_handler.php:83
Stack trace:
#0 {main}
  thrown in C:\xampp\htdocs\FarmCS\handlers\soil_moisture_handler.php on line 83
[06-Dec-2024 16:33:27 Europe/Berlin] PHP Fatal error:  Uncaught Error: PDOStatement::bindParam(): Argument #2 ($var) cannot be passed by reference in C:\xampp\htdocs\FarmCS\handlers\soil_moisture_handler.php:83
Stack trace:
#0 {main}
  thrown in C:\xampp\htdocs\FarmCS\handlers\soil_moisture_handler.php on line 83
[06-Dec-2024 16:33:29 Europe/Berlin] PHP Fatal error:  Uncaught Error: PDOStatement::bindParam(): Argument #2 ($var) cannot be passed by reference in C:\xampp\htdocs\FarmCS\handlers\soil_moisture_handler.php:83
Stack trace:
#0 {main}
  thrown in C:\xampp\htdocs\FarmCS\handlers\soil_moisture_handler.php on line 83
[06-Dec-2024 16:33:32 Europe/Berlin] PHP Fatal error:  Uncaught Error: PDOStatement::bindParam(): Argument #2 ($var) cannot be passed by reference in C:\xampp\htdocs\FarmCS\handlers\soil_moisture_handler.php:83
Stack trace:
#0 {main}
  thrown in C:\xampp\htdocs\FarmCS\handlers\soil_moisture_handler.php on line 83
[06-Dec-2024 16:33:35 Europe/Berlin] PHP Fatal error:  Uncaught Error: PDOStatement::bindParam(): Argument #2 ($var) cannot be passed by reference in C:\xampp\htdocs\FarmCS\handlers\soil_moisture_handler.php:83
Stack trace:
#0 {main}
  thrown in C:\xampp\htdocs\FarmCS\handlers\soil_moisture_handler.php on line 83
[06-Dec-2024 16:33:37 Europe/Berlin] PHP Fatal error:  Uncaught Error: PDOStatement::bindParam(): Argument #2 ($var) cannot be passed by reference in C:\xampp\htdocs\FarmCS\handlers\soil_moisture_handler.php:83
Stack trace:
#0 {main}
  thrown in C:\xampp\htdocs\FarmCS\handlers\soil_moisture_handler.php on line 83
[06-Dec-2024 16:33:40 Europe/Berlin] PHP Fatal error:  Uncaught Error: PDOStatement::bindParam(): Argument #2 ($var) cannot be passed by reference in C:\xampp\htdocs\FarmCS\handlers\soil_moisture_handler.php:83
Stack trace:
#0 {main}
  thrown in C:\xampp\htdocs\FarmCS\handlers\soil_moisture_handler.php on line 83
[06-Dec-2024 16:33:43 Europe/Berlin] PHP Fatal error:  Uncaught Error: PDOStatement::bindParam(): Argument #2 ($var) cannot be passed by reference in C:\xampp\htdocs\FarmCS\handlers\soil_moisture_handler.php:83
Stack trace:
#0 {main}
  thrown in C:\xampp\htdocs\FarmCS\handlers\soil_moisture_handler.php on line 83
[06-Dec-2024 16:33:45 Europe/Berlin] PHP Fatal error:  Uncaught Error: PDOStatement::bindParam(): Argument #2 ($var) cannot be passed by reference in C:\xampp\htdocs\FarmCS\handlers\soil_moisture_handler.php:83
Stack trace:
#0 {main}
  thrown in C:\xampp\htdocs\FarmCS\handlers\soil_moisture_handler.php on line 83
[06-Dec-2024 16:33:48 Europe/Berlin] PHP Fatal error:  Uncaught Error: PDOStatement::bindParam(): Argument #2 ($var) cannot be passed by reference in C:\xampp\htdocs\FarmCS\handlers\soil_moisture_handler.php:83
Stack trace:
#0 {main}
  thrown in C:\xampp\htdocs\FarmCS\handlers\soil_moisture_handler.php on line 83
[06-Dec-2024 16:33:50 Europe/Berlin] PHP Fatal error:  Uncaught Error: PDOStatement::bindParam(): Argument #2 ($var) cannot be passed by reference in C:\xampp\htdocs\FarmCS\handlers\soil_moisture_handler.php:83
Stack trace:
#0 {main}
  thrown in C:\xampp\htdocs\FarmCS\handlers\soil_moisture_handler.php on line 83
[06-Dec-2024 16:33:53 Europe/Berlin] PHP Fatal error:  Uncaught Error: PDOStatement::bindParam(): Argument #2 ($var) cannot be passed by reference in C:\xampp\htdocs\FarmCS\handlers\soil_moisture_handler.php:83
Stack trace:
#0 {main}
  thrown in C:\xampp\htdocs\FarmCS\handlers\soil_moisture_handler.php on line 83
[06-Dec-2024 16:33:55 Europe/Berlin] PHP Fatal error:  Uncaught Error: PDOStatement::bindParam(): Argument #2 ($var) cannot be passed by reference in C:\xampp\htdocs\FarmCS\handlers\soil_moisture_handler.php:83
Stack trace:
#0 {main}
  thrown in C:\xampp\htdocs\FarmCS\handlers\soil_moisture_handler.php on line 83
[06-Dec-2024 16:33:58 Europe/Berlin] PHP Fatal error:  Uncaught Error: PDOStatement::bindParam(): Argument #2 ($var) cannot be passed by reference in C:\xampp\htdocs\FarmCS\handlers\soil_moisture_handler.php:83
Stack trace:
#0 {main}
  thrown in C:\xampp\htdocs\FarmCS\handlers\soil_moisture_handler.php on line 83
[06-Dec-2024 16:34:00 Europe/Berlin] PHP Fatal error:  Uncaught Error: PDOStatement::bindParam(): Argument #2 ($var) cannot be passed by reference in C:\xampp\htdocs\FarmCS\handlers\soil_moisture_handler.php:83
Stack trace:
#0 {main}
  thrown in C:\xampp\htdocs\FarmCS\handlers\soil_moisture_handler.php on line 83
[06-Dec-2024 16:34:03 Europe/Berlin] PHP Fatal error:  Uncaught Error: PDOStatement::bindParam(): Argument #2 ($var) cannot be passed by reference in C:\xampp\htdocs\FarmCS\handlers\soil_moisture_handler.php:83
Stack trace:
#0 {main}
  thrown in C:\xampp\htdocs\FarmCS\handlers\soil_moisture_handler.php on line 83
[06-Dec-2024 16:34:05 Europe/Berlin] PHP Fatal error:  Uncaught Error: PDOStatement::bindParam(): Argument #2 ($var) cannot be passed by reference in C:\xampp\htdocs\FarmCS\handlers\soil_moisture_handler.php:83
Stack trace:
#0 {main}
  thrown in C:\xampp\htdocs\FarmCS\handlers\soil_moisture_handler.php on line 83
[06-Dec-2024 16:34:08 Europe/Berlin] PHP Fatal error:  Uncaught Error: PDOStatement::bindParam(): Argument #2 ($var) cannot be passed by reference in C:\xampp\htdocs\FarmCS\handlers\soil_moisture_handler.php:83
Stack trace:
#0 {main}
  thrown in C:\xampp\htdocs\FarmCS\handlers\soil_moisture_handler.php on line 83
[06-Dec-2024 16:34:10 Europe/Berlin] PHP Fatal error:  Uncaught Error: PDOStatement::bindParam(): Argument #2 ($var) cannot be passed by reference in C:\xampp\htdocs\FarmCS\handlers\soil_moisture_handler.php:83
Stack trace:
#0 {main}
  thrown in C:\xampp\htdocs\FarmCS\handlers\soil_moisture_handler.php on line 83
[06-Dec-2024 16:34:12 Europe/Berlin] PHP Fatal error:  Uncaught Error: PDOStatement::bindParam(): Argument #2 ($var) cannot be passed by reference in C:\xampp\htdocs\FarmCS\handlers\soil_moisture_handler.php:83
Stack trace:
#0 {main}
  thrown in C:\xampp\htdocs\FarmCS\handlers\soil_moisture_handler.php on line 83
[06-Dec-2024 16:34:15 Europe/Berlin] PHP Fatal error:  Uncaught Error: PDOStatement::bindParam(): Argument #2 ($var) cannot be passed by reference in C:\xampp\htdocs\FarmCS\handlers\soil_moisture_handler.php:83
Stack trace:
#0 {main}
  thrown in C:\xampp\htdocs\FarmCS\handlers\soil_moisture_handler.php on line 83
[06-Dec-2024 16:34:17 Europe/Berlin] PHP Fatal error:  Uncaught Error: PDOStatement::bindParam(): Argument #2 ($var) cannot be passed by reference in C:\xampp\htdocs\FarmCS\handlers\soil_moisture_handler.php:83
Stack trace:
#0 {main}
  thrown in C:\xampp\htdocs\FarmCS\handlers\soil_moisture_handler.php on line 83
[06-Dec-2024 16:34:20 Europe/Berlin] PHP Fatal error:  Uncaught Error: PDOStatement::bindParam(): Argument #2 ($var) cannot be passed by reference in C:\xampp\htdocs\FarmCS\handlers\soil_moisture_handler.php:83
Stack trace:
#0 {main}
  thrown in C:\xampp\htdocs\FarmCS\handlers\soil_moisture_handler.php on line 83
[06-Dec-2024 16:34:22 Europe/Berlin] PHP Fatal error:  Uncaught Error: PDOStatement::bindParam(): Argument #2 ($var) cannot be passed by reference in C:\xampp\htdocs\FarmCS\handlers\soil_moisture_handler.php:83
Stack trace:
#0 {main}
  thrown in C:\xampp\htdocs\FarmCS\handlers\soil_moisture_handler.php on line 83
[06-Dec-2024 16:34:25 Europe/Berlin] PHP Fatal error:  Uncaught Error: PDOStatement::bindParam(): Argument #2 ($var) cannot be passed by reference in C:\xampp\htdocs\FarmCS\handlers\soil_moisture_handler.php:83
Stack trace:
#0 {main}
  thrown in C:\xampp\htdocs\FarmCS\handlers\soil_moisture_handler.php on line 83
[06-Dec-2024 16:34:27 Europe/Berlin] PHP Fatal error:  Uncaught Error: PDOStatement::bindParam(): Argument #2 ($var) cannot be passed by reference in C:\xampp\htdocs\FarmCS\handlers\soil_moisture_handler.php:83
Stack trace:
#0 {main}
  thrown in C:\xampp\htdocs\FarmCS\handlers\soil_moisture_handler.php on line 83
[06-Dec-2024 16:34:30 Europe/Berlin] PHP Fatal error:  Uncaught Error: PDOStatement::bindParam(): Argument #2 ($var) cannot be passed by reference in C:\xampp\htdocs\FarmCS\handlers\soil_moisture_handler.php:83
Stack trace:
#0 {main}
  thrown in C:\xampp\htdocs\FarmCS\handlers\soil_moisture_handler.php on line 83
[06-Dec-2024 16:34:32 Europe/Berlin] PHP Fatal error:  Uncaught Error: PDOStatement::bindParam(): Argument #2 ($var) cannot be passed by reference in C:\xampp\htdocs\FarmCS\handlers\soil_moisture_handler.php:83
Stack trace:
#0 {main}
  thrown in C:\xampp\htdocs\FarmCS\handlers\soil_moisture_handler.php on line 83
[06-Dec-2024 16:34:35 Europe/Berlin] PHP Fatal error:  Uncaught Error: PDOStatement::bindParam(): Argument #2 ($var) cannot be passed by reference in C:\xampp\htdocs\FarmCS\handlers\soil_moisture_handler.php:83
Stack trace:
#0 {main}
  thrown in C:\xampp\htdocs\FarmCS\handlers\soil_moisture_handler.php on line 83
[06-Dec-2024 16:34:37 Europe/Berlin] PHP Fatal error:  Uncaught Error: PDOStatement::bindParam(): Argument #2 ($var) cannot be passed by reference in C:\xampp\htdocs\FarmCS\handlers\soil_moisture_handler.php:83
Stack trace:
#0 {main}
  thrown in C:\xampp\htdocs\FarmCS\handlers\soil_moisture_handler.php on line 83
[06-Dec-2024 16:34:39 Europe/Berlin] PHP Fatal error:  Uncaught Error: PDOStatement::bindParam(): Argument #2 ($var) cannot be passed by reference in C:\xampp\htdocs\FarmCS\handlers\soil_moisture_handler.php:83
Stack trace:
#0 {main}
  thrown in C:\xampp\htdocs\FarmCS\handlers\soil_moisture_handler.php on line 83
[06-Dec-2024 16:34:42 Europe/Berlin] PHP Fatal error:  Uncaught Error: PDOStatement::bindParam(): Argument #2 ($var) cannot be passed by reference in C:\xampp\htdocs\FarmCS\handlers\soil_moisture_handler.php:83
Stack trace:
#0 {main}
  thrown in C:\xampp\htdocs\FarmCS\handlers\soil_moisture_handler.php on line 83
[06-Dec-2024 16:34:44 Europe/Berlin] PHP Fatal error:  Uncaught Error: PDOStatement::bindParam(): Argument #2 ($var) cannot be passed by reference in C:\xampp\htdocs\FarmCS\handlers\soil_moisture_handler.php:83
Stack trace:
#0 {main}
  thrown in C:\xampp\htdocs\FarmCS\handlers\soil_moisture_handler.php on line 83
[06-Dec-2024 16:34:46 Europe/Berlin] PHP Fatal error:  Uncaught Error: PDOStatement::bindParam(): Argument #2 ($var) cannot be passed by reference in C:\xampp\htdocs\FarmCS\handlers\soil_moisture_handler.php:83
Stack trace:
#0 {main}
  thrown in C:\xampp\htdocs\FarmCS\handlers\soil_moisture_handler.php on line 83
[06-Dec-2024 16:34:49 Europe/Berlin] PHP Fatal error:  Uncaught Error: PDOStatement::bindParam(): Argument #2 ($var) cannot be passed by reference in C:\xampp\htdocs\FarmCS\handlers\soil_moisture_handler.php:83
Stack trace:
#0 {main}
  thrown in C:\xampp\htdocs\FarmCS\handlers\soil_moisture_handler.php on line 83
[06-Dec-2024 16:34:51 Europe/Berlin] PHP Fatal error:  Uncaught Error: PDOStatement::bindParam(): Argument #2 ($var) cannot be passed by reference in C:\xampp\htdocs\FarmCS\handlers\soil_moisture_handler.php:83
Stack trace:
#0 {main}
  thrown in C:\xampp\htdocs\FarmCS\handlers\soil_moisture_handler.php on line 83
[06-Dec-2024 16:34:54 Europe/Berlin] PHP Fatal error:  Uncaught Error: PDOStatement::bindParam(): Argument #2 ($var) cannot be passed by reference in C:\xampp\htdocs\FarmCS\handlers\soil_moisture_handler.php:83
Stack trace:
#0 {main}
  thrown in C:\xampp\htdocs\FarmCS\handlers\soil_moisture_handler.php on line 83
[06-Dec-2024 16:34:56 Europe/Berlin] PHP Fatal error:  Uncaught Error: PDOStatement::bindParam(): Argument #2 ($var) cannot be passed by reference in C:\xampp\htdocs\FarmCS\handlers\soil_moisture_handler.php:83
Stack trace:
#0 {main}
  thrown in C:\xampp\htdocs\FarmCS\handlers\soil_moisture_handler.php on line 83
[06-Dec-2024 16:37:37 Europe/Berlin] PHP Fatal error:  Uncaught Error: PDOStatement::bindParam(): Argument #2 ($var) cannot be passed by reference in C:\xampp\htdocs\FarmCS\handlers\soil_moisture_handler.php:83
Stack trace:
#0 {main}
  thrown in C:\xampp\htdocs\FarmCS\handlers\soil_moisture_handler.php on line 83
[06-Dec-2024 16:38:07 Europe/Berlin] PHP Fatal error:  Uncaught Error: PDOStatement::bindParam(): Argument #2 ($var) cannot be passed by reference in C:\xampp\htdocs\FarmCS\handlers\soil_moisture_handler.php:83
Stack trace:
#0 {main}
  thrown in C:\xampp\htdocs\FarmCS\handlers\soil_moisture_handler.php on line 83
[06-Dec-2024 16:38:38 Europe/Berlin] PHP Fatal error:  Uncaught Error: PDOStatement::bindParam(): Argument #2 ($var) cannot be passed by reference in C:\xampp\htdocs\FarmCS\handlers\soil_moisture_handler.php:83
Stack trace:
#0 {main}
  thrown in C:\xampp\htdocs\FarmCS\handlers\soil_moisture_handler.php on line 83
[06-Dec-2024 16:39:08 Europe/Berlin] PHP Fatal error:  Uncaught Error: PDOStatement::bindParam(): Argument #2 ($var) cannot be passed by reference in C:\xampp\htdocs\FarmCS\handlers\soil_moisture_handler.php:83
Stack trace:
#0 {main}
  thrown in C:\xampp\htdocs\FarmCS\handlers\soil_moisture_handler.php on line 83
[06-Dec-2024 16:39:39 Europe/Berlin] PHP Fatal error:  Uncaught Error: PDOStatement::bindParam(): Argument #2 ($var) cannot be passed by reference in C:\xampp\htdocs\FarmCS\handlers\soil_moisture_handler.php:83
Stack trace:
#0 {main}
  thrown in C:\xampp\htdocs\FarmCS\handlers\soil_moisture_handler.php on line 83
[06-Dec-2024 16:40:16 Europe/Berlin] PHP Fatal error:  Uncaught Error: PDOStatement::bindParam(): Argument #2 ($var) cannot be passed by reference in C:\xampp\htdocs\FarmCS\handlers\soil_moisture_handler.php:83
Stack trace:
#0 {main}
  thrown in C:\xampp\htdocs\FarmCS\handlers\soil_moisture_handler.php on line 83
[06-Dec-2024 16:40:18 Europe/Berlin] PHP Fatal error:  Uncaught Error: PDOStatement::bindParam(): Argument #2 ($var) cannot be passed by reference in C:\xampp\htdocs\FarmCS\handlers\soil_moisture_handler.php:83
Stack trace:
#0 {main}
  thrown in C:\xampp\htdocs\FarmCS\handlers\soil_moisture_handler.php on line 83
[06-Dec-2024 16:40:20 Europe/Berlin] PHP Fatal error:  Uncaught Error: PDOStatement::bindParam(): Argument #2 ($var) cannot be passed by reference in C:\xampp\htdocs\FarmCS\handlers\soil_moisture_handler.php:83
Stack trace:
#0 {main}
  thrown in C:\xampp\htdocs\FarmCS\handlers\soil_moisture_handler.php on line 83
[06-Dec-2024 16:40:23 Europe/Berlin] PHP Fatal error:  Uncaught Error: PDOStatement::bindParam(): Argument #2 ($var) cannot be passed by reference in C:\xampp\htdocs\FarmCS\handlers\soil_moisture_handler.php:83
Stack trace:
#0 {main}
  thrown in C:\xampp\htdocs\FarmCS\handlers\soil_moisture_handler.php on line 83
[06-Dec-2024 16:40:26 Europe/Berlin] PHP Fatal error:  Uncaught Error: PDOStatement::bindParam(): Argument #2 ($var) cannot be passed by reference in C:\xampp\htdocs\FarmCS\handlers\soil_moisture_handler.php:83
Stack trace:
#0 {main}
  thrown in C:\xampp\htdocs\FarmCS\handlers\soil_moisture_handler.php on line 83
[06-Dec-2024 16:40:28 Europe/Berlin] PHP Fatal error:  Uncaught Error: PDOStatement::bindParam(): Argument #2 ($var) cannot be passed by reference in C:\xampp\htdocs\FarmCS\handlers\soil_moisture_handler.php:83
Stack trace:
#0 {main}
  thrown in C:\xampp\htdocs\FarmCS\handlers\soil_moisture_handler.php on line 83
[06-Dec-2024 16:40:31 Europe/Berlin] PHP Fatal error:  Uncaught Error: PDOStatement::bindParam(): Argument #2 ($var) cannot be passed by reference in C:\xampp\htdocs\FarmCS\handlers\soil_moisture_handler.php:83
Stack trace:
#0 {main}
  thrown in C:\xampp\htdocs\FarmCS\handlers\soil_moisture_handler.php on line 83
[06-Dec-2024 16:40:34 Europe/Berlin] PHP Fatal error:  Uncaught Error: PDOStatement::bindParam(): Argument #2 ($var) cannot be passed by reference in C:\xampp\htdocs\FarmCS\handlers\soil_moisture_handler.php:83
Stack trace:
#0 {main}
  thrown in C:\xampp\htdocs\FarmCS\handlers\soil_moisture_handler.php on line 83
[06-Dec-2024 16:40:36 Europe/Berlin] PHP Fatal error:  Uncaught Error: PDOStatement::bindParam(): Argument #2 ($var) cannot be passed by reference in C:\xampp\htdocs\FarmCS\handlers\soil_moisture_handler.php:83
Stack trace:
#0 {main}
  thrown in C:\xampp\htdocs\FarmCS\handlers\soil_moisture_handler.php on line 83
[06-Dec-2024 16:40:39 Europe/Berlin] PHP Fatal error:  Uncaught Error: PDOStatement::bindParam(): Argument #2 ($var) cannot be passed by reference in C:\xampp\htdocs\FarmCS\handlers\soil_moisture_handler.php:83
Stack trace:
#0 {main}
  thrown in C:\xampp\htdocs\FarmCS\handlers\soil_moisture_handler.php on line 83
[07-Dec-2024 15:28:50 Europe/Berlin] PHP Warning:  The magic method Database::__wakeup() must have public visibility in C:\xampp\htdocs\FarmCS\config\database.php on line 44
[07-Dec-2024 15:28:50 Europe/Berlin] PHP Fatal error:  Uncaught Error: Call to private Database::__construct() from global scope in C:\xampp\htdocs\FarmCS\handlers\soil_moisture_handler.php:158
Stack trace:
#0 {main}
  thrown in C:\xampp\htdocs\FarmCS\handlers\soil_moisture_handler.php on line 158
[07-Dec-2024 15:28:51 Europe/Berlin] PHP Warning:  The magic method Database::__wakeup() must have public visibility in C:\xampp\htdocs\FarmCS\config\database.php on line 44
[07-Dec-2024 15:28:51 Europe/Berlin] PHP Fatal error:  Uncaught Error: Call to private Database::__construct() from global scope in C:\xampp\htdocs\FarmCS\handlers\soil_moisture_handler.php:61
Stack trace:
#0 {main}
  thrown in C:\xampp\htdocs\FarmCS\handlers\soil_moisture_handler.php on line 61
[07-Dec-2024 15:28:51 Europe/Berlin] PHP Warning:  The magic method Database::__wakeup() must have public visibility in C:\xampp\htdocs\FarmCS\config\database.php on line 44
[07-Dec-2024 15:28:51 Europe/Berlin] PHP Fatal error:  Uncaught Error: Call to private Database::__construct() from global scope in C:\xampp\htdocs\FarmCS\handlers\soil_moisture_handler.php:61
Stack trace:
#0 {main}
  thrown in C:\xampp\htdocs\FarmCS\handlers\soil_moisture_handler.php on line 61
[07-Dec-2024 15:28:52 Europe/Berlin] PHP Warning:  The magic method Database::__wakeup() must have public visibility in C:\xampp\htdocs\FarmCS\config\database.php on line 44
[07-Dec-2024 15:28:52 Europe/Berlin] PHP Fatal error:  Uncaught Error: Call to private Database::__construct() from global scope in C:\xampp\htdocs\FarmCS\handlers\soil_moisture_handler.php:158
Stack trace:
#0 {main}
  thrown in C:\xampp\htdocs\FarmCS\handlers\soil_moisture_handler.php on line 158
[07-Dec-2024 15:28:53 Europe/Berlin] PHP Warning:  The magic method Database::__wakeup() must have public visibility in C:\xampp\htdocs\FarmCS\config\database.php on line 44
[07-Dec-2024 15:28:53 Europe/Berlin] PHP Fatal error:  Uncaught Error: Call to private Database::__construct() from global scope in C:\xampp\htdocs\FarmCS\handlers\soil_moisture_handler.php:61
Stack trace:
#0 {main}
  thrown in C:\xampp\htdocs\FarmCS\handlers\soil_moisture_handler.php on line 61
[07-Dec-2024 15:28:53 Europe/Berlin] PHP Warning:  The magic method Database::__wakeup() must have public visibility in C:\xampp\htdocs\FarmCS\config\database.php on line 44
[07-Dec-2024 15:28:53 Europe/Berlin] PHP Fatal error:  Uncaught Error: Call to private Database::__construct() from global scope in C:\xampp\htdocs\FarmCS\handlers\soil_moisture_handler.php:61
Stack trace:
#0 {main}
  thrown in C:\xampp\htdocs\FarmCS\handlers\soil_moisture_handler.php on line 61
[07-Dec-2024 15:28:54 Europe/Berlin] PHP Warning:  The magic method Database::__wakeup() must have public visibility in C:\xampp\htdocs\FarmCS\config\database.php on line 44
[07-Dec-2024 15:28:54 Europe/Berlin] PHP Fatal error:  Uncaught Error: Call to private Database::__construct() from global scope in C:\xampp\htdocs\FarmCS\handlers\soil_moisture_handler.php:158
Stack trace:
#0 {main}
  thrown in C:\xampp\htdocs\FarmCS\handlers\soil_moisture_handler.php on line 158
[07-Dec-2024 15:28:55 Europe/Berlin] PHP Warning:  The magic method Database::__wakeup() must have public visibility in C:\xampp\htdocs\FarmCS\config\database.php on line 44
[07-Dec-2024 15:28:55 Europe/Berlin] PHP Fatal error:  Uncaught Error: Call to private Database::__construct() from global scope in C:\xampp\htdocs\FarmCS\handlers\soil_moisture_handler.php:61
Stack trace:
#0 {main}
  thrown in C:\xampp\htdocs\FarmCS\handlers\soil_moisture_handler.php on line 61
[07-Dec-2024 15:28:55 Europe/Berlin] PHP Warning:  The magic method Database::__wakeup() must have public visibility in C:\xampp\htdocs\FarmCS\config\database.php on line 44
[07-Dec-2024 15:28:55 Europe/Berlin] PHP Fatal error:  Uncaught Error: Call to private Database::__construct() from global scope in C:\xampp\htdocs\FarmCS\handlers\soil_moisture_handler.php:61
Stack trace:
#0 {main}
  thrown in C:\xampp\htdocs\FarmCS\handlers\soil_moisture_handler.php on line 61
[07-Dec-2024 15:28:56 Europe/Berlin] PHP Warning:  The magic method Database::__wakeup() must have public visibility in C:\xampp\htdocs\FarmCS\config\database.php on line 44
[07-Dec-2024 15:28:56 Europe/Berlin] PHP Fatal error:  Uncaught Error: Call to private Database::__construct() from global scope in C:\xampp\htdocs\FarmCS\handlers\soil_moisture_handler.php:158
Stack trace:
#0 {main}
  thrown in C:\xampp\htdocs\FarmCS\handlers\soil_moisture_handler.php on line 158
[07-Dec-2024 15:28:58 Europe/Berlin] PHP Warning:  The magic method Database::__wakeup() must have public visibility in C:\xampp\htdocs\FarmCS\config\database.php on line 44
[07-Dec-2024 15:28:58 Europe/Berlin] PHP Fatal error:  Uncaught Error: Call to private Database::__construct() from global scope in C:\xampp\htdocs\FarmCS\handlers\soil_moisture_handler.php:158
Stack trace:
#0 {main}
  thrown in C:\xampp\htdocs\FarmCS\handlers\soil_moisture_handler.php on line 158
[07-Dec-2024 15:29:00 Europe/Berlin] PHP Warning:  The magic method Database::__wakeup() must have public visibility in C:\xampp\htdocs\FarmCS\config\database.php on line 44
[07-Dec-2024 15:29:00 Europe/Berlin] PHP Fatal error:  Uncaught Error: Call to private Database::__construct() from global scope in C:\xampp\htdocs\FarmCS\handlers\soil_moisture_handler.php:158
Stack trace:
#0 {main}
  thrown in C:\xampp\htdocs\FarmCS\handlers\soil_moisture_handler.php on line 158
[07-Dec-2024 15:29:02 Europe/Berlin] PHP Warning:  The magic method Database::__wakeup() must have public visibility in C:\xampp\htdocs\FarmCS\config\database.php on line 44
[07-Dec-2024 15:29:02 Europe/Berlin] PHP Fatal error:  Uncaught Error: Call to private Database::__construct() from global scope in C:\xampp\htdocs\FarmCS\handlers\soil_moisture_handler.php:158
Stack trace:
#0 {main}
  thrown in C:\xampp\htdocs\FarmCS\handlers\soil_moisture_handler.php on line 158
[07-Dec-2024 15:29:04 Europe/Berlin] PHP Warning:  The magic method Database::__wakeup() must have public visibility in C:\xampp\htdocs\FarmCS\config\database.php on line 44
[07-Dec-2024 15:29:04 Europe/Berlin] PHP Fatal error:  Uncaught Error: Call to private Database::__construct() from global scope in C:\xampp\htdocs\FarmCS\handlers\soil_moisture_handler.php:158
Stack trace:
#0 {main}
  thrown in C:\xampp\htdocs\FarmCS\handlers\soil_moisture_handler.php on line 158
[07-Dec-2024 15:29:06 Europe/Berlin] PHP Warning:  The magic method Database::__wakeup() must have public visibility in C:\xampp\htdocs\FarmCS\config\database.php on line 44
[07-Dec-2024 15:29:06 Europe/Berlin] PHP Fatal error:  Uncaught Error: Call to private Database::__construct() from global scope in C:\xampp\htdocs\FarmCS\handlers\soil_moisture_handler.php:158
Stack trace:
#0 {main}
  thrown in C:\xampp\htdocs\FarmCS\handlers\soil_moisture_handler.php on line 158
[07-Dec-2024 15:29:08 Europe/Berlin] PHP Warning:  The magic method Database::__wakeup() must have public visibility in C:\xampp\htdocs\FarmCS\config\database.php on line 44
[07-Dec-2024 15:29:08 Europe/Berlin] PHP Fatal error:  Uncaught Error: Call to private Database::__construct() from global scope in C:\xampp\htdocs\FarmCS\handlers\soil_moisture_handler.php:158
Stack trace:
#0 {main}
  thrown in C:\xampp\htdocs\FarmCS\handlers\soil_moisture_handler.php on line 158
[07-Dec-2024 15:29:09 Europe/Berlin] PHP Warning:  The magic method Database::__wakeup() must have public visibility in C:\xampp\htdocs\FarmCS\config\database.php on line 44
[07-Dec-2024 15:29:09 Europe/Berlin] PHP Fatal error:  Uncaught Error: Call to private Database::__construct() from global scope in C:\xampp\htdocs\FarmCS\handlers\soil_moisture_handler.php:61
Stack trace:
#0 {main}
  thrown in C:\xampp\htdocs\FarmCS\handlers\soil_moisture_handler.php on line 61
[07-Dec-2024 15:29:09 Europe/Berlin] PHP Warning:  The magic method Database::__wakeup() must have public visibility in C:\xampp\htdocs\FarmCS\config\database.php on line 44
[07-Dec-2024 15:29:09 Europe/Berlin] PHP Fatal error:  Uncaught Error: Call to private Database::__construct() from global scope in C:\xampp\htdocs\FarmCS\handlers\soil_moisture_handler.php:61
Stack trace:
#0 {main}
  thrown in C:\xampp\htdocs\FarmCS\handlers\soil_moisture_handler.php on line 61
[07-Dec-2024 15:29:09 Europe/Berlin] PHP Warning:  The magic method Database::__wakeup() must have public visibility in C:\xampp\htdocs\FarmCS\config\database.php on line 44
[07-Dec-2024 15:29:09 Europe/Berlin] PHP Fatal error:  Uncaught Error: Call to private Database::__construct() from global scope in C:\xampp\htdocs\FarmCS\handlers\soil_moisture_handler.php:61
Stack trace:
#0 {main}
  thrown in C:\xampp\htdocs\FarmCS\handlers\soil_moisture_handler.php on line 61
[07-Dec-2024 15:29:10 Europe/Berlin] PHP Warning:  The magic method Database::__wakeup() must have public visibility in C:\xampp\htdocs\FarmCS\config\database.php on line 44
[07-Dec-2024 15:29:10 Europe/Berlin] PHP Fatal error:  Uncaught Error: Call to private Database::__construct() from global scope in C:\xampp\htdocs\FarmCS\handlers\soil_moisture_handler.php:158
Stack trace:
#0 {main}
  thrown in C:\xampp\htdocs\FarmCS\handlers\soil_moisture_handler.php on line 158
[07-Dec-2024 15:29:12 Europe/Berlin] PHP Warning:  The magic method Database::__wakeup() must have public visibility in C:\xampp\htdocs\FarmCS\config\database.php on line 44
[07-Dec-2024 15:29:12 Europe/Berlin] PHP Fatal error:  Uncaught Error: Call to private Database::__construct() from global scope in C:\xampp\htdocs\FarmCS\handlers\soil_moisture_handler.php:158
Stack trace:
#0 {main}
  thrown in C:\xampp\htdocs\FarmCS\handlers\soil_moisture_handler.php on line 158
[07-Dec-2024 15:29:14 Europe/Berlin] PHP Warning:  The magic method Database::__wakeup() must have public visibility in C:\xampp\htdocs\FarmCS\config\database.php on line 44
[07-Dec-2024 15:29:14 Europe/Berlin] PHP Fatal error:  Uncaught Error: Call to private Database::__construct() from global scope in C:\xampp\htdocs\FarmCS\handlers\soil_moisture_handler.php:158
Stack trace:
#0 {main}
  thrown in C:\xampp\htdocs\FarmCS\handlers\soil_moisture_handler.php on line 158
[07-Dec-2024 15:29:16 Europe/Berlin] PHP Warning:  The magic method Database::__wakeup() must have public visibility in C:\xampp\htdocs\FarmCS\config\database.php on line 44
[07-Dec-2024 15:29:16 Europe/Berlin] PHP Fatal error:  Uncaught Error: Call to private Database::__construct() from global scope in C:\xampp\htdocs\FarmCS\handlers\soil_moisture_handler.php:158
Stack trace:
#0 {main}
  thrown in C:\xampp\htdocs\FarmCS\handlers\soil_moisture_handler.php on line 158
[07-Dec-2024 15:29:18 Europe/Berlin] PHP Warning:  The magic method Database::__wakeup() must have public visibility in C:\xampp\htdocs\FarmCS\config\database.php on line 44
[07-Dec-2024 15:29:18 Europe/Berlin] PHP Fatal error:  Uncaught Error: Call to private Database::__construct() from global scope in C:\xampp\htdocs\FarmCS\handlers\soil_moisture_handler.php:158
Stack trace:
#0 {main}
  thrown in C:\xampp\htdocs\FarmCS\handlers\soil_moisture_handler.php on line 158
[07-Dec-2024 15:29:20 Europe/Berlin] PHP Warning:  The magic method Database::__wakeup() must have public visibility in C:\xampp\htdocs\FarmCS\config\database.php on line 44
[07-Dec-2024 15:29:20 Europe/Berlin] PHP Fatal error:  Uncaught Error: Call to private Database::__construct() from global scope in C:\xampp\htdocs\FarmCS\handlers\soil_moisture_handler.php:158
Stack trace:
#0 {main}
  thrown in C:\xampp\htdocs\FarmCS\handlers\soil_moisture_handler.php on line 158
[07-Dec-2024 15:29:22 Europe/Berlin] PHP Warning:  The magic method Database::__wakeup() must have public visibility in C:\xampp\htdocs\FarmCS\config\database.php on line 44
[07-Dec-2024 15:29:22 Europe/Berlin] PHP Fatal error:  Uncaught Error: Call to private Database::__construct() from global scope in C:\xampp\htdocs\FarmCS\handlers\soil_moisture_handler.php:158
Stack trace:
#0 {main}
  thrown in C:\xampp\htdocs\FarmCS\handlers\soil_moisture_handler.php on line 158
[07-Dec-2024 15:29:24 Europe/Berlin] PHP Warning:  The magic method Database::__wakeup() must have public visibility in C:\xampp\htdocs\FarmCS\config\database.php on line 44
[07-Dec-2024 15:29:24 Europe/Berlin] PHP Fatal error:  Uncaught Error: Call to private Database::__construct() from global scope in C:\xampp\htdocs\FarmCS\handlers\soil_moisture_handler.php:158
Stack trace:
#0 {main}
  thrown in C:\xampp\htdocs\FarmCS\handlers\soil_moisture_handler.php on line 158
[07-Dec-2024 15:29:26 Europe/Berlin] PHP Warning:  The magic method Database::__wakeup() must have public visibility in C:\xampp\htdocs\FarmCS\config\database.php on line 44
[07-Dec-2024 15:29:26 Europe/Berlin] PHP Fatal error:  Uncaught Error: Call to private Database::__construct() from global scope in C:\xampp\htdocs\FarmCS\handlers\soil_moisture_handler.php:158
Stack trace:
#0 {main}
  thrown in C:\xampp\htdocs\FarmCS\handlers\soil_moisture_handler.php on line 158
[07-Dec-2024 15:29:28 Europe/Berlin] PHP Warning:  The magic method Database::__wakeup() must have public visibility in C:\xampp\htdocs\FarmCS\config\database.php on line 44
[07-Dec-2024 15:29:28 Europe/Berlin] PHP Fatal error:  Uncaught Error: Call to private Database::__construct() from global scope in C:\xampp\htdocs\FarmCS\handlers\soil_moisture_handler.php:158
Stack trace:
#0 {main}
  thrown in C:\xampp\htdocs\FarmCS\handlers\soil_moisture_handler.php on line 158
[07-Dec-2024 15:29:30 Europe/Berlin] PHP Warning:  The magic method Database::__wakeup() must have public visibility in C:\xampp\htdocs\FarmCS\config\database.php on line 44
[07-Dec-2024 15:29:30 Europe/Berlin] PHP Fatal error:  Uncaught Error: Call to private Database::__construct() from global scope in C:\xampp\htdocs\FarmCS\handlers\soil_moisture_handler.php:158
Stack trace:
#0 {main}
  thrown in C:\xampp\htdocs\FarmCS\handlers\soil_moisture_handler.php on line 158
[07-Dec-2024 15:29:32 Europe/Berlin] PHP Warning:  The magic method Database::__wakeup() must have public visibility in C:\xampp\htdocs\FarmCS\config\database.php on line 44
[07-Dec-2024 15:29:32 Europe/Berlin] PHP Fatal error:  Uncaught Error: Call to private Database::__construct() from global scope in C:\xampp\htdocs\FarmCS\handlers\soil_moisture_handler.php:158
Stack trace:
#0 {main}
  thrown in C:\xampp\htdocs\FarmCS\handlers\soil_moisture_handler.php on line 158
[07-Dec-2024 15:29:34 Europe/Berlin] PHP Warning:  The magic method Database::__wakeup() must have public visibility in C:\xampp\htdocs\FarmCS\config\database.php on line 44
[07-Dec-2024 15:29:34 Europe/Berlin] PHP Fatal error:  Uncaught Error: Call to private Database::__construct() from global scope in C:\xampp\htdocs\FarmCS\handlers\soil_moisture_handler.php:158
Stack trace:
#0 {main}
  thrown in C:\xampp\htdocs\FarmCS\handlers\soil_moisture_handler.php on line 158
[07-Dec-2024 15:29:36 Europe/Berlin] PHP Warning:  The magic method Database::__wakeup() must have public visibility in C:\xampp\htdocs\FarmCS\config\database.php on line 44
[07-Dec-2024 15:29:36 Europe/Berlin] PHP Fatal error:  Uncaught Error: Call to private Database::__construct() from global scope in C:\xampp\htdocs\FarmCS\handlers\soil_moisture_handler.php:158
Stack trace:
#0 {main}
  thrown in C:\xampp\htdocs\FarmCS\handlers\soil_moisture_handler.php on line 158
[07-Dec-2024 15:29:38 Europe/Berlin] PHP Warning:  The magic method Database::__wakeup() must have public visibility in C:\xampp\htdocs\FarmCS\config\database.php on line 44
[07-Dec-2024 15:29:38 Europe/Berlin] PHP Fatal error:  Uncaught Error: Call to private Database::__construct() from global scope in C:\xampp\htdocs\FarmCS\handlers\soil_moisture_handler.php:158
Stack trace:
#0 {main}
  thrown in C:\xampp\htdocs\FarmCS\handlers\soil_moisture_handler.php on line 158
[07-Dec-2024 15:29:39 Europe/Berlin] PHP Warning:  The magic method Database::__wakeup() must have public visibility in C:\xampp\htdocs\FarmCS\config\database.php on line 44
[07-Dec-2024 15:29:39 Europe/Berlin] PHP Fatal error:  Uncaught Error: Call to private Database::__construct() from global scope in C:\xampp\htdocs\FarmCS\handlers\soil_moisture_handler.php:61
Stack trace:
#0 {main}
  thrown in C:\xampp\htdocs\FarmCS\handlers\soil_moisture_handler.php on line 61
[07-Dec-2024 15:29:39 Europe/Berlin] PHP Warning:  The magic method Database::__wakeup() must have public visibility in C:\xampp\htdocs\FarmCS\config\database.php on line 44
[07-Dec-2024 15:29:39 Europe/Berlin] PHP Fatal error:  Uncaught Error: Call to private Database::__construct() from global scope in C:\xampp\htdocs\FarmCS\handlers\soil_moisture_handler.php:61
Stack trace:
#0 {main}
  thrown in C:\xampp\htdocs\FarmCS\handlers\soil_moisture_handler.php on line 61
[07-Dec-2024 15:29:39 Europe/Berlin] PHP Warning:  The magic method Database::__wakeup() must have public visibility in C:\xampp\htdocs\FarmCS\config\database.php on line 44
[07-Dec-2024 15:29:39 Europe/Berlin] PHP Fatal error:  Uncaught Error: Call to private Database::__construct() from global scope in C:\xampp\htdocs\FarmCS\handlers\soil_moisture_handler.php:61
Stack trace:
#0 {main}
  thrown in C:\xampp\htdocs\FarmCS\handlers\soil_moisture_handler.php on line 61
[07-Dec-2024 15:29:40 Europe/Berlin] PHP Warning:  The magic method Database::__wakeup() must have public visibility in C:\xampp\htdocs\FarmCS\config\database.php on line 44
[07-Dec-2024 15:29:40 Europe/Berlin] PHP Fatal error:  Uncaught Error: Call to private Database::__construct() from global scope in C:\xampp\htdocs\FarmCS\handlers\soil_moisture_handler.php:158
Stack trace:
#0 {main}
  thrown in C:\xampp\htdocs\FarmCS\handlers\soil_moisture_handler.php on line 158
[07-Dec-2024 15:29:42 Europe/Berlin] PHP Warning:  The magic method Database::__wakeup() must have public visibility in C:\xampp\htdocs\FarmCS\config\database.php on line 44
[07-Dec-2024 15:29:42 Europe/Berlin] PHP Fatal error:  Uncaught Error: Call to private Database::__construct() from global scope in C:\xampp\htdocs\FarmCS\handlers\soil_moisture_handler.php:61
Stack trace:
#0 {main}
  thrown in C:\xampp\htdocs\FarmCS\handlers\soil_moisture_handler.php on line 61
[07-Dec-2024 15:29:42 Europe/Berlin] PHP Warning:  The magic method Database::__wakeup() must have public visibility in C:\xampp\htdocs\FarmCS\config\database.php on line 44
[07-Dec-2024 15:29:42 Europe/Berlin] PHP Fatal error:  Uncaught Error: Call to private Database::__construct() from global scope in C:\xampp\htdocs\FarmCS\handlers\soil_moisture_handler.php:61
Stack trace:
#0 {main}
  thrown in C:\xampp\htdocs\FarmCS\handlers\soil_moisture_handler.php on line 61
[07-Dec-2024 15:29:42 Europe/Berlin] PHP Warning:  The magic method Database::__wakeup() must have public visibility in C:\xampp\htdocs\FarmCS\config\database.php on line 44
[07-Dec-2024 15:29:42 Europe/Berlin] PHP Fatal error:  Uncaught Error: Call to private Database::__construct() from global scope in C:\xampp\htdocs\FarmCS\handlers\soil_moisture_handler.php:158
Stack trace:
#0 {main}
  thrown in C:\xampp\htdocs\FarmCS\handlers\soil_moisture_handler.php on line 158
[07-Dec-2024 15:29:44 Europe/Berlin] PHP Warning:  The magic method Database::__wakeup() must have public visibility in C:\xampp\htdocs\FarmCS\config\database.php on line 44
[07-Dec-2024 15:29:44 Europe/Berlin] PHP Fatal error:  Uncaught Error: Call to private Database::__construct() from global scope in C:\xampp\htdocs\FarmCS\handlers\soil_moisture_handler.php:158
Stack trace:
#0 {main}
  thrown in C:\xampp\htdocs\FarmCS\handlers\soil_moisture_handler.php on line 158
[07-Dec-2024 15:29:46 Europe/Berlin] PHP Warning:  The magic method Database::__wakeup() must have public visibility in C:\xampp\htdocs\FarmCS\config\database.php on line 44
[07-Dec-2024 15:29:46 Europe/Berlin] PHP Fatal error:  Uncaught Error: Call to private Database::__construct() from global scope in C:\xampp\htdocs\FarmCS\handlers\soil_moisture_handler.php:158
Stack trace:
#0 {main}
  thrown in C:\xampp\htdocs\FarmCS\handlers\soil_moisture_handler.php on line 158
[07-Dec-2024 15:29:48 Europe/Berlin] PHP Warning:  The magic method Database::__wakeup() must have public visibility in C:\xampp\htdocs\FarmCS\config\database.php on line 44
[07-Dec-2024 15:29:48 Europe/Berlin] PHP Fatal error:  Uncaught Error: Call to private Database::__construct() from global scope in C:\xampp\htdocs\FarmCS\handlers\soil_moisture_handler.php:158
Stack trace:
#0 {main}
  thrown in C:\xampp\htdocs\FarmCS\handlers\soil_moisture_handler.php on line 158
[07-Dec-2024 15:29:50 Europe/Berlin] PHP Warning:  The magic method Database::__wakeup() must have public visibility in C:\xampp\htdocs\FarmCS\config\database.php on line 44
[07-Dec-2024 15:29:50 Europe/Berlin] PHP Fatal error:  Uncaught Error: Call to private Database::__construct() from global scope in C:\xampp\htdocs\FarmCS\handlers\soil_moisture_handler.php:158
Stack trace:
#0 {main}
  thrown in C:\xampp\htdocs\FarmCS\handlers\soil_moisture_handler.php on line 158
[07-Dec-2024 15:29:52 Europe/Berlin] PHP Warning:  The magic method Database::__wakeup() must have public visibility in C:\xampp\htdocs\FarmCS\config\database.php on line 44
[07-Dec-2024 15:29:52 Europe/Berlin] PHP Fatal error:  Uncaught Error: Call to private Database::__construct() from global scope in C:\xampp\htdocs\FarmCS\handlers\soil_moisture_handler.php:158
Stack trace:
#0 {main}
  thrown in C:\xampp\htdocs\FarmCS\handlers\soil_moisture_handler.php on line 158
[07-Dec-2024 15:29:54 Europe/Berlin] PHP Warning:  The magic method Database::__wakeup() must have public visibility in C:\xampp\htdocs\FarmCS\config\database.php on line 44
[07-Dec-2024 15:29:54 Europe/Berlin] PHP Fatal error:  Uncaught Error: Call to private Database::__construct() from global scope in C:\xampp\htdocs\FarmCS\handlers\soil_moisture_handler.php:158
Stack trace:
#0 {main}
  thrown in C:\xampp\htdocs\FarmCS\handlers\soil_moisture_handler.php on line 158
[07-Dec-2024 15:29:56 Europe/Berlin] PHP Warning:  The magic method Database::__wakeup() must have public visibility in C:\xampp\htdocs\FarmCS\config\database.php on line 44
[07-Dec-2024 15:29:56 Europe/Berlin] PHP Fatal error:  Uncaught Error: Call to private Database::__construct() from global scope in C:\xampp\htdocs\FarmCS\handlers\soil_moisture_handler.php:158
Stack trace:
#0 {main}
  thrown in C:\xampp\htdocs\FarmCS\handlers\soil_moisture_handler.php on line 158
[07-Dec-2024 15:29:58 Europe/Berlin] PHP Warning:  The magic method Database::__wakeup() must have public visibility in C:\xampp\htdocs\FarmCS\config\database.php on line 44
[07-Dec-2024 15:29:58 Europe/Berlin] PHP Fatal error:  Uncaught Error: Call to private Database::__construct() from global scope in C:\xampp\htdocs\FarmCS\handlers\soil_moisture_handler.php:158
Stack trace:
#0 {main}
  thrown in C:\xampp\htdocs\FarmCS\handlers\soil_moisture_handler.php on line 158
[07-Dec-2024 15:29:59 Europe/Berlin] PHP Warning:  The magic method Database::__wakeup() must have public visibility in C:\xampp\htdocs\FarmCS\config\database.php on line 44
[07-Dec-2024 15:29:59 Europe/Berlin] PHP Fatal error:  Uncaught Error: Call to private Database::__construct() from global scope in C:\xampp\htdocs\FarmCS\handlers\soil_moisture_handler.php:61
Stack trace:
#0 {main}
  thrown in C:\xampp\htdocs\FarmCS\handlers\soil_moisture_handler.php on line 61
[07-Dec-2024 15:29:59 Europe/Berlin] PHP Warning:  The magic method Database::__wakeup() must have public visibility in C:\xampp\htdocs\FarmCS\config\database.php on line 44
[07-Dec-2024 15:29:59 Europe/Berlin] PHP Fatal error:  Uncaught Error: Call to private Database::__construct() from global scope in C:\xampp\htdocs\FarmCS\handlers\soil_moisture_handler.php:61
Stack trace:
#0 {main}
  thrown in C:\xampp\htdocs\FarmCS\handlers\soil_moisture_handler.php on line 61
[07-Dec-2024 15:30:00 Europe/Berlin] PHP Warning:  The magic method Database::__wakeup() must have public visibility in C:\xampp\htdocs\FarmCS\config\database.php on line 44
[07-Dec-2024 15:30:00 Europe/Berlin] PHP Fatal error:  Uncaught Error: Call to private Database::__construct() from global scope in C:\xampp\htdocs\FarmCS\handlers\soil_moisture_handler.php:61
Stack trace:
#0 {main}
  thrown in C:\xampp\htdocs\FarmCS\handlers\soil_moisture_handler.php on line 61
[07-Dec-2024 15:30:00 Europe/Berlin] PHP Warning:  The magic method Database::__wakeup() must have public visibility in C:\xampp\htdocs\FarmCS\config\database.php on line 44
[07-Dec-2024 15:30:00 Europe/Berlin] PHP Fatal error:  Uncaught Error: Call to private Database::__construct() from global scope in C:\xampp\htdocs\FarmCS\handlers\soil_moisture_handler.php:61
Stack trace:
#0 {main}
  thrown in C:\xampp\htdocs\FarmCS\handlers\soil_moisture_handler.php on line 61
[07-Dec-2024 15:30:00 Europe/Berlin] PHP Warning:  The magic method Database::__wakeup() must have public visibility in C:\xampp\htdocs\FarmCS\config\database.php on line 44
[07-Dec-2024 15:30:00 Europe/Berlin] PHP Fatal error:  Uncaught Error: Call to private Database::__construct() from global scope in C:\xampp\htdocs\FarmCS\handlers\soil_moisture_handler.php:158
Stack trace:
#0 {main}
  thrown in C:\xampp\htdocs\FarmCS\handlers\soil_moisture_handler.php on line 158
[07-Dec-2024 15:30:01 Europe/Berlin] PHP Warning:  The magic method Database::__wakeup() must have public visibility in C:\xampp\htdocs\FarmCS\config\database.php on line 44
[07-Dec-2024 15:30:01 Europe/Berlin] PHP Fatal error:  Uncaught Error: Call to private Database::__construct() from global scope in C:\xampp\htdocs\FarmCS\handlers\soil_moisture_handler.php:61
Stack trace:
#0 {main}
  thrown in C:\xampp\htdocs\FarmCS\handlers\soil_moisture_handler.php on line 61
[07-Dec-2024 15:30:01 Europe/Berlin] PHP Warning:  The magic method Database::__wakeup() must have public visibility in C:\xampp\htdocs\FarmCS\config\database.php on line 44
[07-Dec-2024 15:30:01 Europe/Berlin] PHP Fatal error:  Uncaught Error: Call to private Database::__construct() from global scope in C:\xampp\htdocs\FarmCS\handlers\soil_moisture_handler.php:61
Stack trace:
#0 {main}
  thrown in C:\xampp\htdocs\FarmCS\handlers\soil_moisture_handler.php on line 61
[07-Dec-2024 15:30:01 Europe/Berlin] PHP Warning:  The magic method Database::__wakeup() must have public visibility in C:\xampp\htdocs\FarmCS\config\database.php on line 44
[07-Dec-2024 15:30:01 Europe/Berlin] PHP Fatal error:  Uncaught Error: Call to private Database::__construct() from global scope in C:\xampp\htdocs\FarmCS\handlers\soil_moisture_handler.php:61
Stack trace:
#0 {main}
  thrown in C:\xampp\htdocs\FarmCS\handlers\soil_moisture_handler.php on line 61
[07-Dec-2024 15:30:01 Europe/Berlin] PHP Warning:  The magic method Database::__wakeup() must have public visibility in C:\xampp\htdocs\FarmCS\config\database.php on line 44
[07-Dec-2024 15:30:01 Europe/Berlin] PHP Fatal error:  Uncaught Error: Call to private Database::__construct() from global scope in C:\xampp\htdocs\FarmCS\handlers\soil_moisture_handler.php:61
Stack trace:
#0 {main}
  thrown in C:\xampp\htdocs\FarmCS\handlers\soil_moisture_handler.php on line 61
[07-Dec-2024 15:30:01 Europe/Berlin] PHP Warning:  The magic method Database::__wakeup() must have public visibility in C:\xampp\htdocs\FarmCS\config\database.php on line 44
[07-Dec-2024 15:30:01 Europe/Berlin] PHP Fatal error:  Uncaught Error: Call to private Database::__construct() from global scope in C:\xampp\htdocs\FarmCS\handlers\soil_moisture_handler.php:61
Stack trace:
#0 {main}
  thrown in C:\xampp\htdocs\FarmCS\handlers\soil_moisture_handler.php on line 61
[07-Dec-2024 15:30:02 Europe/Berlin] PHP Warning:  The magic method Database::__wakeup() must have public visibility in C:\xampp\htdocs\FarmCS\config\database.php on line 44
[07-Dec-2024 15:30:02 Europe/Berlin] PHP Fatal error:  Uncaught Error: Call to private Database::__construct() from global scope in C:\xampp\htdocs\FarmCS\handlers\soil_moisture_handler.php:158
Stack trace:
#0 {main}
  thrown in C:\xampp\htdocs\FarmCS\handlers\soil_moisture_handler.php on line 158
[07-Dec-2024 15:30:03 Europe/Berlin] PHP Warning:  The magic method Database::__wakeup() must have public visibility in C:\xampp\htdocs\FarmCS\config\database.php on line 44
[07-Dec-2024 15:30:03 Europe/Berlin] PHP Fatal error:  Uncaught Error: Call to private Database::__construct() from global scope in C:\xampp\htdocs\FarmCS\handlers\soil_moisture_handler.php:61
Stack trace:
#0 {main}
  thrown in C:\xampp\htdocs\FarmCS\handlers\soil_moisture_handler.php on line 61
[07-Dec-2024 15:30:03 Europe/Berlin] PHP Warning:  The magic method Database::__wakeup() must have public visibility in C:\xampp\htdocs\FarmCS\config\database.php on line 44
[07-Dec-2024 15:30:03 Europe/Berlin] PHP Fatal error:  Uncaught Error: Call to private Database::__construct() from global scope in C:\xampp\htdocs\FarmCS\handlers\soil_moisture_handler.php:61
Stack trace:
#0 {main}
  thrown in C:\xampp\htdocs\FarmCS\handlers\soil_moisture_handler.php on line 61
[07-Dec-2024 15:30:04 Europe/Berlin] PHP Warning:  The magic method Database::__wakeup() must have public visibility in C:\xampp\htdocs\FarmCS\config\database.php on line 44
[07-Dec-2024 15:30:04 Europe/Berlin] PHP Fatal error:  Uncaught Error: Call to private Database::__construct() from global scope in C:\xampp\htdocs\FarmCS\handlers\soil_moisture_handler.php:158
Stack trace:
#0 {main}
  thrown in C:\xampp\htdocs\FarmCS\handlers\soil_moisture_handler.php on line 158
[07-Dec-2024 15:30:05 Europe/Berlin] PHP Warning:  The magic method Database::__wakeup() must have public visibility in C:\xampp\htdocs\FarmCS\config\database.php on line 44
[07-Dec-2024 15:30:05 Europe/Berlin] PHP Fatal error:  Uncaught Error: Call to private Database::__construct() from global scope in C:\xampp\htdocs\FarmCS\handlers\soil_moisture_handler.php:61
Stack trace:
#0 {main}
  thrown in C:\xampp\htdocs\FarmCS\handlers\soil_moisture_handler.php on line 61
[07-Dec-2024 15:30:05 Europe/Berlin] PHP Warning:  The magic method Database::__wakeup() must have public visibility in C:\xampp\htdocs\FarmCS\config\database.php on line 44
[07-Dec-2024 15:30:05 Europe/Berlin] PHP Fatal error:  Uncaught Error: Call to private Database::__construct() from global scope in C:\xampp\htdocs\FarmCS\handlers\soil_moisture_handler.php:61
Stack trace:
#0 {main}
  thrown in C:\xampp\htdocs\FarmCS\handlers\soil_moisture_handler.php on line 61
[07-Dec-2024 15:30:06 Europe/Berlin] PHP Warning:  The magic method Database::__wakeup() must have public visibility in C:\xampp\htdocs\FarmCS\config\database.php on line 44
[07-Dec-2024 15:30:06 Europe/Berlin] PHP Fatal error:  Uncaught Error: Call to private Database::__construct() from global scope in C:\xampp\htdocs\FarmCS\handlers\soil_moisture_handler.php:158
Stack trace:
#0 {main}
  thrown in C:\xampp\htdocs\FarmCS\handlers\soil_moisture_handler.php on line 158
[07-Dec-2024 15:30:07 Europe/Berlin] PHP Warning:  The magic method Database::__wakeup() must have public visibility in C:\xampp\htdocs\FarmCS\config\database.php on line 44
[07-Dec-2024 15:30:07 Europe/Berlin] PHP Fatal error:  Uncaught Error: Call to private Database::__construct() from global scope in C:\xampp\htdocs\FarmCS\handlers\soil_moisture_handler.php:61
Stack trace:
#0 {main}
  thrown in C:\xampp\htdocs\FarmCS\handlers\soil_moisture_handler.php on line 61
[07-Dec-2024 15:30:07 Europe/Berlin] PHP Warning:  The magic method Database::__wakeup() must have public visibility in C:\xampp\htdocs\FarmCS\config\database.php on line 44
[07-Dec-2024 15:30:07 Europe/Berlin] PHP Fatal error:  Uncaught Error: Call to private Database::__construct() from global scope in C:\xampp\htdocs\FarmCS\handlers\soil_moisture_handler.php:61
Stack trace:
#0 {main}
  thrown in C:\xampp\htdocs\FarmCS\handlers\soil_moisture_handler.php on line 61
[07-Dec-2024 15:30:08 Europe/Berlin] PHP Warning:  The magic method Database::__wakeup() must have public visibility in C:\xampp\htdocs\FarmCS\config\database.php on line 44
[07-Dec-2024 15:30:08 Europe/Berlin] PHP Fatal error:  Uncaught Error: Call to private Database::__construct() from global scope in C:\xampp\htdocs\FarmCS\handlers\soil_moisture_handler.php:158
Stack trace:
#0 {main}
  thrown in C:\xampp\htdocs\FarmCS\handlers\soil_moisture_handler.php on line 158
[07-Dec-2024 15:30:09 Europe/Berlin] PHP Warning:  The magic method Database::__wakeup() must have public visibility in C:\xampp\htdocs\FarmCS\config\database.php on line 44
[07-Dec-2024 15:30:09 Europe/Berlin] PHP Fatal error:  Uncaught Error: Call to private Database::__construct() from global scope in C:\xampp\htdocs\FarmCS\handlers\soil_moisture_handler.php:61
Stack trace:
#0 {main}
  thrown in C:\xampp\htdocs\FarmCS\handlers\soil_moisture_handler.php on line 61
[07-Dec-2024 15:30:09 Europe/Berlin] PHP Warning:  The magic method Database::__wakeup() must have public visibility in C:\xampp\htdocs\FarmCS\config\database.php on line 44
[07-Dec-2024 15:30:09 Europe/Berlin] PHP Fatal error:  Uncaught Error: Call to private Database::__construct() from global scope in C:\xampp\htdocs\FarmCS\handlers\soil_moisture_handler.php:61
Stack trace:
#0 {main}
  thrown in C:\xampp\htdocs\FarmCS\handlers\soil_moisture_handler.php on line 61
[07-Dec-2024 15:30:10 Europe/Berlin] PHP Warning:  The magic method Database::__wakeup() must have public visibility in C:\xampp\htdocs\FarmCS\config\database.php on line 44
[07-Dec-2024 15:30:10 Europe/Berlin] PHP Fatal error:  Uncaught Error: Call to private Database::__construct() from global scope in C:\xampp\htdocs\FarmCS\handlers\soil_moisture_handler.php:158
Stack trace:
#0 {main}
  thrown in C:\xampp\htdocs\FarmCS\handlers\soil_moisture_handler.php on line 158
[07-Dec-2024 15:30:11 Europe/Berlin] PHP Warning:  The magic method Database::__wakeup() must have public visibility in C:\xampp\htdocs\FarmCS\config\database.php on line 44
[07-Dec-2024 15:30:11 Europe/Berlin] PHP Fatal error:  Uncaught Error: Call to private Database::__construct() from global scope in C:\xampp\htdocs\FarmCS\handlers\soil_moisture_handler.php:61
Stack trace:
#0 {main}
  thrown in C:\xampp\htdocs\FarmCS\handlers\soil_moisture_handler.php on line 61
[07-Dec-2024 15:30:11 Europe/Berlin] PHP Warning:  The magic method Database::__wakeup() must have public visibility in C:\xampp\htdocs\FarmCS\config\database.php on line 44
[07-Dec-2024 15:30:11 Europe/Berlin] PHP Fatal error:  Uncaught Error: Call to private Database::__construct() from global scope in C:\xampp\htdocs\FarmCS\handlers\soil_moisture_handler.php:61
Stack trace:
#0 {main}
  thrown in C:\xampp\htdocs\FarmCS\handlers\soil_moisture_handler.php on line 61
[07-Dec-2024 15:30:12 Europe/Berlin] PHP Warning:  The magic method Database::__wakeup() must have public visibility in C:\xampp\htdocs\FarmCS\config\database.php on line 44
[07-Dec-2024 15:30:12 Europe/Berlin] PHP Fatal error:  Uncaught Error: Call to private Database::__construct() from global scope in C:\xampp\htdocs\FarmCS\handlers\soil_moisture_handler.php:158
Stack trace:
#0 {main}
  thrown in C:\xampp\htdocs\FarmCS\handlers\soil_moisture_handler.php on line 158
[07-Dec-2024 15:30:13 Europe/Berlin] PHP Warning:  The magic method Database::__wakeup() must have public visibility in C:\xampp\htdocs\FarmCS\config\database.php on line 44
[07-Dec-2024 15:30:13 Europe/Berlin] PHP Fatal error:  Uncaught Error: Call to private Database::__construct() from global scope in C:\xampp\htdocs\FarmCS\handlers\soil_moisture_handler.php:61
Stack trace:
#0 {main}
  thrown in C:\xampp\htdocs\FarmCS\handlers\soil_moisture_handler.php on line 61
[07-Dec-2024 15:30:13 Europe/Berlin] PHP Warning:  The magic method Database::__wakeup() must have public visibility in C:\xampp\htdocs\FarmCS\config\database.php on line 44
[07-Dec-2024 15:30:13 Europe/Berlin] PHP Fatal error:  Uncaught Error: Call to private Database::__construct() from global scope in C:\xampp\htdocs\FarmCS\handlers\soil_moisture_handler.php:61
Stack trace:
#0 {main}
  thrown in C:\xampp\htdocs\FarmCS\handlers\soil_moisture_handler.php on line 61
[07-Dec-2024 15:30:14 Europe/Berlin] PHP Warning:  The magic method Database::__wakeup() must have public visibility in C:\xampp\htdocs\FarmCS\config\database.php on line 44
[07-Dec-2024 15:30:14 Europe/Berlin] PHP Fatal error:  Uncaught Error: Call to private Database::__construct() from global scope in C:\xampp\htdocs\FarmCS\handlers\soil_moisture_handler.php:158
Stack trace:
#0 {main}
  thrown in C:\xampp\htdocs\FarmCS\handlers\soil_moisture_handler.php on line 158
[07-Dec-2024 15:30:15 Europe/Berlin] PHP Warning:  The magic method Database::__wakeup() must have public visibility in C:\xampp\htdocs\FarmCS\config\database.php on line 44
[07-Dec-2024 15:30:15 Europe/Berlin] PHP Fatal error:  Uncaught Error: Call to private Database::__construct() from global scope in C:\xampp\htdocs\FarmCS\handlers\soil_moisture_handler.php:61
Stack trace:
#0 {main}
  thrown in C:\xampp\htdocs\FarmCS\handlers\soil_moisture_handler.php on line 61
[07-Dec-2024 15:30:15 Europe/Berlin] PHP Warning:  The magic method Database::__wakeup() must have public visibility in C:\xampp\htdocs\FarmCS\config\database.php on line 44
[07-Dec-2024 15:30:15 Europe/Berlin] PHP Fatal error:  Uncaught Error: Call to private Database::__construct() from global scope in C:\xampp\htdocs\FarmCS\handlers\soil_moisture_handler.php:61
Stack trace:
#0 {main}
  thrown in C:\xampp\htdocs\FarmCS\handlers\soil_moisture_handler.php on line 61
[07-Dec-2024 15:30:16 Europe/Berlin] PHP Warning:  The magic method Database::__wakeup() must have public visibility in C:\xampp\htdocs\FarmCS\config\database.php on line 44
[07-Dec-2024 15:30:16 Europe/Berlin] PHP Fatal error:  Uncaught Error: Call to private Database::__construct() from global scope in C:\xampp\htdocs\FarmCS\handlers\soil_moisture_handler.php:158
Stack trace:
#0 {main}
  thrown in C:\xampp\htdocs\FarmCS\handlers\soil_moisture_handler.php on line 158
[07-Dec-2024 15:30:17 Europe/Berlin] PHP Warning:  The magic method Database::__wakeup() must have public visibility in C:\xampp\htdocs\FarmCS\config\database.php on line 44
[07-Dec-2024 15:30:17 Europe/Berlin] PHP Fatal error:  Uncaught Error: Call to private Database::__construct() from global scope in C:\xampp\htdocs\FarmCS\handlers\soil_moisture_handler.php:61
Stack trace:
#0 {main}
  thrown in C:\xampp\htdocs\FarmCS\handlers\soil_moisture_handler.php on line 61
[07-Dec-2024 15:30:17 Europe/Berlin] PHP Warning:  The magic method Database::__wakeup() must have public visibility in C:\xampp\htdocs\FarmCS\config\database.php on line 44
[07-Dec-2024 15:30:17 Europe/Berlin] PHP Fatal error:  Uncaught Error: Call to private Database::__construct() from global scope in C:\xampp\htdocs\FarmCS\handlers\soil_moisture_handler.php:61
Stack trace:
#0 {main}
  thrown in C:\xampp\htdocs\FarmCS\handlers\soil_moisture_handler.php on line 61
[07-Dec-2024 15:30:18 Europe/Berlin] PHP Warning:  The magic method Database::__wakeup() must have public visibility in C:\xampp\htdocs\FarmCS\config\database.php on line 44
[07-Dec-2024 15:30:18 Europe/Berlin] PHP Fatal error:  Uncaught Error: Call to private Database::__construct() from global scope in C:\xampp\htdocs\FarmCS\handlers\soil_moisture_handler.php:158
Stack trace:
#0 {main}
  thrown in C:\xampp\htdocs\FarmCS\handlers\soil_moisture_handler.php on line 158
[07-Dec-2024 15:30:20 Europe/Berlin] PHP Warning:  The magic method Database::__wakeup() must have public visibility in C:\xampp\htdocs\FarmCS\config\database.php on line 44
[07-Dec-2024 15:30:20 Europe/Berlin] PHP Fatal error:  Uncaught Error: Call to private Database::__construct() from global scope in C:\xampp\htdocs\FarmCS\handlers\soil_moisture_handler.php:61
Stack trace:
#0 {main}
  thrown in C:\xampp\htdocs\FarmCS\handlers\soil_moisture_handler.php on line 61
[07-Dec-2024 15:30:20 Europe/Berlin] PHP Warning:  The magic method Database::__wakeup() must have public visibility in C:\xampp\htdocs\FarmCS\config\database.php on line 44
[07-Dec-2024 15:30:20 Europe/Berlin] PHP Fatal error:  Uncaught Error: Call to private Database::__construct() from global scope in C:\xampp\htdocs\FarmCS\handlers\soil_moisture_handler.php:61
Stack trace:
#0 {main}
  thrown in C:\xampp\htdocs\FarmCS\handlers\soil_moisture_handler.php on line 61
[07-Dec-2024 15:30:20 Europe/Berlin] PHP Warning:  The magic method Database::__wakeup() must have public visibility in C:\xampp\htdocs\FarmCS\config\database.php on line 44
[07-Dec-2024 15:30:20 Europe/Berlin] PHP Fatal error:  Uncaught Error: Call to private Database::__construct() from global scope in C:\xampp\htdocs\FarmCS\handlers\soil_moisture_handler.php:158
Stack trace:
#0 {main}
  thrown in C:\xampp\htdocs\FarmCS\handlers\soil_moisture_handler.php on line 158
[07-Dec-2024 15:30:22 Europe/Berlin] PHP Warning:  The magic method Database::__wakeup() must have public visibility in C:\xampp\htdocs\FarmCS\config\database.php on line 44
[07-Dec-2024 15:30:22 Europe/Berlin] PHP Fatal error:  Uncaught Error: Call to private Database::__construct() from global scope in C:\xampp\htdocs\FarmCS\handlers\soil_moisture_handler.php:61
Stack trace:
#0 {main}
  thrown in C:\xampp\htdocs\FarmCS\handlers\soil_moisture_handler.php on line 61
[07-Dec-2024 15:30:22 Europe/Berlin] PHP Warning:  The magic method Database::__wakeup() must have public visibility in C:\xampp\htdocs\FarmCS\config\database.php on line 44
[07-Dec-2024 15:30:22 Europe/Berlin] PHP Fatal error:  Uncaught Error: Call to private Database::__construct() from global scope in C:\xampp\htdocs\FarmCS\handlers\soil_moisture_handler.php:61
Stack trace:
#0 {main}
  thrown in C:\xampp\htdocs\FarmCS\handlers\soil_moisture_handler.php on line 61
[07-Dec-2024 15:30:22 Europe/Berlin] PHP Warning:  The magic method Database::__wakeup() must have public visibility in C:\xampp\htdocs\FarmCS\config\database.php on line 44
[07-Dec-2024 15:30:22 Europe/Berlin] PHP Fatal error:  Uncaught Error: Call to private Database::__construct() from global scope in C:\xampp\htdocs\FarmCS\handlers\soil_moisture_handler.php:158
Stack trace:
#0 {main}
  thrown in C:\xampp\htdocs\FarmCS\handlers\soil_moisture_handler.php on line 158
[07-Dec-2024 15:30:24 Europe/Berlin] PHP Warning:  The magic method Database::__wakeup() must have public visibility in C:\xampp\htdocs\FarmCS\config\database.php on line 44
[07-Dec-2024 15:30:24 Europe/Berlin] PHP Fatal error:  Uncaught Error: Call to private Database::__construct() from global scope in C:\xampp\htdocs\FarmCS\handlers\soil_moisture_handler.php:61
Stack trace:
#0 {main}
  thrown in C:\xampp\htdocs\FarmCS\handlers\soil_moisture_handler.php on line 61
[07-Dec-2024 15:30:24 Europe/Berlin] PHP Warning:  The magic method Database::__wakeup() must have public visibility in C:\xampp\htdocs\FarmCS\config\database.php on line 44
[07-Dec-2024 15:30:24 Europe/Berlin] PHP Fatal error:  Uncaught Error: Call to private Database::__construct() from global scope in C:\xampp\htdocs\FarmCS\handlers\soil_moisture_handler.php:61
Stack trace:
#0 {main}
  thrown in C:\xampp\htdocs\FarmCS\handlers\soil_moisture_handler.php on line 61
[07-Dec-2024 15:30:24 Europe/Berlin] PHP Warning:  The magic method Database::__wakeup() must have public visibility in C:\xampp\htdocs\FarmCS\config\database.php on line 44
[07-Dec-2024 15:30:24 Europe/Berlin] PHP Fatal error:  Uncaught Error: Call to private Database::__construct() from global scope in C:\xampp\htdocs\FarmCS\handlers\soil_moisture_handler.php:158
Stack trace:
#0 {main}
  thrown in C:\xampp\htdocs\FarmCS\handlers\soil_moisture_handler.php on line 158
[07-Dec-2024 15:30:26 Europe/Berlin] PHP Warning:  The magic method Database::__wakeup() must have public visibility in C:\xampp\htdocs\FarmCS\config\database.php on line 44
[07-Dec-2024 15:30:26 Europe/Berlin] PHP Fatal error:  Uncaught Error: Call to private Database::__construct() from global scope in C:\xampp\htdocs\FarmCS\handlers\soil_moisture_handler.php:61
Stack trace:
#0 {main}
  thrown in C:\xampp\htdocs\FarmCS\handlers\soil_moisture_handler.php on line 61
[07-Dec-2024 15:30:26 Europe/Berlin] PHP Warning:  The magic method Database::__wakeup() must have public visibility in C:\xampp\htdocs\FarmCS\config\database.php on line 44
[07-Dec-2024 15:30:26 Europe/Berlin] PHP Fatal error:  Uncaught Error: Call to private Database::__construct() from global scope in C:\xampp\htdocs\FarmCS\handlers\soil_moisture_handler.php:61
Stack trace:
#0 {main}
  thrown in C:\xampp\htdocs\FarmCS\handlers\soil_moisture_handler.php on line 61
[07-Dec-2024 15:30:26 Europe/Berlin] PHP Warning:  The magic method Database::__wakeup() must have public visibility in C:\xampp\htdocs\FarmCS\config\database.php on line 44
[07-Dec-2024 15:30:26 Europe/Berlin] PHP Fatal error:  Uncaught Error: Call to private Database::__construct() from global scope in C:\xampp\htdocs\FarmCS\handlers\soil_moisture_handler.php:158
Stack trace:
#0 {main}
  thrown in C:\xampp\htdocs\FarmCS\handlers\soil_moisture_handler.php on line 158
[07-Dec-2024 15:30:28 Europe/Berlin] PHP Warning:  The magic method Database::__wakeup() must have public visibility in C:\xampp\htdocs\FarmCS\config\database.php on line 44
[07-Dec-2024 15:30:28 Europe/Berlin] PHP Fatal error:  Uncaught Error: Call to private Database::__construct() from global scope in C:\xampp\htdocs\FarmCS\handlers\soil_moisture_handler.php:61
Stack trace:
#0 {main}
  thrown in C:\xampp\htdocs\FarmCS\handlers\soil_moisture_handler.php on line 61
[07-Dec-2024 15:30:28 Europe/Berlin] PHP Warning:  The magic method Database::__wakeup() must have public visibility in C:\xampp\htdocs\FarmCS\config\database.php on line 44
[07-Dec-2024 15:30:28 Europe/Berlin] PHP Fatal error:  Uncaught Error: Call to private Database::__construct() from global scope in C:\xampp\htdocs\FarmCS\handlers\soil_moisture_handler.php:61
Stack trace:
#0 {main}
  thrown in C:\xampp\htdocs\FarmCS\handlers\soil_moisture_handler.php on line 61
[07-Dec-2024 15:30:28 Europe/Berlin] PHP Warning:  The magic method Database::__wakeup() must have public visibility in C:\xampp\htdocs\FarmCS\config\database.php on line 44
[07-Dec-2024 15:30:28 Europe/Berlin] PHP Fatal error:  Uncaught Error: Call to private Database::__construct() from global scope in C:\xampp\htdocs\FarmCS\handlers\soil_moisture_handler.php:158
Stack trace:
#0 {main}
  thrown in C:\xampp\htdocs\FarmCS\handlers\soil_moisture_handler.php on line 158
[07-Dec-2024 15:30:30 Europe/Berlin] PHP Warning:  The magic method Database::__wakeup() must have public visibility in C:\xampp\htdocs\FarmCS\config\database.php on line 44
[07-Dec-2024 15:30:30 Europe/Berlin] PHP Fatal error:  Uncaught Error: Call to private Database::__construct() from global scope in C:\xampp\htdocs\FarmCS\handlers\soil_moisture_handler.php:61
Stack trace:
#0 {main}
  thrown in C:\xampp\htdocs\FarmCS\handlers\soil_moisture_handler.php on line 61
[07-Dec-2024 15:30:30 Europe/Berlin] PHP Warning:  The magic method Database::__wakeup() must have public visibility in C:\xampp\htdocs\FarmCS\config\database.php on line 44
[07-Dec-2024 15:30:30 Europe/Berlin] PHP Fatal error:  Uncaught Error: Call to private Database::__construct() from global scope in C:\xampp\htdocs\FarmCS\handlers\soil_moisture_handler.php:61
Stack trace:
#0 {main}
  thrown in C:\xampp\htdocs\FarmCS\handlers\soil_moisture_handler.php on line 61
[07-Dec-2024 15:30:30 Europe/Berlin] PHP Warning:  The magic method Database::__wakeup() must have public visibility in C:\xampp\htdocs\FarmCS\config\database.php on line 44
[07-Dec-2024 15:30:30 Europe/Berlin] PHP Fatal error:  Uncaught Error: Call to private Database::__construct() from global scope in C:\xampp\htdocs\FarmCS\handlers\soil_moisture_handler.php:158
Stack trace:
#0 {main}
  thrown in C:\xampp\htdocs\FarmCS\handlers\soil_moisture_handler.php on line 158
[07-Dec-2024 15:30:32 Europe/Berlin] PHP Warning:  The magic method Database::__wakeup() must have public visibility in C:\xampp\htdocs\FarmCS\config\database.php on line 44
[07-Dec-2024 15:30:32 Europe/Berlin] PHP Fatal error:  Uncaught Error: Call to private Database::__construct() from global scope in C:\xampp\htdocs\FarmCS\handlers\soil_moisture_handler.php:61
Stack trace:
#0 {main}
  thrown in C:\xampp\htdocs\FarmCS\handlers\soil_moisture_handler.php on line 61
[07-Dec-2024 15:30:32 Europe/Berlin] PHP Warning:  The magic method Database::__wakeup() must have public visibility in C:\xampp\htdocs\FarmCS\config\database.php on line 44
[07-Dec-2024 15:30:32 Europe/Berlin] PHP Fatal error:  Uncaught Error: Call to private Database::__construct() from global scope in C:\xampp\htdocs\FarmCS\handlers\soil_moisture_handler.php:61
Stack trace:
#0 {main}
  thrown in C:\xampp\htdocs\FarmCS\handlers\soil_moisture_handler.php on line 61
[07-Dec-2024 15:30:32 Europe/Berlin] PHP Warning:  The magic method Database::__wakeup() must have public visibility in C:\xampp\htdocs\FarmCS\config\database.php on line 44
[07-Dec-2024 15:30:32 Europe/Berlin] PHP Fatal error:  Uncaught Error: Call to private Database::__construct() from global scope in C:\xampp\htdocs\FarmCS\handlers\soil_moisture_handler.php:61
Stack trace:
#0 {main}
  thrown in C:\xampp\htdocs\FarmCS\handlers\soil_moisture_handler.php on line 61
[07-Dec-2024 15:30:32 Europe/Berlin] PHP Warning:  The magic method Database::__wakeup() must have public visibility in C:\xampp\htdocs\FarmCS\config\database.php on line 44
[07-Dec-2024 15:30:32 Europe/Berlin] PHP Fatal error:  Uncaught Error: Call to private Database::__construct() from global scope in C:\xampp\htdocs\FarmCS\handlers\soil_moisture_handler.php:61
Stack trace:
#0 {main}
  thrown in C:\xampp\htdocs\FarmCS\handlers\soil_moisture_handler.php on line 61
[07-Dec-2024 15:30:32 Europe/Berlin] PHP Warning:  The magic method Database::__wakeup() must have public visibility in C:\xampp\htdocs\FarmCS\config\database.php on line 44
[07-Dec-2024 15:30:32 Europe/Berlin] PHP Fatal error:  Uncaught Error: Call to private Database::__construct() from global scope in C:\xampp\htdocs\FarmCS\handlers\soil_moisture_handler.php:61
Stack trace:
#0 {main}
  thrown in C:\xampp\htdocs\FarmCS\handlers\soil_moisture_handler.php on line 61
[07-Dec-2024 15:30:32 Europe/Berlin] PHP Warning:  The magic method Database::__wakeup() must have public visibility in C:\xampp\htdocs\FarmCS\config\database.php on line 44
[07-Dec-2024 15:30:32 Europe/Berlin] PHP Fatal error:  Uncaught Error: Call to private Database::__construct() from global scope in C:\xampp\htdocs\FarmCS\handlers\soil_moisture_handler.php:158
Stack trace:
#0 {main}
  thrown in C:\xampp\htdocs\FarmCS\handlers\soil_moisture_handler.php on line 158
[07-Dec-2024 15:30:34 Europe/Berlin] PHP Warning:  The magic method Database::__wakeup() must have public visibility in C:\xampp\htdocs\FarmCS\config\database.php on line 44
[07-Dec-2024 15:30:34 Europe/Berlin] PHP Fatal error:  Uncaught Error: Call to private Database::__construct() from global scope in C:\xampp\htdocs\FarmCS\handlers\soil_moisture_handler.php:61
Stack trace:
#0 {main}
  thrown in C:\xampp\htdocs\FarmCS\handlers\soil_moisture_handler.php on line 61
[07-Dec-2024 15:30:34 Europe/Berlin] PHP Warning:  The magic method Database::__wakeup() must have public visibility in C:\xampp\htdocs\FarmCS\config\database.php on line 44
[07-Dec-2024 15:30:34 Europe/Berlin] PHP Fatal error:  Uncaught Error: Call to private Database::__construct() from global scope in C:\xampp\htdocs\FarmCS\handlers\soil_moisture_handler.php:61
Stack trace:
#0 {main}
  thrown in C:\xampp\htdocs\FarmCS\handlers\soil_moisture_handler.php on line 61
[07-Dec-2024 15:30:34 Europe/Berlin] PHP Warning:  The magic method Database::__wakeup() must have public visibility in C:\xampp\htdocs\FarmCS\config\database.php on line 44
[07-Dec-2024 15:30:34 Europe/Berlin] PHP Fatal error:  Uncaught Error: Call to private Database::__construct() from global scope in C:\xampp\htdocs\FarmCS\handlers\soil_moisture_handler.php:158
Stack trace:
#0 {main}
  thrown in C:\xampp\htdocs\FarmCS\handlers\soil_moisture_handler.php on line 158
[07-Dec-2024 15:30:36 Europe/Berlin] PHP Warning:  The magic method Database::__wakeup() must have public visibility in C:\xampp\htdocs\FarmCS\config\database.php on line 44
[07-Dec-2024 15:30:36 Europe/Berlin] PHP Fatal error:  Uncaught Error: Call to private Database::__construct() from global scope in C:\xampp\htdocs\FarmCS\handlers\soil_moisture_handler.php:61
Stack trace:
#0 {main}
  thrown in C:\xampp\htdocs\FarmCS\handlers\soil_moisture_handler.php on line 61
[07-Dec-2024 15:30:36 Europe/Berlin] PHP Warning:  The magic method Database::__wakeup() must have public visibility in C:\xampp\htdocs\FarmCS\config\database.php on line 44
[07-Dec-2024 15:30:36 Europe/Berlin] PHP Fatal error:  Uncaught Error: Call to private Database::__construct() from global scope in C:\xampp\htdocs\FarmCS\handlers\soil_moisture_handler.php:61
Stack trace:
#0 {main}
  thrown in C:\xampp\htdocs\FarmCS\handlers\soil_moisture_handler.php on line 61
[07-Dec-2024 15:30:36 Europe/Berlin] PHP Warning:  The magic method Database::__wakeup() must have public visibility in C:\xampp\htdocs\FarmCS\config\database.php on line 44
[07-Dec-2024 15:30:36 Europe/Berlin] PHP Fatal error:  Uncaught Error: Call to private Database::__construct() from global scope in C:\xampp\htdocs\FarmCS\handlers\soil_moisture_handler.php:158
Stack trace:
#0 {main}
  thrown in C:\xampp\htdocs\FarmCS\handlers\soil_moisture_handler.php on line 158
[07-Dec-2024 15:30:38 Europe/Berlin] PHP Warning:  The magic method Database::__wakeup() must have public visibility in C:\xampp\htdocs\FarmCS\config\database.php on line 44
[07-Dec-2024 15:30:38 Europe/Berlin] PHP Fatal error:  Uncaught Error: Call to private Database::__construct() from global scope in C:\xampp\htdocs\FarmCS\handlers\soil_moisture_handler.php:61
Stack trace:
#0 {main}
  thrown in C:\xampp\htdocs\FarmCS\handlers\soil_moisture_handler.php on line 61
[07-Dec-2024 15:30:38 Europe/Berlin] PHP Warning:  The magic method Database::__wakeup() must have public visibility in C:\xampp\htdocs\FarmCS\config\database.php on line 44
[07-Dec-2024 15:30:38 Europe/Berlin] PHP Fatal error:  Uncaught Error: Call to private Database::__construct() from global scope in C:\xampp\htdocs\FarmCS\handlers\soil_moisture_handler.php:61
Stack trace:
#0 {main}
  thrown in C:\xampp\htdocs\FarmCS\handlers\soil_moisture_handler.php on line 61
[07-Dec-2024 15:30:38 Europe/Berlin] PHP Warning:  The magic method Database::__wakeup() must have public visibility in C:\xampp\htdocs\FarmCS\config\database.php on line 44
[07-Dec-2024 15:30:38 Europe/Berlin] PHP Fatal error:  Uncaught Error: Call to private Database::__construct() from global scope in C:\xampp\htdocs\FarmCS\handlers\soil_moisture_handler.php:158
Stack trace:
#0 {main}
  thrown in C:\xampp\htdocs\FarmCS\handlers\soil_moisture_handler.php on line 158
[07-Dec-2024 15:30:40 Europe/Berlin] PHP Warning:  The magic method Database::__wakeup() must have public visibility in C:\xampp\htdocs\FarmCS\config\database.php on line 44
[07-Dec-2024 15:30:40 Europe/Berlin] PHP Fatal error:  Uncaught Error: Call to private Database::__construct() from global scope in C:\xampp\htdocs\FarmCS\handlers\soil_moisture_handler.php:61
Stack trace:
#0 {main}
  thrown in C:\xampp\htdocs\FarmCS\handlers\soil_moisture_handler.php on line 61
[07-Dec-2024 15:30:40 Europe/Berlin] PHP Warning:  The magic method Database::__wakeup() must have public visibility in C:\xampp\htdocs\FarmCS\config\database.php on line 44
[07-Dec-2024 15:30:40 Europe/Berlin] PHP Fatal error:  Uncaught Error: Call to private Database::__construct() from global scope in C:\xampp\htdocs\FarmCS\handlers\soil_moisture_handler.php:61
Stack trace:
#0 {main}
  thrown in C:\xampp\htdocs\FarmCS\handlers\soil_moisture_handler.php on line 61
[07-Dec-2024 15:30:40 Europe/Berlin] PHP Warning:  The magic method Database::__wakeup() must have public visibility in C:\xampp\htdocs\FarmCS\config\database.php on line 44
[07-Dec-2024 15:30:40 Europe/Berlin] PHP Fatal error:  Uncaught Error: Call to private Database::__construct() from global scope in C:\xampp\htdocs\FarmCS\handlers\soil_moisture_handler.php:158
Stack trace:
#0 {main}
  thrown in C:\xampp\htdocs\FarmCS\handlers\soil_moisture_handler.php on line 158
[07-Dec-2024 15:30:42 Europe/Berlin] PHP Warning:  The magic method Database::__wakeup() must have public visibility in C:\xampp\htdocs\FarmCS\config\database.php on line 44
[07-Dec-2024 15:30:42 Europe/Berlin] PHP Fatal error:  Uncaught Error: Call to private Database::__construct() from global scope in C:\xampp\htdocs\FarmCS\handlers\soil_moisture_handler.php:61
Stack trace:
#0 {main}
  thrown in C:\xampp\htdocs\FarmCS\handlers\soil_moisture_handler.php on line 61
[07-Dec-2024 15:30:42 Europe/Berlin] PHP Warning:  The magic method Database::__wakeup() must have public visibility in C:\xampp\htdocs\FarmCS\config\database.php on line 44
[07-Dec-2024 15:30:42 Europe/Berlin] PHP Fatal error:  Uncaught Error: Call to private Database::__construct() from global scope in C:\xampp\htdocs\FarmCS\handlers\soil_moisture_handler.php:61
Stack trace:
#0 {main}
  thrown in C:\xampp\htdocs\FarmCS\handlers\soil_moisture_handler.php on line 61
[07-Dec-2024 15:30:42 Europe/Berlin] PHP Warning:  The magic method Database::__wakeup() must have public visibility in C:\xampp\htdocs\FarmCS\config\database.php on line 44
[07-Dec-2024 15:30:42 Europe/Berlin] PHP Fatal error:  Uncaught Error: Call to private Database::__construct() from global scope in C:\xampp\htdocs\FarmCS\handlers\soil_moisture_handler.php:158
Stack trace:
#0 {main}
  thrown in C:\xampp\htdocs\FarmCS\handlers\soil_moisture_handler.php on line 158
[07-Dec-2024 15:30:44 Europe/Berlin] PHP Warning:  The magic method Database::__wakeup() must have public visibility in C:\xampp\htdocs\FarmCS\config\database.php on line 44
[07-Dec-2024 15:30:44 Europe/Berlin] PHP Fatal error:  Uncaught Error: Call to private Database::__construct() from global scope in C:\xampp\htdocs\FarmCS\handlers\soil_moisture_handler.php:61
Stack trace:
#0 {main}
  thrown in C:\xampp\htdocs\FarmCS\handlers\soil_moisture_handler.php on line 61
[07-Dec-2024 15:30:44 Europe/Berlin] PHP Warning:  The magic method Database::__wakeup() must have public visibility in C:\xampp\htdocs\FarmCS\config\database.php on line 44
[07-Dec-2024 15:30:44 Europe/Berlin] PHP Fatal error:  Uncaught Error: Call to private Database::__construct() from global scope in C:\xampp\htdocs\FarmCS\handlers\soil_moisture_handler.php:61
Stack trace:
#0 {main}
  thrown in C:\xampp\htdocs\FarmCS\handlers\soil_moisture_handler.php on line 61
[07-Dec-2024 15:30:44 Europe/Berlin] PHP Warning:  The magic method Database::__wakeup() must have public visibility in C:\xampp\htdocs\FarmCS\config\database.php on line 44
[07-Dec-2024 15:30:44 Europe/Berlin] PHP Fatal error:  Uncaught Error: Call to private Database::__construct() from global scope in C:\xampp\htdocs\FarmCS\handlers\soil_moisture_handler.php:158
Stack trace:
#0 {main}
  thrown in C:\xampp\htdocs\FarmCS\handlers\soil_moisture_handler.php on line 158
[07-Dec-2024 15:30:46 Europe/Berlin] PHP Warning:  The magic method Database::__wakeup() must have public visibility in C:\xampp\htdocs\FarmCS\config\database.php on line 44
[07-Dec-2024 15:30:46 Europe/Berlin] PHP Fatal error:  Uncaught Error: Call to private Database::__construct() from global scope in C:\xampp\htdocs\FarmCS\handlers\soil_moisture_handler.php:61
Stack trace:
#0 {main}
  thrown in C:\xampp\htdocs\FarmCS\handlers\soil_moisture_handler.php on line 61
[07-Dec-2024 15:30:46 Europe/Berlin] PHP Warning:  The magic method Database::__wakeup() must have public visibility in C:\xampp\htdocs\FarmCS\config\database.php on line 44
[07-Dec-2024 15:30:46 Europe/Berlin] PHP Fatal error:  Uncaught Error: Call to private Database::__construct() from global scope in C:\xampp\htdocs\FarmCS\handlers\soil_moisture_handler.php:61
Stack trace:
#0 {main}
  thrown in C:\xampp\htdocs\FarmCS\handlers\soil_moisture_handler.php on line 61
[07-Dec-2024 15:30:46 Europe/Berlin] PHP Warning:  The magic method Database::__wakeup() must have public visibility in C:\xampp\htdocs\FarmCS\config\database.php on line 44
[07-Dec-2024 15:30:46 Europe/Berlin] PHP Fatal error:  Uncaught Error: Call to private Database::__construct() from global scope in C:\xampp\htdocs\FarmCS\handlers\soil_moisture_handler.php:158
Stack trace:
#0 {main}
  thrown in C:\xampp\htdocs\FarmCS\handlers\soil_moisture_handler.php on line 158
[07-Dec-2024 15:30:48 Europe/Berlin] PHP Warning:  The magic method Database::__wakeup() must have public visibility in C:\xampp\htdocs\FarmCS\config\database.php on line 44
[07-Dec-2024 15:30:48 Europe/Berlin] PHP Fatal error:  Uncaught Error: Call to private Database::__construct() from global scope in C:\xampp\htdocs\FarmCS\handlers\soil_moisture_handler.php:61
Stack trace:
#0 {main}
  thrown in C:\xampp\htdocs\FarmCS\handlers\soil_moisture_handler.php on line 61
[07-Dec-2024 15:30:48 Europe/Berlin] PHP Warning:  The magic method Database::__wakeup() must have public visibility in C:\xampp\htdocs\FarmCS\config\database.php on line 44
[07-Dec-2024 15:30:48 Europe/Berlin] PHP Fatal error:  Uncaught Error: Call to private Database::__construct() from global scope in C:\xampp\htdocs\FarmCS\handlers\soil_moisture_handler.php:61
Stack trace:
#0 {main}
  thrown in C:\xampp\htdocs\FarmCS\handlers\soil_moisture_handler.php on line 61
[07-Dec-2024 15:30:48 Europe/Berlin] PHP Warning:  The magic method Database::__wakeup() must have public visibility in C:\xampp\htdocs\FarmCS\config\database.php on line 44
[07-Dec-2024 15:30:48 Europe/Berlin] PHP Fatal error:  Uncaught Error: Call to private Database::__construct() from global scope in C:\xampp\htdocs\FarmCS\handlers\soil_moisture_handler.php:158
Stack trace:
#0 {main}
  thrown in C:\xampp\htdocs\FarmCS\handlers\soil_moisture_handler.php on line 158
[07-Dec-2024 15:30:50 Europe/Berlin] PHP Warning:  The magic method Database::__wakeup() must have public visibility in C:\xampp\htdocs\FarmCS\config\database.php on line 44
[07-Dec-2024 15:30:50 Europe/Berlin] PHP Fatal error:  Uncaught Error: Call to private Database::__construct() from global scope in C:\xampp\htdocs\FarmCS\handlers\soil_moisture_handler.php:61
Stack trace:
#0 {main}
  thrown in C:\xampp\htdocs\FarmCS\handlers\soil_moisture_handler.php on line 61
[07-Dec-2024 15:30:50 Europe/Berlin] PHP Warning:  The magic method Database::__wakeup() must have public visibility in C:\xampp\htdocs\FarmCS\config\database.php on line 44
[07-Dec-2024 15:30:50 Europe/Berlin] PHP Fatal error:  Uncaught Error: Call to private Database::__construct() from global scope in C:\xampp\htdocs\FarmCS\handlers\soil_moisture_handler.php:61
Stack trace:
#0 {main}
  thrown in C:\xampp\htdocs\FarmCS\handlers\soil_moisture_handler.php on line 61
[07-Dec-2024 15:30:50 Europe/Berlin] PHP Warning:  The magic method Database::__wakeup() must have public visibility in C:\xampp\htdocs\FarmCS\config\database.php on line 44
[07-Dec-2024 15:30:50 Europe/Berlin] PHP Fatal error:  Uncaught Error: Call to private Database::__construct() from global scope in C:\xampp\htdocs\FarmCS\handlers\soil_moisture_handler.php:158
Stack trace:
#0 {main}
  thrown in C:\xampp\htdocs\FarmCS\handlers\soil_moisture_handler.php on line 158
[07-Dec-2024 15:30:52 Europe/Berlin] PHP Warning:  The magic method Database::__wakeup() must have public visibility in C:\xampp\htdocs\FarmCS\config\database.php on line 44
[07-Dec-2024 15:30:52 Europe/Berlin] PHP Fatal error:  Uncaught Error: Call to private Database::__construct() from global scope in C:\xampp\htdocs\FarmCS\handlers\soil_moisture_handler.php:61
Stack trace:
#0 {main}
  thrown in C:\xampp\htdocs\FarmCS\handlers\soil_moisture_handler.php on line 61
[07-Dec-2024 15:30:52 Europe/Berlin] PHP Warning:  The magic method Database::__wakeup() must have public visibility in C:\xampp\htdocs\FarmCS\config\database.php on line 44
[07-Dec-2024 15:30:52 Europe/Berlin] PHP Fatal error:  Uncaught Error: Call to private Database::__construct() from global scope in C:\xampp\htdocs\FarmCS\handlers\soil_moisture_handler.php:61
Stack trace:
#0 {main}
  thrown in C:\xampp\htdocs\FarmCS\handlers\soil_moisture_handler.php on line 61
[07-Dec-2024 15:30:52 Europe/Berlin] PHP Warning:  The magic method Database::__wakeup() must have public visibility in C:\xampp\htdocs\FarmCS\config\database.php on line 44
[07-Dec-2024 15:30:52 Europe/Berlin] PHP Fatal error:  Uncaught Error: Call to private Database::__construct() from global scope in C:\xampp\htdocs\FarmCS\handlers\soil_moisture_handler.php:158
Stack trace:
#0 {main}
  thrown in C:\xampp\htdocs\FarmCS\handlers\soil_moisture_handler.php on line 158
[07-Dec-2024 15:30:54 Europe/Berlin] PHP Warning:  The magic method Database::__wakeup() must have public visibility in C:\xampp\htdocs\FarmCS\config\database.php on line 44
[07-Dec-2024 15:30:54 Europe/Berlin] PHP Fatal error:  Uncaught Error: Call to private Database::__construct() from global scope in C:\xampp\htdocs\FarmCS\handlers\soil_moisture_handler.php:61
Stack trace:
#0 {main}
  thrown in C:\xampp\htdocs\FarmCS\handlers\soil_moisture_handler.php on line 61
[07-Dec-2024 15:30:54 Europe/Berlin] PHP Warning:  The magic method Database::__wakeup() must have public visibility in C:\xampp\htdocs\FarmCS\config\database.php on line 44
[07-Dec-2024 15:30:54 Europe/Berlin] PHP Fatal error:  Uncaught Error: Call to private Database::__construct() from global scope in C:\xampp\htdocs\FarmCS\handlers\soil_moisture_handler.php:61
Stack trace:
#0 {main}
  thrown in C:\xampp\htdocs\FarmCS\handlers\soil_moisture_handler.php on line 61
[07-Dec-2024 15:30:54 Europe/Berlin] PHP Warning:  The magic method Database::__wakeup() must have public visibility in C:\xampp\htdocs\FarmCS\config\database.php on line 44
[07-Dec-2024 15:30:54 Europe/Berlin] PHP Fatal error:  Uncaught Error: Call to private Database::__construct() from global scope in C:\xampp\htdocs\FarmCS\handlers\soil_moisture_handler.php:158
Stack trace:
#0 {main}
  thrown in C:\xampp\htdocs\FarmCS\handlers\soil_moisture_handler.php on line 158
[07-Dec-2024 15:30:56 Europe/Berlin] PHP Warning:  The magic method Database::__wakeup() must have public visibility in C:\xampp\htdocs\FarmCS\config\database.php on line 44
[07-Dec-2024 15:30:56 Europe/Berlin] PHP Fatal error:  Uncaught Error: Call to private Database::__construct() from global scope in C:\xampp\htdocs\FarmCS\handlers\soil_moisture_handler.php:61
Stack trace:
#0 {main}
  thrown in C:\xampp\htdocs\FarmCS\handlers\soil_moisture_handler.php on line 61
[07-Dec-2024 15:30:56 Europe/Berlin] PHP Warning:  The magic method Database::__wakeup() must have public visibility in C:\xampp\htdocs\FarmCS\config\database.php on line 44
[07-Dec-2024 15:30:56 Europe/Berlin] PHP Fatal error:  Uncaught Error: Call to private Database::__construct() from global scope in C:\xampp\htdocs\FarmCS\handlers\soil_moisture_handler.php:61
Stack trace:
#0 {main}
  thrown in C:\xampp\htdocs\FarmCS\handlers\soil_moisture_handler.php on line 61
[07-Dec-2024 15:30:56 Europe/Berlin] PHP Warning:  The magic method Database::__wakeup() must have public visibility in C:\xampp\htdocs\FarmCS\config\database.php on line 44
[07-Dec-2024 15:30:56 Europe/Berlin] PHP Fatal error:  Uncaught Error: Call to private Database::__construct() from global scope in C:\xampp\htdocs\FarmCS\handlers\soil_moisture_handler.php:158
Stack trace:
#0 {main}
  thrown in C:\xampp\htdocs\FarmCS\handlers\soil_moisture_handler.php on line 158
[07-Dec-2024 15:30:58 Europe/Berlin] PHP Warning:  The magic method Database::__wakeup() must have public visibility in C:\xampp\htdocs\FarmCS\config\database.php on line 44
[07-Dec-2024 15:30:58 Europe/Berlin] PHP Fatal error:  Uncaught Error: Call to private Database::__construct() from global scope in C:\xampp\htdocs\FarmCS\handlers\soil_moisture_handler.php:61
Stack trace:
#0 {main}
  thrown in C:\xampp\htdocs\FarmCS\handlers\soil_moisture_handler.php on line 61
[07-Dec-2024 15:30:58 Europe/Berlin] PHP Warning:  The magic method Database::__wakeup() must have public visibility in C:\xampp\htdocs\FarmCS\config\database.php on line 44
[07-Dec-2024 15:30:58 Europe/Berlin] PHP Fatal error:  Uncaught Error: Call to private Database::__construct() from global scope in C:\xampp\htdocs\FarmCS\handlers\soil_moisture_handler.php:61
Stack trace:
#0 {main}
  thrown in C:\xampp\htdocs\FarmCS\handlers\soil_moisture_handler.php on line 61
[07-Dec-2024 15:30:58 Europe/Berlin] PHP Warning:  The magic method Database::__wakeup() must have public visibility in C:\xampp\htdocs\FarmCS\config\database.php on line 44
[07-Dec-2024 15:30:58 Europe/Berlin] PHP Fatal error:  Uncaught Error: Call to private Database::__construct() from global scope in C:\xampp\htdocs\FarmCS\handlers\soil_moisture_handler.php:158
Stack trace:
#0 {main}
  thrown in C:\xampp\htdocs\FarmCS\handlers\soil_moisture_handler.php on line 158
[07-Dec-2024 15:31:00 Europe/Berlin] PHP Warning:  The magic method Database::__wakeup() must have public visibility in C:\xampp\htdocs\FarmCS\config\database.php on line 44
[07-Dec-2024 15:31:00 Europe/Berlin] PHP Fatal error:  Uncaught Error: Call to private Database::__construct() from global scope in C:\xampp\htdocs\FarmCS\handlers\soil_moisture_handler.php:61
Stack trace:
#0 {main}
  thrown in C:\xampp\htdocs\FarmCS\handlers\soil_moisture_handler.php on line 61
[07-Dec-2024 15:31:00 Europe/Berlin] PHP Warning:  The magic method Database::__wakeup() must have public visibility in C:\xampp\htdocs\FarmCS\config\database.php on line 44
[07-Dec-2024 15:31:00 Europe/Berlin] PHP Fatal error:  Uncaught Error: Call to private Database::__construct() from global scope in C:\xampp\htdocs\FarmCS\handlers\soil_moisture_handler.php:61
Stack trace:
#0 {main}
  thrown in C:\xampp\htdocs\FarmCS\handlers\soil_moisture_handler.php on line 61
[07-Dec-2024 15:31:00 Europe/Berlin] PHP Warning:  The magic method Database::__wakeup() must have public visibility in C:\xampp\htdocs\FarmCS\config\database.php on line 44
[07-Dec-2024 15:31:00 Europe/Berlin] PHP Fatal error:  Uncaught Error: Call to private Database::__construct() from global scope in C:\xampp\htdocs\FarmCS\handlers\soil_moisture_handler.php:158
Stack trace:
#0 {main}
  thrown in C:\xampp\htdocs\FarmCS\handlers\soil_moisture_handler.php on line 158
[07-Dec-2024 15:31:02 Europe/Berlin] PHP Warning:  The magic method Database::__wakeup() must have public visibility in C:\xampp\htdocs\FarmCS\config\database.php on line 44
[07-Dec-2024 15:31:02 Europe/Berlin] PHP Fatal error:  Uncaught Error: Call to private Database::__construct() from global scope in C:\xampp\htdocs\FarmCS\handlers\soil_moisture_handler.php:61
Stack trace:
#0 {main}
  thrown in C:\xampp\htdocs\FarmCS\handlers\soil_moisture_handler.php on line 61
[07-Dec-2024 15:31:02 Europe/Berlin] PHP Warning:  The magic method Database::__wakeup() must have public visibility in C:\xampp\htdocs\FarmCS\config\database.php on line 44
[07-Dec-2024 15:31:02 Europe/Berlin] PHP Fatal error:  Uncaught Error: Call to private Database::__construct() from global scope in C:\xampp\htdocs\FarmCS\handlers\soil_moisture_handler.php:61
Stack trace:
#0 {main}
  thrown in C:\xampp\htdocs\FarmCS\handlers\soil_moisture_handler.php on line 61
[07-Dec-2024 15:31:02 Europe/Berlin] PHP Warning:  The magic method Database::__wakeup() must have public visibility in C:\xampp\htdocs\FarmCS\config\database.php on line 44
[07-Dec-2024 15:31:02 Europe/Berlin] PHP Fatal error:  Uncaught Error: Call to private Database::__construct() from global scope in C:\xampp\htdocs\FarmCS\handlers\soil_moisture_handler.php:61
Stack trace:
#0 {main}
  thrown in C:\xampp\htdocs\FarmCS\handlers\soil_moisture_handler.php on line 61
[07-Dec-2024 15:31:02 Europe/Berlin] PHP Warning:  The magic method Database::__wakeup() must have public visibility in C:\xampp\htdocs\FarmCS\config\database.php on line 44
[07-Dec-2024 15:31:02 Europe/Berlin] PHP Fatal error:  Uncaught Error: Call to private Database::__construct() from global scope in C:\xampp\htdocs\FarmCS\handlers\soil_moisture_handler.php:61
Stack trace:
#0 {main}
  thrown in C:\xampp\htdocs\FarmCS\handlers\soil_moisture_handler.php on line 61
[07-Dec-2024 15:31:02 Europe/Berlin] PHP Warning:  The magic method Database::__wakeup() must have public visibility in C:\xampp\htdocs\FarmCS\config\database.php on line 44
[07-Dec-2024 15:31:02 Europe/Berlin] PHP Fatal error:  Uncaught Error: Call to private Database::__construct() from global scope in C:\xampp\htdocs\FarmCS\handlers\soil_moisture_handler.php:61
Stack trace:
#0 {main}
  thrown in C:\xampp\htdocs\FarmCS\handlers\soil_moisture_handler.php on line 61
[07-Dec-2024 15:31:02 Europe/Berlin] PHP Warning:  The magic method Database::__wakeup() must have public visibility in C:\xampp\htdocs\FarmCS\config\database.php on line 44
[07-Dec-2024 15:31:02 Europe/Berlin] PHP Fatal error:  Uncaught Error: Call to private Database::__construct() from global scope in C:\xampp\htdocs\FarmCS\handlers\soil_moisture_handler.php:158
Stack trace:
#0 {main}
  thrown in C:\xampp\htdocs\FarmCS\handlers\soil_moisture_handler.php on line 158
[07-Dec-2024 15:31:04 Europe/Berlin] PHP Warning:  The magic method Database::__wakeup() must have public visibility in C:\xampp\htdocs\FarmCS\config\database.php on line 44
[07-Dec-2024 15:31:04 Europe/Berlin] PHP Fatal error:  Uncaught Error: Call to private Database::__construct() from global scope in C:\xampp\htdocs\FarmCS\handlers\soil_moisture_handler.php:61
Stack trace:
#0 {main}
  thrown in C:\xampp\htdocs\FarmCS\handlers\soil_moisture_handler.php on line 61
[07-Dec-2024 15:31:04 Europe/Berlin] PHP Warning:  The magic method Database::__wakeup() must have public visibility in C:\xampp\htdocs\FarmCS\config\database.php on line 44
[07-Dec-2024 15:31:04 Europe/Berlin] PHP Fatal error:  Uncaught Error: Call to private Database::__construct() from global scope in C:\xampp\htdocs\FarmCS\handlers\soil_moisture_handler.php:61
Stack trace:
#0 {main}
  thrown in C:\xampp\htdocs\FarmCS\handlers\soil_moisture_handler.php on line 61
[07-Dec-2024 15:31:04 Europe/Berlin] PHP Warning:  The magic method Database::__wakeup() must have public visibility in C:\xampp\htdocs\FarmCS\config\database.php on line 44
[07-Dec-2024 15:31:04 Europe/Berlin] PHP Fatal error:  Uncaught Error: Call to private Database::__construct() from global scope in C:\xampp\htdocs\FarmCS\handlers\soil_moisture_handler.php:158
Stack trace:
#0 {main}
  thrown in C:\xampp\htdocs\FarmCS\handlers\soil_moisture_handler.php on line 158
[07-Dec-2024 15:31:06 Europe/Berlin] PHP Warning:  The magic method Database::__wakeup() must have public visibility in C:\xampp\htdocs\FarmCS\config\database.php on line 44
[07-Dec-2024 15:31:06 Europe/Berlin] PHP Fatal error:  Uncaught Error: Call to private Database::__construct() from global scope in C:\xampp\htdocs\FarmCS\handlers\soil_moisture_handler.php:61
Stack trace:
#0 {main}
  thrown in C:\xampp\htdocs\FarmCS\handlers\soil_moisture_handler.php on line 61
[07-Dec-2024 15:31:06 Europe/Berlin] PHP Warning:  The magic method Database::__wakeup() must have public visibility in C:\xampp\htdocs\FarmCS\config\database.php on line 44
[07-Dec-2024 15:31:06 Europe/Berlin] PHP Fatal error:  Uncaught Error: Call to private Database::__construct() from global scope in C:\xampp\htdocs\FarmCS\handlers\soil_moisture_handler.php:61
Stack trace:
#0 {main}
  thrown in C:\xampp\htdocs\FarmCS\handlers\soil_moisture_handler.php on line 61
[07-Dec-2024 15:31:06 Europe/Berlin] PHP Warning:  The magic method Database::__wakeup() must have public visibility in C:\xampp\htdocs\FarmCS\config\database.php on line 44
[07-Dec-2024 15:31:06 Europe/Berlin] PHP Fatal error:  Uncaught Error: Call to private Database::__construct() from global scope in C:\xampp\htdocs\FarmCS\handlers\soil_moisture_handler.php:158
Stack trace:
#0 {main}
  thrown in C:\xampp\htdocs\FarmCS\handlers\soil_moisture_handler.php on line 158
[07-Dec-2024 15:31:08 Europe/Berlin] PHP Warning:  The magic method Database::__wakeup() must have public visibility in C:\xampp\htdocs\FarmCS\config\database.php on line 44
[07-Dec-2024 15:31:08 Europe/Berlin] PHP Fatal error:  Uncaught Error: Call to private Database::__construct() from global scope in C:\xampp\htdocs\FarmCS\handlers\soil_moisture_handler.php:61
Stack trace:
#0 {main}
  thrown in C:\xampp\htdocs\FarmCS\handlers\soil_moisture_handler.php on line 61
[07-Dec-2024 15:31:08 Europe/Berlin] PHP Warning:  The magic method Database::__wakeup() must have public visibility in C:\xampp\htdocs\FarmCS\config\database.php on line 44
[07-Dec-2024 15:31:08 Europe/Berlin] PHP Fatal error:  Uncaught Error: Call to private Database::__construct() from global scope in C:\xampp\htdocs\FarmCS\handlers\soil_moisture_handler.php:61
Stack trace:
#0 {main}
  thrown in C:\xampp\htdocs\FarmCS\handlers\soil_moisture_handler.php on line 61
[07-Dec-2024 15:31:08 Europe/Berlin] PHP Warning:  The magic method Database::__wakeup() must have public visibility in C:\xampp\htdocs\FarmCS\config\database.php on line 44
[07-Dec-2024 15:31:08 Europe/Berlin] PHP Fatal error:  Uncaught Error: Call to private Database::__construct() from global scope in C:\xampp\htdocs\FarmCS\handlers\soil_moisture_handler.php:158
Stack trace:
#0 {main}
  thrown in C:\xampp\htdocs\FarmCS\handlers\soil_moisture_handler.php on line 158
[07-Dec-2024 15:31:10 Europe/Berlin] PHP Warning:  The magic method Database::__wakeup() must have public visibility in C:\xampp\htdocs\FarmCS\config\database.php on line 44
[07-Dec-2024 15:31:10 Europe/Berlin] PHP Fatal error:  Uncaught Error: Call to private Database::__construct() from global scope in C:\xampp\htdocs\FarmCS\handlers\soil_moisture_handler.php:61
Stack trace:
#0 {main}
  thrown in C:\xampp\htdocs\FarmCS\handlers\soil_moisture_handler.php on line 61
[07-Dec-2024 15:31:10 Europe/Berlin] PHP Warning:  The magic method Database::__wakeup() must have public visibility in C:\xampp\htdocs\FarmCS\config\database.php on line 44
[07-Dec-2024 15:31:10 Europe/Berlin] PHP Fatal error:  Uncaught Error: Call to private Database::__construct() from global scope in C:\xampp\htdocs\FarmCS\handlers\soil_moisture_handler.php:61
Stack trace:
#0 {main}
  thrown in C:\xampp\htdocs\FarmCS\handlers\soil_moisture_handler.php on line 61
[07-Dec-2024 15:31:10 Europe/Berlin] PHP Warning:  The magic method Database::__wakeup() must have public visibility in C:\xampp\htdocs\FarmCS\config\database.php on line 44
[07-Dec-2024 15:31:10 Europe/Berlin] PHP Fatal error:  Uncaught Error: Call to private Database::__construct() from global scope in C:\xampp\htdocs\FarmCS\handlers\soil_moisture_handler.php:158
Stack trace:
#0 {main}
  thrown in C:\xampp\htdocs\FarmCS\handlers\soil_moisture_handler.php on line 158
[07-Dec-2024 15:31:11 Europe/Berlin] PHP Warning:  The magic method Database::__wakeup() must have public visibility in C:\xampp\htdocs\FarmCS\config\database.php on line 44
[07-Dec-2024 15:31:11 Europe/Berlin] PHP Fatal error:  Uncaught Error: Call to private Database::__construct() from global scope in C:\xampp\htdocs\FarmCS\handlers\soil_moisture_handler.php:61
Stack trace:
#0 {main}
  thrown in C:\xampp\htdocs\FarmCS\handlers\soil_moisture_handler.php on line 61
[07-Dec-2024 15:31:11 Europe/Berlin] PHP Warning:  The magic method Database::__wakeup() must have public visibility in C:\xampp\htdocs\FarmCS\config\database.php on line 44
[07-Dec-2024 15:31:11 Europe/Berlin] PHP Fatal error:  Uncaught Error: Call to private Database::__construct() from global scope in C:\xampp\htdocs\FarmCS\handlers\soil_moisture_handler.php:61
Stack trace:
#0 {main}
  thrown in C:\xampp\htdocs\FarmCS\handlers\soil_moisture_handler.php on line 61
[07-Dec-2024 15:31:12 Europe/Berlin] PHP Warning:  The magic method Database::__wakeup() must have public visibility in C:\xampp\htdocs\FarmCS\config\database.php on line 44
[07-Dec-2024 15:31:12 Europe/Berlin] PHP Fatal error:  Uncaught Error: Call to private Database::__construct() from global scope in C:\xampp\htdocs\FarmCS\handlers\soil_moisture_handler.php:158
Stack trace:
#0 {main}
  thrown in C:\xampp\htdocs\FarmCS\handlers\soil_moisture_handler.php on line 158
[07-Dec-2024 15:31:13 Europe/Berlin] PHP Warning:  The magic method Database::__wakeup() must have public visibility in C:\xampp\htdocs\FarmCS\config\database.php on line 44
[07-Dec-2024 15:31:13 Europe/Berlin] PHP Fatal error:  Uncaught Error: Call to private Database::__construct() from global scope in C:\xampp\htdocs\FarmCS\handlers\soil_moisture_handler.php:61
Stack trace:
#0 {main}
  thrown in C:\xampp\htdocs\FarmCS\handlers\soil_moisture_handler.php on line 61
[07-Dec-2024 15:31:13 Europe/Berlin] PHP Warning:  The magic method Database::__wakeup() must have public visibility in C:\xampp\htdocs\FarmCS\config\database.php on line 44
[07-Dec-2024 15:31:13 Europe/Berlin] PHP Fatal error:  Uncaught Error: Call to private Database::__construct() from global scope in C:\xampp\htdocs\FarmCS\handlers\soil_moisture_handler.php:61
Stack trace:
#0 {main}
  thrown in C:\xampp\htdocs\FarmCS\handlers\soil_moisture_handler.php on line 61
[07-Dec-2024 15:31:14 Europe/Berlin] PHP Warning:  The magic method Database::__wakeup() must have public visibility in C:\xampp\htdocs\FarmCS\config\database.php on line 44
[07-Dec-2024 15:31:14 Europe/Berlin] PHP Fatal error:  Uncaught Error: Call to private Database::__construct() from global scope in C:\xampp\htdocs\FarmCS\handlers\soil_moisture_handler.php:158
Stack trace:
#0 {main}
  thrown in C:\xampp\htdocs\FarmCS\handlers\soil_moisture_handler.php on line 158
[07-Dec-2024 15:31:15 Europe/Berlin] PHP Warning:  The magic method Database::__wakeup() must have public visibility in C:\xampp\htdocs\FarmCS\config\database.php on line 44
[07-Dec-2024 15:31:15 Europe/Berlin] PHP Fatal error:  Uncaught Error: Call to private Database::__construct() from global scope in C:\xampp\htdocs\FarmCS\handlers\soil_moisture_handler.php:61
Stack trace:
#0 {main}
  thrown in C:\xampp\htdocs\FarmCS\handlers\soil_moisture_handler.php on line 61
[07-Dec-2024 15:31:15 Europe/Berlin] PHP Warning:  The magic method Database::__wakeup() must have public visibility in C:\xampp\htdocs\FarmCS\config\database.php on line 44
[07-Dec-2024 15:31:15 Europe/Berlin] PHP Fatal error:  Uncaught Error: Call to private Database::__construct() from global scope in C:\xampp\htdocs\FarmCS\handlers\soil_moisture_handler.php:61
Stack trace:
#0 {main}
  thrown in C:\xampp\htdocs\FarmCS\handlers\soil_moisture_handler.php on line 61
[07-Dec-2024 15:31:16 Europe/Berlin] PHP Warning:  The magic method Database::__wakeup() must have public visibility in C:\xampp\htdocs\FarmCS\config\database.php on line 44
[07-Dec-2024 15:31:16 Europe/Berlin] PHP Fatal error:  Uncaught Error: Call to private Database::__construct() from global scope in C:\xampp\htdocs\FarmCS\handlers\soil_moisture_handler.php:158
Stack trace:
#0 {main}
  thrown in C:\xampp\htdocs\FarmCS\handlers\soil_moisture_handler.php on line 158
[07-Dec-2024 15:31:17 Europe/Berlin] PHP Warning:  The magic method Database::__wakeup() must have public visibility in C:\xampp\htdocs\FarmCS\config\database.php on line 44
[07-Dec-2024 15:31:17 Europe/Berlin] PHP Fatal error:  Uncaught Error: Call to private Database::__construct() from global scope in C:\xampp\htdocs\FarmCS\handlers\soil_moisture_handler.php:61
Stack trace:
#0 {main}
  thrown in C:\xampp\htdocs\FarmCS\handlers\soil_moisture_handler.php on line 61
[07-Dec-2024 15:31:17 Europe/Berlin] PHP Warning:  The magic method Database::__wakeup() must have public visibility in C:\xampp\htdocs\FarmCS\config\database.php on line 44
[07-Dec-2024 15:31:17 Europe/Berlin] PHP Fatal error:  Uncaught Error: Call to private Database::__construct() from global scope in C:\xampp\htdocs\FarmCS\handlers\soil_moisture_handler.php:61
Stack trace:
#0 {main}
  thrown in C:\xampp\htdocs\FarmCS\handlers\soil_moisture_handler.php on line 61
[07-Dec-2024 15:31:18 Europe/Berlin] PHP Warning:  The magic method Database::__wakeup() must have public visibility in C:\xampp\htdocs\FarmCS\config\database.php on line 44
[07-Dec-2024 15:31:18 Europe/Berlin] PHP Fatal error:  Uncaught Error: Call to private Database::__construct() from global scope in C:\xampp\htdocs\FarmCS\handlers\soil_moisture_handler.php:158
Stack trace:
#0 {main}
  thrown in C:\xampp\htdocs\FarmCS\handlers\soil_moisture_handler.php on line 158
[07-Dec-2024 15:31:19 Europe/Berlin] PHP Warning:  The magic method Database::__wakeup() must have public visibility in C:\xampp\htdocs\FarmCS\config\database.php on line 44
[07-Dec-2024 15:31:19 Europe/Berlin] PHP Fatal error:  Uncaught Error: Call to private Database::__construct() from global scope in C:\xampp\htdocs\FarmCS\handlers\soil_moisture_handler.php:61
Stack trace:
#0 {main}
  thrown in C:\xampp\htdocs\FarmCS\handlers\soil_moisture_handler.php on line 61
[07-Dec-2024 15:31:19 Europe/Berlin] PHP Warning:  The magic method Database::__wakeup() must have public visibility in C:\xampp\htdocs\FarmCS\config\database.php on line 44
[07-Dec-2024 15:31:19 Europe/Berlin] PHP Fatal error:  Uncaught Error: Call to private Database::__construct() from global scope in C:\xampp\htdocs\FarmCS\handlers\soil_moisture_handler.php:61
Stack trace:
#0 {main}
  thrown in C:\xampp\htdocs\FarmCS\handlers\soil_moisture_handler.php on line 61
[07-Dec-2024 15:31:20 Europe/Berlin] PHP Warning:  The magic method Database::__wakeup() must have public visibility in C:\xampp\htdocs\FarmCS\config\database.php on line 44
[07-Dec-2024 15:31:20 Europe/Berlin] PHP Fatal error:  Uncaught Error: Call to private Database::__construct() from global scope in C:\xampp\htdocs\FarmCS\handlers\soil_moisture_handler.php:158
Stack trace:
#0 {main}
  thrown in C:\xampp\htdocs\FarmCS\handlers\soil_moisture_handler.php on line 158
[07-Dec-2024 15:31:21 Europe/Berlin] PHP Warning:  The magic method Database::__wakeup() must have public visibility in C:\xampp\htdocs\FarmCS\config\database.php on line 44
[07-Dec-2024 15:31:21 Europe/Berlin] PHP Fatal error:  Uncaught Error: Call to private Database::__construct() from global scope in C:\xampp\htdocs\FarmCS\handlers\soil_moisture_handler.php:61
Stack trace:
#0 {main}
  thrown in C:\xampp\htdocs\FarmCS\handlers\soil_moisture_handler.php on line 61
[07-Dec-2024 15:31:21 Europe/Berlin] PHP Warning:  The magic method Database::__wakeup() must have public visibility in C:\xampp\htdocs\FarmCS\config\database.php on line 44
[07-Dec-2024 15:31:21 Europe/Berlin] PHP Fatal error:  Uncaught Error: Call to private Database::__construct() from global scope in C:\xampp\htdocs\FarmCS\handlers\soil_moisture_handler.php:61
Stack trace:
#0 {main}
  thrown in C:\xampp\htdocs\FarmCS\handlers\soil_moisture_handler.php on line 61
[07-Dec-2024 15:31:22 Europe/Berlin] PHP Warning:  The magic method Database::__wakeup() must have public visibility in C:\xampp\htdocs\FarmCS\config\database.php on line 44
[07-Dec-2024 15:31:22 Europe/Berlin] PHP Fatal error:  Uncaught Error: Call to private Database::__construct() from global scope in C:\xampp\htdocs\FarmCS\handlers\soil_moisture_handler.php:158
Stack trace:
#0 {main}
  thrown in C:\xampp\htdocs\FarmCS\handlers\soil_moisture_handler.php on line 158
[07-Dec-2024 15:31:23 Europe/Berlin] PHP Warning:  The magic method Database::__wakeup() must have public visibility in C:\xampp\htdocs\FarmCS\config\database.php on line 44
[07-Dec-2024 15:31:23 Europe/Berlin] PHP Fatal error:  Uncaught Error: Call to private Database::__construct() from global scope in C:\xampp\htdocs\FarmCS\handlers\soil_moisture_handler.php:61
Stack trace:
#0 {main}
  thrown in C:\xampp\htdocs\FarmCS\handlers\soil_moisture_handler.php on line 61
[07-Dec-2024 15:31:23 Europe/Berlin] PHP Warning:  The magic method Database::__wakeup() must have public visibility in C:\xampp\htdocs\FarmCS\config\database.php on line 44
[07-Dec-2024 15:31:23 Europe/Berlin] PHP Fatal error:  Uncaught Error: Call to private Database::__construct() from global scope in C:\xampp\htdocs\FarmCS\handlers\soil_moisture_handler.php:61
Stack trace:
#0 {main}
  thrown in C:\xampp\htdocs\FarmCS\handlers\soil_moisture_handler.php on line 61
[07-Dec-2024 15:31:24 Europe/Berlin] PHP Warning:  The magic method Database::__wakeup() must have public visibility in C:\xampp\htdocs\FarmCS\config\database.php on line 44
[07-Dec-2024 15:31:24 Europe/Berlin] PHP Fatal error:  Uncaught Error: Call to private Database::__construct() from global scope in C:\xampp\htdocs\FarmCS\handlers\soil_moisture_handler.php:158
Stack trace:
#0 {main}
  thrown in C:\xampp\htdocs\FarmCS\handlers\soil_moisture_handler.php on line 158
[07-Dec-2024 15:31:25 Europe/Berlin] PHP Warning:  The magic method Database::__wakeup() must have public visibility in C:\xampp\htdocs\FarmCS\config\database.php on line 44
[07-Dec-2024 15:31:25 Europe/Berlin] PHP Fatal error:  Uncaught Error: Call to private Database::__construct() from global scope in C:\xampp\htdocs\FarmCS\handlers\soil_moisture_handler.php:61
Stack trace:
#0 {main}
  thrown in C:\xampp\htdocs\FarmCS\handlers\soil_moisture_handler.php on line 61
[07-Dec-2024 15:31:25 Europe/Berlin] PHP Warning:  The magic method Database::__wakeup() must have public visibility in C:\xampp\htdocs\FarmCS\config\database.php on line 44
[07-Dec-2024 15:31:25 Europe/Berlin] PHP Fatal error:  Uncaught Error: Call to private Database::__construct() from global scope in C:\xampp\htdocs\FarmCS\handlers\soil_moisture_handler.php:61
Stack trace:
#0 {main}
  thrown in C:\xampp\htdocs\FarmCS\handlers\soil_moisture_handler.php on line 61
[07-Dec-2024 15:31:26 Europe/Berlin] PHP Warning:  The magic method Database::__wakeup() must have public visibility in C:\xampp\htdocs\FarmCS\config\database.php on line 44
[07-Dec-2024 15:31:26 Europe/Berlin] PHP Fatal error:  Uncaught Error: Call to private Database::__construct() from global scope in C:\xampp\htdocs\FarmCS\handlers\soil_moisture_handler.php:158
Stack trace:
#0 {main}
  thrown in C:\xampp\htdocs\FarmCS\handlers\soil_moisture_handler.php on line 158
[07-Dec-2024 15:31:27 Europe/Berlin] PHP Warning:  The magic method Database::__wakeup() must have public visibility in C:\xampp\htdocs\FarmCS\config\database.php on line 44
[07-Dec-2024 15:31:27 Europe/Berlin] PHP Fatal error:  Uncaught Error: Call to private Database::__construct() from global scope in C:\xampp\htdocs\FarmCS\handlers\soil_moisture_handler.php:61
Stack trace:
#0 {main}
  thrown in C:\xampp\htdocs\FarmCS\handlers\soil_moisture_handler.php on line 61
[07-Dec-2024 15:31:27 Europe/Berlin] PHP Warning:  The magic method Database::__wakeup() must have public visibility in C:\xampp\htdocs\FarmCS\config\database.php on line 44
[07-Dec-2024 15:31:27 Europe/Berlin] PHP Fatal error:  Uncaught Error: Call to private Database::__construct() from global scope in C:\xampp\htdocs\FarmCS\handlers\soil_moisture_handler.php:61
Stack trace:
#0 {main}
  thrown in C:\xampp\htdocs\FarmCS\handlers\soil_moisture_handler.php on line 61
[07-Dec-2024 15:31:28 Europe/Berlin] PHP Warning:  The magic method Database::__wakeup() must have public visibility in C:\xampp\htdocs\FarmCS\config\database.php on line 44
[07-Dec-2024 15:31:28 Europe/Berlin] PHP Fatal error:  Uncaught Error: Call to private Database::__construct() from global scope in C:\xampp\htdocs\FarmCS\handlers\soil_moisture_handler.php:158
Stack trace:
#0 {main}
  thrown in C:\xampp\htdocs\FarmCS\handlers\soil_moisture_handler.php on line 158
[07-Dec-2024 15:31:29 Europe/Berlin] PHP Warning:  The magic method Database::__wakeup() must have public visibility in C:\xampp\htdocs\FarmCS\config\database.php on line 44
[07-Dec-2024 15:31:29 Europe/Berlin] PHP Fatal error:  Uncaught Error: Call to private Database::__construct() from global scope in C:\xampp\htdocs\FarmCS\handlers\soil_moisture_handler.php:61
Stack trace:
#0 {main}
  thrown in C:\xampp\htdocs\FarmCS\handlers\soil_moisture_handler.php on line 61
[07-Dec-2024 15:31:29 Europe/Berlin] PHP Warning:  The magic method Database::__wakeup() must have public visibility in C:\xampp\htdocs\FarmCS\config\database.php on line 44
[07-Dec-2024 15:31:29 Europe/Berlin] PHP Fatal error:  Uncaught Error: Call to private Database::__construct() from global scope in C:\xampp\htdocs\FarmCS\handlers\soil_moisture_handler.php:61
Stack trace:
#0 {main}
  thrown in C:\xampp\htdocs\FarmCS\handlers\soil_moisture_handler.php on line 61
[07-Dec-2024 15:31:30 Europe/Berlin] PHP Warning:  The magic method Database::__wakeup() must have public visibility in C:\xampp\htdocs\FarmCS\config\database.php on line 44
[07-Dec-2024 15:31:30 Europe/Berlin] PHP Fatal error:  Uncaught Error: Call to private Database::__construct() from global scope in C:\xampp\htdocs\FarmCS\handlers\soil_moisture_handler.php:158
Stack trace:
#0 {main}
  thrown in C:\xampp\htdocs\FarmCS\handlers\soil_moisture_handler.php on line 158
[07-Dec-2024 15:31:31 Europe/Berlin] PHP Warning:  The magic method Database::__wakeup() must have public visibility in C:\xampp\htdocs\FarmCS\config\database.php on line 44
[07-Dec-2024 15:31:31 Europe/Berlin] PHP Fatal error:  Uncaught Error: Call to private Database::__construct() from global scope in C:\xampp\htdocs\FarmCS\handlers\soil_moisture_handler.php:61
Stack trace:
#0 {main}
  thrown in C:\xampp\htdocs\FarmCS\handlers\soil_moisture_handler.php on line 61
[07-Dec-2024 15:31:31 Europe/Berlin] PHP Warning:  The magic method Database::__wakeup() must have public visibility in C:\xampp\htdocs\FarmCS\config\database.php on line 44
[07-Dec-2024 15:31:31 Europe/Berlin] PHP Fatal error:  Uncaught Error: Call to private Database::__construct() from global scope in C:\xampp\htdocs\FarmCS\handlers\soil_moisture_handler.php:61
Stack trace:
#0 {main}
  thrown in C:\xampp\htdocs\FarmCS\handlers\soil_moisture_handler.php on line 61
[07-Dec-2024 15:31:31 Europe/Berlin] PHP Warning:  The magic method Database::__wakeup() must have public visibility in C:\xampp\htdocs\FarmCS\config\database.php on line 44
[07-Dec-2024 15:31:31 Europe/Berlin] PHP Fatal error:  Uncaught Error: Call to private Database::__construct() from global scope in C:\xampp\htdocs\FarmCS\handlers\soil_moisture_handler.php:61
Stack trace:
#0 {main}
  thrown in C:\xampp\htdocs\FarmCS\handlers\soil_moisture_handler.php on line 61
[07-Dec-2024 15:31:31 Europe/Berlin] PHP Warning:  The magic method Database::__wakeup() must have public visibility in C:\xampp\htdocs\FarmCS\config\database.php on line 44
[07-Dec-2024 15:31:31 Europe/Berlin] PHP Fatal error:  Uncaught Error: Call to private Database::__construct() from global scope in C:\xampp\htdocs\FarmCS\handlers\soil_moisture_handler.php:61
Stack trace:
#0 {main}
  thrown in C:\xampp\htdocs\FarmCS\handlers\soil_moisture_handler.php on line 61
[07-Dec-2024 15:31:31 Europe/Berlin] PHP Warning:  The magic method Database::__wakeup() must have public visibility in C:\xampp\htdocs\FarmCS\config\database.php on line 44
[07-Dec-2024 15:31:31 Europe/Berlin] PHP Fatal error:  Uncaught Error: Call to private Database::__construct() from global scope in C:\xampp\htdocs\FarmCS\handlers\soil_moisture_handler.php:61
Stack trace:
#0 {main}
  thrown in C:\xampp\htdocs\FarmCS\handlers\soil_moisture_handler.php on line 61
[07-Dec-2024 15:31:32 Europe/Berlin] PHP Warning:  The magic method Database::__wakeup() must have public visibility in C:\xampp\htdocs\FarmCS\config\database.php on line 44
[07-Dec-2024 15:31:32 Europe/Berlin] PHP Fatal error:  Uncaught Error: Call to private Database::__construct() from global scope in C:\xampp\htdocs\FarmCS\handlers\soil_moisture_handler.php:158
Stack trace:
#0 {main}
  thrown in C:\xampp\htdocs\FarmCS\handlers\soil_moisture_handler.php on line 158
[07-Dec-2024 15:31:33 Europe/Berlin] PHP Warning:  The magic method Database::__wakeup() must have public visibility in C:\xampp\htdocs\FarmCS\config\database.php on line 44
[07-Dec-2024 15:31:33 Europe/Berlin] PHP Fatal error:  Uncaught Error: Call to private Database::__construct() from global scope in C:\xampp\htdocs\FarmCS\handlers\soil_moisture_handler.php:61
Stack trace:
#0 {main}
  thrown in C:\xampp\htdocs\FarmCS\handlers\soil_moisture_handler.php on line 61
[07-Dec-2024 15:31:33 Europe/Berlin] PHP Warning:  The magic method Database::__wakeup() must have public visibility in C:\xampp\htdocs\FarmCS\config\database.php on line 44
[07-Dec-2024 15:31:33 Europe/Berlin] PHP Fatal error:  Uncaught Error: Call to private Database::__construct() from global scope in C:\xampp\htdocs\FarmCS\handlers\soil_moisture_handler.php:61
Stack trace:
#0 {main}
  thrown in C:\xampp\htdocs\FarmCS\handlers\soil_moisture_handler.php on line 61
[07-Dec-2024 15:31:34 Europe/Berlin] PHP Warning:  The magic method Database::__wakeup() must have public visibility in C:\xampp\htdocs\FarmCS\config\database.php on line 44
[07-Dec-2024 15:31:34 Europe/Berlin] PHP Fatal error:  Uncaught Error: Call to private Database::__construct() from global scope in C:\xampp\htdocs\FarmCS\handlers\soil_moisture_handler.php:158
Stack trace:
#0 {main}
  thrown in C:\xampp\htdocs\FarmCS\handlers\soil_moisture_handler.php on line 158
[07-Dec-2024 15:31:35 Europe/Berlin] PHP Warning:  The magic method Database::__wakeup() must have public visibility in C:\xampp\htdocs\FarmCS\config\database.php on line 44
[07-Dec-2024 15:31:35 Europe/Berlin] PHP Fatal error:  Uncaught Error: Call to private Database::__construct() from global scope in C:\xampp\htdocs\FarmCS\handlers\soil_moisture_handler.php:61
Stack trace:
#0 {main}
  thrown in C:\xampp\htdocs\FarmCS\handlers\soil_moisture_handler.php on line 61
[07-Dec-2024 15:31:35 Europe/Berlin] PHP Warning:  The magic method Database::__wakeup() must have public visibility in C:\xampp\htdocs\FarmCS\config\database.php on line 44
[07-Dec-2024 15:31:35 Europe/Berlin] PHP Fatal error:  Uncaught Error: Call to private Database::__construct() from global scope in C:\xampp\htdocs\FarmCS\handlers\soil_moisture_handler.php:61
Stack trace:
#0 {main}
  thrown in C:\xampp\htdocs\FarmCS\handlers\soil_moisture_handler.php on line 61
[07-Dec-2024 15:31:36 Europe/Berlin] PHP Warning:  The magic method Database::__wakeup() must have public visibility in C:\xampp\htdocs\FarmCS\config\database.php on line 44
[07-Dec-2024 15:31:36 Europe/Berlin] PHP Fatal error:  Uncaught Error: Call to private Database::__construct() from global scope in C:\xampp\htdocs\FarmCS\handlers\soil_moisture_handler.php:158
Stack trace:
#0 {main}
  thrown in C:\xampp\htdocs\FarmCS\handlers\soil_moisture_handler.php on line 158
[07-Dec-2024 15:31:37 Europe/Berlin] PHP Warning:  The magic method Database::__wakeup() must have public visibility in C:\xampp\htdocs\FarmCS\config\database.php on line 44
[07-Dec-2024 15:31:37 Europe/Berlin] PHP Fatal error:  Uncaught Error: Call to private Database::__construct() from global scope in C:\xampp\htdocs\FarmCS\handlers\soil_moisture_handler.php:61
Stack trace:
#0 {main}
  thrown in C:\xampp\htdocs\FarmCS\handlers\soil_moisture_handler.php on line 61
[07-Dec-2024 15:31:37 Europe/Berlin] PHP Warning:  The magic method Database::__wakeup() must have public visibility in C:\xampp\htdocs\FarmCS\config\database.php on line 44
[07-Dec-2024 15:31:37 Europe/Berlin] PHP Fatal error:  Uncaught Error: Call to private Database::__construct() from global scope in C:\xampp\htdocs\FarmCS\handlers\soil_moisture_handler.php:61
Stack trace:
#0 {main}
  thrown in C:\xampp\htdocs\FarmCS\handlers\soil_moisture_handler.php on line 61
[07-Dec-2024 15:31:38 Europe/Berlin] PHP Warning:  The magic method Database::__wakeup() must have public visibility in C:\xampp\htdocs\FarmCS\config\database.php on line 44
[07-Dec-2024 15:31:38 Europe/Berlin] PHP Fatal error:  Uncaught Error: Call to private Database::__construct() from global scope in C:\xampp\htdocs\FarmCS\handlers\soil_moisture_handler.php:158
Stack trace:
#0 {main}
  thrown in C:\xampp\htdocs\FarmCS\handlers\soil_moisture_handler.php on line 158
[07-Dec-2024 15:31:39 Europe/Berlin] PHP Warning:  The magic method Database::__wakeup() must have public visibility in C:\xampp\htdocs\FarmCS\config\database.php on line 44
[07-Dec-2024 15:31:39 Europe/Berlin] PHP Fatal error:  Uncaught Error: Call to private Database::__construct() from global scope in C:\xampp\htdocs\FarmCS\handlers\soil_moisture_handler.php:61
Stack trace:
#0 {main}
  thrown in C:\xampp\htdocs\FarmCS\handlers\soil_moisture_handler.php on line 61
[07-Dec-2024 15:31:39 Europe/Berlin] PHP Warning:  The magic method Database::__wakeup() must have public visibility in C:\xampp\htdocs\FarmCS\config\database.php on line 44
[07-Dec-2024 15:31:39 Europe/Berlin] PHP Fatal error:  Uncaught Error: Call to private Database::__construct() from global scope in C:\xampp\htdocs\FarmCS\handlers\soil_moisture_handler.php:61
Stack trace:
#0 {main}
  thrown in C:\xampp\htdocs\FarmCS\handlers\soil_moisture_handler.php on line 61
[07-Dec-2024 15:31:40 Europe/Berlin] PHP Warning:  The magic method Database::__wakeup() must have public visibility in C:\xampp\htdocs\FarmCS\config\database.php on line 44
[07-Dec-2024 15:31:40 Europe/Berlin] PHP Fatal error:  Uncaught Error: Call to private Database::__construct() from global scope in C:\xampp\htdocs\FarmCS\handlers\soil_moisture_handler.php:158
Stack trace:
#0 {main}
  thrown in C:\xampp\htdocs\FarmCS\handlers\soil_moisture_handler.php on line 158
[07-Dec-2024 15:31:41 Europe/Berlin] PHP Warning:  The magic method Database::__wakeup() must have public visibility in C:\xampp\htdocs\FarmCS\config\database.php on line 44
[07-Dec-2024 15:31:41 Europe/Berlin] PHP Fatal error:  Uncaught Error: Call to private Database::__construct() from global scope in C:\xampp\htdocs\FarmCS\handlers\soil_moisture_handler.php:61
Stack trace:
#0 {main}
  thrown in C:\xampp\htdocs\FarmCS\handlers\soil_moisture_handler.php on line 61
[07-Dec-2024 15:31:41 Europe/Berlin] PHP Warning:  The magic method Database::__wakeup() must have public visibility in C:\xampp\htdocs\FarmCS\config\database.php on line 44
[07-Dec-2024 15:31:41 Europe/Berlin] PHP Fatal error:  Uncaught Error: Call to private Database::__construct() from global scope in C:\xampp\htdocs\FarmCS\handlers\soil_moisture_handler.php:61
Stack trace:
#0 {main}
  thrown in C:\xampp\htdocs\FarmCS\handlers\soil_moisture_handler.php on line 61
[07-Dec-2024 15:31:42 Europe/Berlin] PHP Warning:  The magic method Database::__wakeup() must have public visibility in C:\xampp\htdocs\FarmCS\config\database.php on line 44
[07-Dec-2024 15:31:42 Europe/Berlin] PHP Fatal error:  Uncaught Error: Call to private Database::__construct() from global scope in C:\xampp\htdocs\FarmCS\handlers\soil_moisture_handler.php:158
Stack trace:
#0 {main}
  thrown in C:\xampp\htdocs\FarmCS\handlers\soil_moisture_handler.php on line 158
[07-Dec-2024 15:31:43 Europe/Berlin] PHP Warning:  The magic method Database::__wakeup() must have public visibility in C:\xampp\htdocs\FarmCS\config\database.php on line 44
[07-Dec-2024 15:31:43 Europe/Berlin] PHP Fatal error:  Uncaught Error: Call to private Database::__construct() from global scope in C:\xampp\htdocs\FarmCS\handlers\soil_moisture_handler.php:61
Stack trace:
#0 {main}
  thrown in C:\xampp\htdocs\FarmCS\handlers\soil_moisture_handler.php on line 61
[07-Dec-2024 15:31:43 Europe/Berlin] PHP Warning:  The magic method Database::__wakeup() must have public visibility in C:\xampp\htdocs\FarmCS\config\database.php on line 44
[07-Dec-2024 15:31:43 Europe/Berlin] PHP Fatal error:  Uncaught Error: Call to private Database::__construct() from global scope in C:\xampp\htdocs\FarmCS\handlers\soil_moisture_handler.php:61
Stack trace:
#0 {main}
  thrown in C:\xampp\htdocs\FarmCS\handlers\soil_moisture_handler.php on line 61
[07-Dec-2024 15:31:44 Europe/Berlin] PHP Warning:  The magic method Database::__wakeup() must have public visibility in C:\xampp\htdocs\FarmCS\config\database.php on line 44
[07-Dec-2024 15:31:44 Europe/Berlin] PHP Fatal error:  Uncaught Error: Call to private Database::__construct() from global scope in C:\xampp\htdocs\FarmCS\handlers\soil_moisture_handler.php:158
Stack trace:
#0 {main}
  thrown in C:\xampp\htdocs\FarmCS\handlers\soil_moisture_handler.php on line 158
[07-Dec-2024 15:31:46 Europe/Berlin] PHP Warning:  The magic method Database::__wakeup() must have public visibility in C:\xampp\htdocs\FarmCS\config\database.php on line 44
[07-Dec-2024 15:31:46 Europe/Berlin] PHP Fatal error:  Uncaught Error: Call to private Database::__construct() from global scope in C:\xampp\htdocs\FarmCS\handlers\soil_moisture_handler.php:61
Stack trace:
#0 {main}
  thrown in C:\xampp\htdocs\FarmCS\handlers\soil_moisture_handler.php on line 61
[07-Dec-2024 15:31:46 Europe/Berlin] PHP Warning:  The magic method Database::__wakeup() must have public visibility in C:\xampp\htdocs\FarmCS\config\database.php on line 44
[07-Dec-2024 15:31:46 Europe/Berlin] PHP Fatal error:  Uncaught Error: Call to private Database::__construct() from global scope in C:\xampp\htdocs\FarmCS\handlers\soil_moisture_handler.php:61
Stack trace:
#0 {main}
  thrown in C:\xampp\htdocs\FarmCS\handlers\soil_moisture_handler.php on line 61
[07-Dec-2024 15:31:46 Europe/Berlin] PHP Warning:  The magic method Database::__wakeup() must have public visibility in C:\xampp\htdocs\FarmCS\config\database.php on line 44
[07-Dec-2024 15:31:46 Europe/Berlin] PHP Fatal error:  Uncaught Error: Call to private Database::__construct() from global scope in C:\xampp\htdocs\FarmCS\handlers\soil_moisture_handler.php:158
Stack trace:
#0 {main}
  thrown in C:\xampp\htdocs\FarmCS\handlers\soil_moisture_handler.php on line 158
[07-Dec-2024 15:31:48 Europe/Berlin] PHP Warning:  The magic method Database::__wakeup() must have public visibility in C:\xampp\htdocs\FarmCS\config\database.php on line 44
[07-Dec-2024 15:31:48 Europe/Berlin] PHP Fatal error:  Uncaught Error: Call to private Database::__construct() from global scope in C:\xampp\htdocs\FarmCS\handlers\soil_moisture_handler.php:61
Stack trace:
#0 {main}
  thrown in C:\xampp\htdocs\FarmCS\handlers\soil_moisture_handler.php on line 61
[07-Dec-2024 15:31:48 Europe/Berlin] PHP Warning:  The magic method Database::__wakeup() must have public visibility in C:\xampp\htdocs\FarmCS\config\database.php on line 44
[07-Dec-2024 15:31:48 Europe/Berlin] PHP Fatal error:  Uncaught Error: Call to private Database::__construct() from global scope in C:\xampp\htdocs\FarmCS\handlers\soil_moisture_handler.php:61
Stack trace:
#0 {main}
  thrown in C:\xampp\htdocs\FarmCS\handlers\soil_moisture_handler.php on line 61
[07-Dec-2024 15:31:48 Europe/Berlin] PHP Warning:  The magic method Database::__wakeup() must have public visibility in C:\xampp\htdocs\FarmCS\config\database.php on line 44
[07-Dec-2024 15:31:48 Europe/Berlin] PHP Fatal error:  Uncaught Error: Call to private Database::__construct() from global scope in C:\xampp\htdocs\FarmCS\handlers\soil_moisture_handler.php:158
Stack trace:
#0 {main}
  thrown in C:\xampp\htdocs\FarmCS\handlers\soil_moisture_handler.php on line 158
[07-Dec-2024 15:31:50 Europe/Berlin] PHP Warning:  The magic method Database::__wakeup() must have public visibility in C:\xampp\htdocs\FarmCS\config\database.php on line 44
[07-Dec-2024 15:31:50 Europe/Berlin] PHP Fatal error:  Uncaught Error: Call to private Database::__construct() from global scope in C:\xampp\htdocs\FarmCS\handlers\soil_moisture_handler.php:61
Stack trace:
#0 {main}
  thrown in C:\xampp\htdocs\FarmCS\handlers\soil_moisture_handler.php on line 61
[07-Dec-2024 15:31:50 Europe/Berlin] PHP Warning:  The magic method Database::__wakeup() must have public visibility in C:\xampp\htdocs\FarmCS\config\database.php on line 44
[07-Dec-2024 15:31:50 Europe/Berlin] PHP Fatal error:  Uncaught Error: Call to private Database::__construct() from global scope in C:\xampp\htdocs\FarmCS\handlers\soil_moisture_handler.php:61
Stack trace:
#0 {main}
  thrown in C:\xampp\htdocs\FarmCS\handlers\soil_moisture_handler.php on line 61
[07-Dec-2024 15:31:50 Europe/Berlin] PHP Warning:  The magic method Database::__wakeup() must have public visibility in C:\xampp\htdocs\FarmCS\config\database.php on line 44
[07-Dec-2024 15:31:50 Europe/Berlin] PHP Fatal error:  Uncaught Error: Call to private Database::__construct() from global scope in C:\xampp\htdocs\FarmCS\handlers\soil_moisture_handler.php:158
Stack trace:
#0 {main}
  thrown in C:\xampp\htdocs\FarmCS\handlers\soil_moisture_handler.php on line 158
[07-Dec-2024 15:31:52 Europe/Berlin] PHP Warning:  The magic method Database::__wakeup() must have public visibility in C:\xampp\htdocs\FarmCS\config\database.php on line 44
[07-Dec-2024 15:31:52 Europe/Berlin] PHP Fatal error:  Uncaught Error: Call to private Database::__construct() from global scope in C:\xampp\htdocs\FarmCS\handlers\soil_moisture_handler.php:61
Stack trace:
#0 {main}
  thrown in C:\xampp\htdocs\FarmCS\handlers\soil_moisture_handler.php on line 61
[07-Dec-2024 15:31:52 Europe/Berlin] PHP Warning:  The magic method Database::__wakeup() must have public visibility in C:\xampp\htdocs\FarmCS\config\database.php on line 44
[07-Dec-2024 15:31:52 Europe/Berlin] PHP Fatal error:  Uncaught Error: Call to private Database::__construct() from global scope in C:\xampp\htdocs\FarmCS\handlers\soil_moisture_handler.php:61
Stack trace:
#0 {main}
  thrown in C:\xampp\htdocs\FarmCS\handlers\soil_moisture_handler.php on line 61
[07-Dec-2024 15:31:52 Europe/Berlin] PHP Warning:  The magic method Database::__wakeup() must have public visibility in C:\xampp\htdocs\FarmCS\config\database.php on line 44
[07-Dec-2024 15:31:52 Europe/Berlin] PHP Fatal error:  Uncaught Error: Call to private Database::__construct() from global scope in C:\xampp\htdocs\FarmCS\handlers\soil_moisture_handler.php:158
Stack trace:
#0 {main}
  thrown in C:\xampp\htdocs\FarmCS\handlers\soil_moisture_handler.php on line 158
[07-Dec-2024 15:31:54 Europe/Berlin] PHP Warning:  The magic method Database::__wakeup() must have public visibility in C:\xampp\htdocs\FarmCS\config\database.php on line 44
[07-Dec-2024 15:31:54 Europe/Berlin] PHP Fatal error:  Uncaught Error: Call to private Database::__construct() from global scope in C:\xampp\htdocs\FarmCS\handlers\soil_moisture_handler.php:61
Stack trace:
#0 {main}
  thrown in C:\xampp\htdocs\FarmCS\handlers\soil_moisture_handler.php on line 61
[07-Dec-2024 15:31:54 Europe/Berlin] PHP Warning:  The magic method Database::__wakeup() must have public visibility in C:\xampp\htdocs\FarmCS\config\database.php on line 44
[07-Dec-2024 15:31:54 Europe/Berlin] PHP Fatal error:  Uncaught Error: Call to private Database::__construct() from global scope in C:\xampp\htdocs\FarmCS\handlers\soil_moisture_handler.php:61
Stack trace:
#0 {main}
  thrown in C:\xampp\htdocs\FarmCS\handlers\soil_moisture_handler.php on line 61
[07-Dec-2024 15:31:54 Europe/Berlin] PHP Warning:  The magic method Database::__wakeup() must have public visibility in C:\xampp\htdocs\FarmCS\config\database.php on line 44
[07-Dec-2024 15:31:54 Europe/Berlin] PHP Fatal error:  Uncaught Error: Call to private Database::__construct() from global scope in C:\xampp\htdocs\FarmCS\handlers\soil_moisture_handler.php:158
Stack trace:
#0 {main}
  thrown in C:\xampp\htdocs\FarmCS\handlers\soil_moisture_handler.php on line 158
[07-Dec-2024 15:31:56 Europe/Berlin] PHP Warning:  The magic method Database::__wakeup() must have public visibility in C:\xampp\htdocs\FarmCS\config\database.php on line 44
[07-Dec-2024 15:31:56 Europe/Berlin] PHP Fatal error:  Uncaught Error: Call to private Database::__construct() from global scope in C:\xampp\htdocs\FarmCS\handlers\soil_moisture_handler.php:61
Stack trace:
#0 {main}
  thrown in C:\xampp\htdocs\FarmCS\handlers\soil_moisture_handler.php on line 61
[07-Dec-2024 15:31:56 Europe/Berlin] PHP Warning:  The magic method Database::__wakeup() must have public visibility in C:\xampp\htdocs\FarmCS\config\database.php on line 44
[07-Dec-2024 15:31:56 Europe/Berlin] PHP Fatal error:  Uncaught Error: Call to private Database::__construct() from global scope in C:\xampp\htdocs\FarmCS\handlers\soil_moisture_handler.php:61
Stack trace:
#0 {main}
  thrown in C:\xampp\htdocs\FarmCS\handlers\soil_moisture_handler.php on line 61
[07-Dec-2024 15:31:56 Europe/Berlin] PHP Warning:  The magic method Database::__wakeup() must have public visibility in C:\xampp\htdocs\FarmCS\config\database.php on line 44
[07-Dec-2024 15:31:56 Europe/Berlin] PHP Fatal error:  Uncaught Error: Call to private Database::__construct() from global scope in C:\xampp\htdocs\FarmCS\handlers\soil_moisture_handler.php:158
Stack trace:
#0 {main}
  thrown in C:\xampp\htdocs\FarmCS\handlers\soil_moisture_handler.php on line 158
[07-Dec-2024 15:31:57 Europe/Berlin] PHP Warning:  The magic method Database::__wakeup() must have public visibility in C:\xampp\htdocs\FarmCS\config\database.php on line 44
[07-Dec-2024 15:31:57 Europe/Berlin] PHP Fatal error:  Uncaught Error: Call to private Database::__construct() from global scope in C:\xampp\htdocs\FarmCS\handlers\soil_moisture_handler.php:61
Stack trace:
#0 {main}
  thrown in C:\xampp\htdocs\FarmCS\handlers\soil_moisture_handler.php on line 61
[07-Dec-2024 15:31:57 Europe/Berlin] PHP Warning:  The magic method Database::__wakeup() must have public visibility in C:\xampp\htdocs\FarmCS\config\database.php on line 44
[07-Dec-2024 15:31:57 Europe/Berlin] PHP Fatal error:  Uncaught Error: Call to private Database::__construct() from global scope in C:\xampp\htdocs\FarmCS\handlers\soil_moisture_handler.php:61
Stack trace:
#0 {main}
  thrown in C:\xampp\htdocs\FarmCS\handlers\soil_moisture_handler.php on line 61
[07-Dec-2024 15:31:58 Europe/Berlin] PHP Warning:  The magic method Database::__wakeup() must have public visibility in C:\xampp\htdocs\FarmCS\config\database.php on line 44
[07-Dec-2024 15:31:58 Europe/Berlin] PHP Fatal error:  Uncaught Error: Call to private Database::__construct() from global scope in C:\xampp\htdocs\FarmCS\handlers\soil_moisture_handler.php:158
Stack trace:
#0 {main}
  thrown in C:\xampp\htdocs\FarmCS\handlers\soil_moisture_handler.php on line 158
[07-Dec-2024 15:32:00 Europe/Berlin] PHP Warning:  The magic method Database::__wakeup() must have public visibility in C:\xampp\htdocs\FarmCS\config\database.php on line 44
[07-Dec-2024 15:32:00 Europe/Berlin] PHP Fatal error:  Uncaught Error: Call to private Database::__construct() from global scope in C:\xampp\htdocs\FarmCS\handlers\soil_moisture_handler.php:61
Stack trace:
#0 {main}
  thrown in C:\xampp\htdocs\FarmCS\handlers\soil_moisture_handler.php on line 61
[07-Dec-2024 15:32:00 Europe/Berlin] PHP Warning:  The magic method Database::__wakeup() must have public visibility in C:\xampp\htdocs\FarmCS\config\database.php on line 44
[07-Dec-2024 15:32:00 Europe/Berlin] PHP Fatal error:  Uncaught Error: Call to private Database::__construct() from global scope in C:\xampp\htdocs\FarmCS\handlers\soil_moisture_handler.php:61
Stack trace:
#0 {main}
  thrown in C:\xampp\htdocs\FarmCS\handlers\soil_moisture_handler.php on line 61
[07-Dec-2024 15:32:00 Europe/Berlin] PHP Warning:  The magic method Database::__wakeup() must have public visibility in C:\xampp\htdocs\FarmCS\config\database.php on line 44
[07-Dec-2024 15:32:00 Europe/Berlin] PHP Fatal error:  Uncaught Error: Call to private Database::__construct() from global scope in C:\xampp\htdocs\FarmCS\handlers\soil_moisture_handler.php:158
Stack trace:
#0 {main}
  thrown in C:\xampp\htdocs\FarmCS\handlers\soil_moisture_handler.php on line 158
[07-Dec-2024 15:32:02 Europe/Berlin] PHP Warning:  The magic method Database::__wakeup() must have public visibility in C:\xampp\htdocs\FarmCS\config\database.php on line 44
[07-Dec-2024 15:32:02 Europe/Berlin] PHP Fatal error:  Uncaught Error: Call to private Database::__construct() from global scope in C:\xampp\htdocs\FarmCS\handlers\soil_moisture_handler.php:61
Stack trace:
#0 {main}
  thrown in C:\xampp\htdocs\FarmCS\handlers\soil_moisture_handler.php on line 61
[07-Dec-2024 15:32:02 Europe/Berlin] PHP Warning:  The magic method Database::__wakeup() must have public visibility in C:\xampp\htdocs\FarmCS\config\database.php on line 44
[07-Dec-2024 15:32:02 Europe/Berlin] PHP Fatal error:  Uncaught Error: Call to private Database::__construct() from global scope in C:\xampp\htdocs\FarmCS\handlers\soil_moisture_handler.php:61
Stack trace:
#0 {main}
  thrown in C:\xampp\htdocs\FarmCS\handlers\soil_moisture_handler.php on line 61
[07-Dec-2024 15:32:02 Europe/Berlin] PHP Warning:  The magic method Database::__wakeup() must have public visibility in C:\xampp\htdocs\FarmCS\config\database.php on line 44
[07-Dec-2024 15:32:02 Europe/Berlin] PHP Fatal error:  Uncaught Error: Call to private Database::__construct() from global scope in C:\xampp\htdocs\FarmCS\handlers\soil_moisture_handler.php:61
Stack trace:
#0 {main}
  thrown in C:\xampp\htdocs\FarmCS\handlers\soil_moisture_handler.php on line 61
[07-Dec-2024 15:32:02 Europe/Berlin] PHP Warning:  The magic method Database::__wakeup() must have public visibility in C:\xampp\htdocs\FarmCS\config\database.php on line 44
[07-Dec-2024 15:32:02 Europe/Berlin] PHP Warning:  The magic method Database::__wakeup() must have public visibility in C:\xampp\htdocs\FarmCS\config\database.php on line 44
[07-Dec-2024 15:32:02 Europe/Berlin] PHP Fatal error:  Uncaught Error: Call to private Database::__construct() from global scope in C:\xampp\htdocs\FarmCS\handlers\soil_moisture_handler.php:61
Stack trace:
#0 {main}
  thrown in C:\xampp\htdocs\FarmCS\handlers\soil_moisture_handler.php on line 61
[07-Dec-2024 15:32:02 Europe/Berlin] PHP Fatal error:  Uncaught Error: Call to private Database::__construct() from global scope in C:\xampp\htdocs\FarmCS\handlers\soil_moisture_handler.php:61
Stack trace:
#0 {main}
  thrown in C:\xampp\htdocs\FarmCS\handlers\soil_moisture_handler.php on line 61
[07-Dec-2024 15:32:02 Europe/Berlin] PHP Warning:  The magic method Database::__wakeup() must have public visibility in C:\xampp\htdocs\FarmCS\config\database.php on line 44
[07-Dec-2024 15:32:02 Europe/Berlin] PHP Fatal error:  Uncaught Error: Call to private Database::__construct() from global scope in C:\xampp\htdocs\FarmCS\handlers\soil_moisture_handler.php:158
Stack trace:
#0 {main}
  thrown in C:\xampp\htdocs\FarmCS\handlers\soil_moisture_handler.php on line 158
[07-Dec-2024 15:32:04 Europe/Berlin] PHP Warning:  The magic method Database::__wakeup() must have public visibility in C:\xampp\htdocs\FarmCS\config\database.php on line 44
[07-Dec-2024 15:32:04 Europe/Berlin] PHP Fatal error:  Uncaught Error: Call to private Database::__construct() from global scope in C:\xampp\htdocs\FarmCS\handlers\soil_moisture_handler.php:61
Stack trace:
#0 {main}
  thrown in C:\xampp\htdocs\FarmCS\handlers\soil_moisture_handler.php on line 61
[07-Dec-2024 15:32:04 Europe/Berlin] PHP Warning:  The magic method Database::__wakeup() must have public visibility in C:\xampp\htdocs\FarmCS\config\database.php on line 44
[07-Dec-2024 15:32:04 Europe/Berlin] PHP Fatal error:  Uncaught Error: Call to private Database::__construct() from global scope in C:\xampp\htdocs\FarmCS\handlers\soil_moisture_handler.php:61
Stack trace:
#0 {main}
  thrown in C:\xampp\htdocs\FarmCS\handlers\soil_moisture_handler.php on line 61
[07-Dec-2024 15:32:04 Europe/Berlin] PHP Warning:  The magic method Database::__wakeup() must have public visibility in C:\xampp\htdocs\FarmCS\config\database.php on line 44
[07-Dec-2024 15:32:04 Europe/Berlin] PHP Fatal error:  Uncaught Error: Call to private Database::__construct() from global scope in C:\xampp\htdocs\FarmCS\handlers\soil_moisture_handler.php:158
Stack trace:
#0 {main}
  thrown in C:\xampp\htdocs\FarmCS\handlers\soil_moisture_handler.php on line 158
[07-Dec-2024 15:32:06 Europe/Berlin] PHP Warning:  The magic method Database::__wakeup() must have public visibility in C:\xampp\htdocs\FarmCS\config\database.php on line 44
[07-Dec-2024 15:32:06 Europe/Berlin] PHP Fatal error:  Uncaught Error: Call to private Database::__construct() from global scope in C:\xampp\htdocs\FarmCS\handlers\soil_moisture_handler.php:61
Stack trace:
#0 {main}
  thrown in C:\xampp\htdocs\FarmCS\handlers\soil_moisture_handler.php on line 61
[07-Dec-2024 15:32:06 Europe/Berlin] PHP Warning:  The magic method Database::__wakeup() must have public visibility in C:\xampp\htdocs\FarmCS\config\database.php on line 44
[07-Dec-2024 15:32:06 Europe/Berlin] PHP Fatal error:  Uncaught Error: Call to private Database::__construct() from global scope in C:\xampp\htdocs\FarmCS\handlers\soil_moisture_handler.php:61
Stack trace:
#0 {main}
  thrown in C:\xampp\htdocs\FarmCS\handlers\soil_moisture_handler.php on line 61
[07-Dec-2024 15:32:06 Europe/Berlin] PHP Warning:  The magic method Database::__wakeup() must have public visibility in C:\xampp\htdocs\FarmCS\config\database.php on line 44
[07-Dec-2024 15:32:06 Europe/Berlin] PHP Fatal error:  Uncaught Error: Call to private Database::__construct() from global scope in C:\xampp\htdocs\FarmCS\handlers\soil_moisture_handler.php:158
Stack trace:
#0 {main}
  thrown in C:\xampp\htdocs\FarmCS\handlers\soil_moisture_handler.php on line 158
[07-Dec-2024 15:32:08 Europe/Berlin] PHP Warning:  The magic method Database::__wakeup() must have public visibility in C:\xampp\htdocs\FarmCS\config\database.php on line 44
[07-Dec-2024 15:32:08 Europe/Berlin] PHP Fatal error:  Uncaught Error: Call to private Database::__construct() from global scope in C:\xampp\htdocs\FarmCS\handlers\soil_moisture_handler.php:61
Stack trace:
#0 {main}
  thrown in C:\xampp\htdocs\FarmCS\handlers\soil_moisture_handler.php on line 61
[07-Dec-2024 15:32:08 Europe/Berlin] PHP Warning:  The magic method Database::__wakeup() must have public visibility in C:\xampp\htdocs\FarmCS\config\database.php on line 44
[07-Dec-2024 15:32:08 Europe/Berlin] PHP Fatal error:  Uncaught Error: Call to private Database::__construct() from global scope in C:\xampp\htdocs\FarmCS\handlers\soil_moisture_handler.php:61
Stack trace:
#0 {main}
  thrown in C:\xampp\htdocs\FarmCS\handlers\soil_moisture_handler.php on line 61
[07-Dec-2024 15:32:08 Europe/Berlin] PHP Warning:  The magic method Database::__wakeup() must have public visibility in C:\xampp\htdocs\FarmCS\config\database.php on line 44
[07-Dec-2024 15:32:08 Europe/Berlin] PHP Fatal error:  Uncaught Error: Call to private Database::__construct() from global scope in C:\xampp\htdocs\FarmCS\handlers\soil_moisture_handler.php:158
Stack trace:
#0 {main}
  thrown in C:\xampp\htdocs\FarmCS\handlers\soil_moisture_handler.php on line 158
[07-Dec-2024 15:32:10 Europe/Berlin] PHP Warning:  The magic method Database::__wakeup() must have public visibility in C:\xampp\htdocs\FarmCS\config\database.php on line 44
[07-Dec-2024 15:32:10 Europe/Berlin] PHP Fatal error:  Uncaught Error: Call to private Database::__construct() from global scope in C:\xampp\htdocs\FarmCS\handlers\soil_moisture_handler.php:61
Stack trace:
#0 {main}
  thrown in C:\xampp\htdocs\FarmCS\handlers\soil_moisture_handler.php on line 61
[07-Dec-2024 15:32:10 Europe/Berlin] PHP Warning:  The magic method Database::__wakeup() must have public visibility in C:\xampp\htdocs\FarmCS\config\database.php on line 44
[07-Dec-2024 15:32:10 Europe/Berlin] PHP Fatal error:  Uncaught Error: Call to private Database::__construct() from global scope in C:\xampp\htdocs\FarmCS\handlers\soil_moisture_handler.php:61
Stack trace:
#0 {main}
  thrown in C:\xampp\htdocs\FarmCS\handlers\soil_moisture_handler.php on line 61
[07-Dec-2024 15:32:10 Europe/Berlin] PHP Warning:  The magic method Database::__wakeup() must have public visibility in C:\xampp\htdocs\FarmCS\config\database.php on line 44
[07-Dec-2024 15:32:10 Europe/Berlin] PHP Fatal error:  Uncaught Error: Call to private Database::__construct() from global scope in C:\xampp\htdocs\FarmCS\handlers\soil_moisture_handler.php:158
Stack trace:
#0 {main}
  thrown in C:\xampp\htdocs\FarmCS\handlers\soil_moisture_handler.php on line 158
[07-Dec-2024 15:32:12 Europe/Berlin] PHP Warning:  The magic method Database::__wakeup() must have public visibility in C:\xampp\htdocs\FarmCS\config\database.php on line 44
[07-Dec-2024 15:32:12 Europe/Berlin] PHP Fatal error:  Uncaught Error: Call to private Database::__construct() from global scope in C:\xampp\htdocs\FarmCS\handlers\soil_moisture_handler.php:61
Stack trace:
#0 {main}
  thrown in C:\xampp\htdocs\FarmCS\handlers\soil_moisture_handler.php on line 61
[07-Dec-2024 15:32:12 Europe/Berlin] PHP Warning:  The magic method Database::__wakeup() must have public visibility in C:\xampp\htdocs\FarmCS\config\database.php on line 44
[07-Dec-2024 15:32:12 Europe/Berlin] PHP Fatal error:  Uncaught Error: Call to private Database::__construct() from global scope in C:\xampp\htdocs\FarmCS\handlers\soil_moisture_handler.php:61
Stack trace:
#0 {main}
  thrown in C:\xampp\htdocs\FarmCS\handlers\soil_moisture_handler.php on line 61
[07-Dec-2024 15:32:12 Europe/Berlin] PHP Warning:  The magic method Database::__wakeup() must have public visibility in C:\xampp\htdocs\FarmCS\config\database.php on line 44
[07-Dec-2024 15:32:12 Europe/Berlin] PHP Fatal error:  Uncaught Error: Call to private Database::__construct() from global scope in C:\xampp\htdocs\FarmCS\handlers\soil_moisture_handler.php:158
Stack trace:
#0 {main}
  thrown in C:\xampp\htdocs\FarmCS\handlers\soil_moisture_handler.php on line 158
[07-Dec-2024 15:32:14 Europe/Berlin] PHP Warning:  The magic method Database::__wakeup() must have public visibility in C:\xampp\htdocs\FarmCS\config\database.php on line 44
[07-Dec-2024 15:32:14 Europe/Berlin] PHP Fatal error:  Uncaught Error: Call to private Database::__construct() from global scope in C:\xampp\htdocs\FarmCS\handlers\soil_moisture_handler.php:61
Stack trace:
#0 {main}
  thrown in C:\xampp\htdocs\FarmCS\handlers\soil_moisture_handler.php on line 61
[07-Dec-2024 15:32:14 Europe/Berlin] PHP Warning:  The magic method Database::__wakeup() must have public visibility in C:\xampp\htdocs\FarmCS\config\database.php on line 44
[07-Dec-2024 15:32:14 Europe/Berlin] PHP Fatal error:  Uncaught Error: Call to private Database::__construct() from global scope in C:\xampp\htdocs\FarmCS\handlers\soil_moisture_handler.php:61
Stack trace:
#0 {main}
  thrown in C:\xampp\htdocs\FarmCS\handlers\soil_moisture_handler.php on line 61
[07-Dec-2024 15:32:14 Europe/Berlin] PHP Warning:  The magic method Database::__wakeup() must have public visibility in C:\xampp\htdocs\FarmCS\config\database.php on line 44
[07-Dec-2024 15:32:14 Europe/Berlin] PHP Fatal error:  Uncaught Error: Call to private Database::__construct() from global scope in C:\xampp\htdocs\FarmCS\handlers\soil_moisture_handler.php:158
Stack trace:
#0 {main}
  thrown in C:\xampp\htdocs\FarmCS\handlers\soil_moisture_handler.php on line 158
[07-Dec-2024 15:32:16 Europe/Berlin] PHP Warning:  The magic method Database::__wakeup() must have public visibility in C:\xampp\htdocs\FarmCS\config\database.php on line 44
[07-Dec-2024 15:32:16 Europe/Berlin] PHP Fatal error:  Uncaught Error: Call to private Database::__construct() from global scope in C:\xampp\htdocs\FarmCS\handlers\soil_moisture_handler.php:61
Stack trace:
#0 {main}
  thrown in C:\xampp\htdocs\FarmCS\handlers\soil_moisture_handler.php on line 61
[07-Dec-2024 15:32:16 Europe/Berlin] PHP Warning:  The magic method Database::__wakeup() must have public visibility in C:\xampp\htdocs\FarmCS\config\database.php on line 44
[07-Dec-2024 15:32:16 Europe/Berlin] PHP Fatal error:  Uncaught Error: Call to private Database::__construct() from global scope in C:\xampp\htdocs\FarmCS\handlers\soil_moisture_handler.php:61
Stack trace:
#0 {main}
  thrown in C:\xampp\htdocs\FarmCS\handlers\soil_moisture_handler.php on line 61
[07-Dec-2024 15:32:16 Europe/Berlin] PHP Warning:  The magic method Database::__wakeup() must have public visibility in C:\xampp\htdocs\FarmCS\config\database.php on line 44
[07-Dec-2024 15:32:16 Europe/Berlin] PHP Fatal error:  Uncaught Error: Call to private Database::__construct() from global scope in C:\xampp\htdocs\FarmCS\handlers\soil_moisture_handler.php:158
Stack trace:
#0 {main}
  thrown in C:\xampp\htdocs\FarmCS\handlers\soil_moisture_handler.php on line 158
[07-Dec-2024 15:32:18 Europe/Berlin] PHP Warning:  The magic method Database::__wakeup() must have public visibility in C:\xampp\htdocs\FarmCS\config\database.php on line 44
[07-Dec-2024 15:32:18 Europe/Berlin] PHP Fatal error:  Uncaught Error: Call to private Database::__construct() from global scope in C:\xampp\htdocs\FarmCS\handlers\soil_moisture_handler.php:61
Stack trace:
#0 {main}
  thrown in C:\xampp\htdocs\FarmCS\handlers\soil_moisture_handler.php on line 61
[07-Dec-2024 15:32:18 Europe/Berlin] PHP Warning:  The magic method Database::__wakeup() must have public visibility in C:\xampp\htdocs\FarmCS\config\database.php on line 44
[07-Dec-2024 15:32:18 Europe/Berlin] PHP Fatal error:  Uncaught Error: Call to private Database::__construct() from global scope in C:\xampp\htdocs\FarmCS\handlers\soil_moisture_handler.php:61
Stack trace:
#0 {main}
  thrown in C:\xampp\htdocs\FarmCS\handlers\soil_moisture_handler.php on line 61
[07-Dec-2024 15:32:18 Europe/Berlin] PHP Warning:  The magic method Database::__wakeup() must have public visibility in C:\xampp\htdocs\FarmCS\config\database.php on line 44
[07-Dec-2024 15:32:18 Europe/Berlin] PHP Fatal error:  Uncaught Error: Call to private Database::__construct() from global scope in C:\xampp\htdocs\FarmCS\handlers\soil_moisture_handler.php:158
Stack trace:
#0 {main}
  thrown in C:\xampp\htdocs\FarmCS\handlers\soil_moisture_handler.php on line 158
[07-Dec-2024 15:32:20 Europe/Berlin] PHP Warning:  The magic method Database::__wakeup() must have public visibility in C:\xampp\htdocs\FarmCS\config\database.php on line 44
[07-Dec-2024 15:32:20 Europe/Berlin] PHP Fatal error:  Uncaught Error: Call to private Database::__construct() from global scope in C:\xampp\htdocs\FarmCS\handlers\soil_moisture_handler.php:61
Stack trace:
#0 {main}
  thrown in C:\xampp\htdocs\FarmCS\handlers\soil_moisture_handler.php on line 61
[07-Dec-2024 15:32:20 Europe/Berlin] PHP Warning:  The magic method Database::__wakeup() must have public visibility in C:\xampp\htdocs\FarmCS\config\database.php on line 44
[07-Dec-2024 15:32:20 Europe/Berlin] PHP Fatal error:  Uncaught Error: Call to private Database::__construct() from global scope in C:\xampp\htdocs\FarmCS\handlers\soil_moisture_handler.php:61
Stack trace:
#0 {main}
  thrown in C:\xampp\htdocs\FarmCS\handlers\soil_moisture_handler.php on line 61
[07-Dec-2024 15:32:20 Europe/Berlin] PHP Warning:  The magic method Database::__wakeup() must have public visibility in C:\xampp\htdocs\FarmCS\config\database.php on line 44
[07-Dec-2024 15:32:20 Europe/Berlin] PHP Fatal error:  Uncaught Error: Call to private Database::__construct() from global scope in C:\xampp\htdocs\FarmCS\handlers\soil_moisture_handler.php:158
Stack trace:
#0 {main}
  thrown in C:\xampp\htdocs\FarmCS\handlers\soil_moisture_handler.php on line 158
[07-Dec-2024 15:32:22 Europe/Berlin] PHP Warning:  The magic method Database::__wakeup() must have public visibility in C:\xampp\htdocs\FarmCS\config\database.php on line 44
[07-Dec-2024 15:32:22 Europe/Berlin] PHP Fatal error:  Uncaught Error: Call to private Database::__construct() from global scope in C:\xampp\htdocs\FarmCS\handlers\soil_moisture_handler.php:61
Stack trace:
#0 {main}
  thrown in C:\xampp\htdocs\FarmCS\handlers\soil_moisture_handler.php on line 61
[07-Dec-2024 15:32:22 Europe/Berlin] PHP Warning:  The magic method Database::__wakeup() must have public visibility in C:\xampp\htdocs\FarmCS\config\database.php on line 44
[07-Dec-2024 15:32:22 Europe/Berlin] PHP Fatal error:  Uncaught Error: Call to private Database::__construct() from global scope in C:\xampp\htdocs\FarmCS\handlers\soil_moisture_handler.php:61
Stack trace:
#0 {main}
  thrown in C:\xampp\htdocs\FarmCS\handlers\soil_moisture_handler.php on line 61
[07-Dec-2024 15:32:22 Europe/Berlin] PHP Warning:  The magic method Database::__wakeup() must have public visibility in C:\xampp\htdocs\FarmCS\config\database.php on line 44
[07-Dec-2024 15:32:22 Europe/Berlin] PHP Fatal error:  Uncaught Error: Call to private Database::__construct() from global scope in C:\xampp\htdocs\FarmCS\handlers\soil_moisture_handler.php:158
Stack trace:
#0 {main}
  thrown in C:\xampp\htdocs\FarmCS\handlers\soil_moisture_handler.php on line 158
[07-Dec-2024 15:32:24 Europe/Berlin] PHP Warning:  The magic method Database::__wakeup() must have public visibility in C:\xampp\htdocs\FarmCS\config\database.php on line 44
[07-Dec-2024 15:32:24 Europe/Berlin] PHP Fatal error:  Uncaught Error: Call to private Database::__construct() from global scope in C:\xampp\htdocs\FarmCS\handlers\soil_moisture_handler.php:61
Stack trace:
#0 {main}
  thrown in C:\xampp\htdocs\FarmCS\handlers\soil_moisture_handler.php on line 61
[07-Dec-2024 15:32:24 Europe/Berlin] PHP Warning:  The magic method Database::__wakeup() must have public visibility in C:\xampp\htdocs\FarmCS\config\database.php on line 44
[07-Dec-2024 15:32:24 Europe/Berlin] PHP Fatal error:  Uncaught Error: Call to private Database::__construct() from global scope in C:\xampp\htdocs\FarmCS\handlers\soil_moisture_handler.php:61
Stack trace:
#0 {main}
  thrown in C:\xampp\htdocs\FarmCS\handlers\soil_moisture_handler.php on line 61
[07-Dec-2024 15:32:26 Europe/Berlin] PHP Warning:  The magic method Database::__wakeup() must have public visibility in C:\xampp\htdocs\FarmCS\config\database.php on line 44
[07-Dec-2024 15:32:26 Europe/Berlin] PHP Fatal error:  Uncaught Error: Call to private Database::__construct() from global scope in C:\xampp\htdocs\FarmCS\handlers\soil_moisture_handler.php:61
Stack trace:
#0 {main}
  thrown in C:\xampp\htdocs\FarmCS\handlers\soil_moisture_handler.php on line 61
[07-Dec-2024 15:32:26 Europe/Berlin] PHP Warning:  The magic method Database::__wakeup() must have public visibility in C:\xampp\htdocs\FarmCS\config\database.php on line 44
[07-Dec-2024 15:32:26 Europe/Berlin] PHP Fatal error:  Uncaught Error: Call to private Database::__construct() from global scope in C:\xampp\htdocs\FarmCS\handlers\soil_moisture_handler.php:61
Stack trace:
#0 {main}
  thrown in C:\xampp\htdocs\FarmCS\handlers\soil_moisture_handler.php on line 61
[07-Dec-2024 15:32:28 Europe/Berlin] PHP Warning:  The magic method Database::__wakeup() must have public visibility in C:\xampp\htdocs\FarmCS\config\database.php on line 44
[07-Dec-2024 15:32:28 Europe/Berlin] PHP Fatal error:  Uncaught Error: Call to private Database::__construct() from global scope in C:\xampp\htdocs\FarmCS\handlers\soil_moisture_handler.php:61
Stack trace:
#0 {main}
  thrown in C:\xampp\htdocs\FarmCS\handlers\soil_moisture_handler.php on line 61
[07-Dec-2024 15:32:28 Europe/Berlin] PHP Warning:  The magic method Database::__wakeup() must have public visibility in C:\xampp\htdocs\FarmCS\config\database.php on line 44
[07-Dec-2024 15:32:28 Europe/Berlin] PHP Fatal error:  Uncaught Error: Call to private Database::__construct() from global scope in C:\xampp\htdocs\FarmCS\handlers\soil_moisture_handler.php:61
Stack trace:
#0 {main}
  thrown in C:\xampp\htdocs\FarmCS\handlers\soil_moisture_handler.php on line 61
[07-Dec-2024 15:32:30 Europe/Berlin] PHP Warning:  The magic method Database::__wakeup() must have public visibility in C:\xampp\htdocs\FarmCS\config\database.php on line 44
[07-Dec-2024 15:32:30 Europe/Berlin] PHP Fatal error:  Uncaught Error: Call to private Database::__construct() from global scope in C:\xampp\htdocs\FarmCS\handlers\soil_moisture_handler.php:61
Stack trace:
#0 {main}
  thrown in C:\xampp\htdocs\FarmCS\handlers\soil_moisture_handler.php on line 61
[07-Dec-2024 15:32:30 Europe/Berlin] PHP Warning:  The magic method Database::__wakeup() must have public visibility in C:\xampp\htdocs\FarmCS\config\database.php on line 44
[07-Dec-2024 15:32:30 Europe/Berlin] PHP Fatal error:  Uncaught Error: Call to private Database::__construct() from global scope in C:\xampp\htdocs\FarmCS\handlers\soil_moisture_handler.php:61
Stack trace:
#0 {main}
  thrown in C:\xampp\htdocs\FarmCS\handlers\soil_moisture_handler.php on line 61
[07-Dec-2024 15:32:32 Europe/Berlin] PHP Warning:  The magic method Database::__wakeup() must have public visibility in C:\xampp\htdocs\FarmCS\config\database.php on line 44
[07-Dec-2024 15:32:32 Europe/Berlin] PHP Fatal error:  Uncaught Error: Call to private Database::__construct() from global scope in C:\xampp\htdocs\FarmCS\handlers\soil_moisture_handler.php:61
Stack trace:
#0 {main}
  thrown in C:\xampp\htdocs\FarmCS\handlers\soil_moisture_handler.php on line 61
[07-Dec-2024 15:32:32 Europe/Berlin] PHP Warning:  The magic method Database::__wakeup() must have public visibility in C:\xampp\htdocs\FarmCS\config\database.php on line 44
[07-Dec-2024 15:32:32 Europe/Berlin] PHP Fatal error:  Uncaught Error: Call to private Database::__construct() from global scope in C:\xampp\htdocs\FarmCS\handlers\soil_moisture_handler.php:61
Stack trace:
#0 {main}
  thrown in C:\xampp\htdocs\FarmCS\handlers\soil_moisture_handler.php on line 61
[07-Dec-2024 15:32:32 Europe/Berlin] PHP Warning:  The magic method Database::__wakeup() must have public visibility in C:\xampp\htdocs\FarmCS\config\database.php on line 44
[07-Dec-2024 15:32:32 Europe/Berlin] PHP Fatal error:  Uncaught Error: Call to private Database::__construct() from global scope in C:\xampp\htdocs\FarmCS\handlers\soil_moisture_handler.php:61
Stack trace:
#0 {main}
  thrown in C:\xampp\htdocs\FarmCS\handlers\soil_moisture_handler.php on line 61
[07-Dec-2024 15:32:32 Europe/Berlin] PHP Warning:  The magic method Database::__wakeup() must have public visibility in C:\xampp\htdocs\FarmCS\config\database.php on line 44
[07-Dec-2024 15:32:32 Europe/Berlin] PHP Fatal error:  Uncaught Error: Call to private Database::__construct() from global scope in C:\xampp\htdocs\FarmCS\handlers\soil_moisture_handler.php:61
Stack trace:
#0 {main}
  thrown in C:\xampp\htdocs\FarmCS\handlers\soil_moisture_handler.php on line 61
[07-Dec-2024 15:32:32 Europe/Berlin] PHP Warning:  The magic method Database::__wakeup() must have public visibility in C:\xampp\htdocs\FarmCS\config\database.php on line 44
[07-Dec-2024 15:32:32 Europe/Berlin] PHP Fatal error:  Uncaught Error: Call to private Database::__construct() from global scope in C:\xampp\htdocs\FarmCS\handlers\soil_moisture_handler.php:61
Stack trace:
#0 {main}
  thrown in C:\xampp\htdocs\FarmCS\handlers\soil_moisture_handler.php on line 61
[07-Dec-2024 15:32:34 Europe/Berlin] PHP Warning:  The magic method Database::__wakeup() must have public visibility in C:\xampp\htdocs\FarmCS\config\database.php on line 44
[07-Dec-2024 15:32:34 Europe/Berlin] PHP Fatal error:  Uncaught Error: Call to private Database::__construct() from global scope in C:\xampp\htdocs\FarmCS\handlers\soil_moisture_handler.php:61
Stack trace:
#0 {main}
  thrown in C:\xampp\htdocs\FarmCS\handlers\soil_moisture_handler.php on line 61
[07-Dec-2024 15:32:34 Europe/Berlin] PHP Warning:  The magic method Database::__wakeup() must have public visibility in C:\xampp\htdocs\FarmCS\config\database.php on line 44
[07-Dec-2024 15:32:34 Europe/Berlin] PHP Fatal error:  Uncaught Error: Call to private Database::__construct() from global scope in C:\xampp\htdocs\FarmCS\handlers\soil_moisture_handler.php:61
Stack trace:
#0 {main}
  thrown in C:\xampp\htdocs\FarmCS\handlers\soil_moisture_handler.php on line 61
[07-Dec-2024 15:32:36 Europe/Berlin] PHP Warning:  The magic method Database::__wakeup() must have public visibility in C:\xampp\htdocs\FarmCS\config\database.php on line 44
[07-Dec-2024 15:32:36 Europe/Berlin] PHP Fatal error:  Uncaught Error: Call to private Database::__construct() from global scope in C:\xampp\htdocs\FarmCS\handlers\soil_moisture_handler.php:61
Stack trace:
#0 {main}
  thrown in C:\xampp\htdocs\FarmCS\handlers\soil_moisture_handler.php on line 61
[07-Dec-2024 15:32:36 Europe/Berlin] PHP Warning:  The magic method Database::__wakeup() must have public visibility in C:\xampp\htdocs\FarmCS\config\database.php on line 44
[07-Dec-2024 15:32:36 Europe/Berlin] PHP Fatal error:  Uncaught Error: Call to private Database::__construct() from global scope in C:\xampp\htdocs\FarmCS\handlers\soil_moisture_handler.php:61
Stack trace:
#0 {main}
  thrown in C:\xampp\htdocs\FarmCS\handlers\soil_moisture_handler.php on line 61
[07-Dec-2024 15:32:38 Europe/Berlin] PHP Warning:  The magic method Database::__wakeup() must have public visibility in C:\xampp\htdocs\FarmCS\config\database.php on line 44
[07-Dec-2024 15:32:38 Europe/Berlin] PHP Fatal error:  Uncaught Error: Call to private Database::__construct() from global scope in C:\xampp\htdocs\FarmCS\handlers\soil_moisture_handler.php:61
Stack trace:
#0 {main}
  thrown in C:\xampp\htdocs\FarmCS\handlers\soil_moisture_handler.php on line 61
[07-Dec-2024 15:32:38 Europe/Berlin] PHP Warning:  The magic method Database::__wakeup() must have public visibility in C:\xampp\htdocs\FarmCS\config\database.php on line 44
[07-Dec-2024 15:32:38 Europe/Berlin] PHP Fatal error:  Uncaught Error: Call to private Database::__construct() from global scope in C:\xampp\htdocs\FarmCS\handlers\soil_moisture_handler.php:61
Stack trace:
#0 {main}
  thrown in C:\xampp\htdocs\FarmCS\handlers\soil_moisture_handler.php on line 61
[07-Dec-2024 15:32:40 Europe/Berlin] PHP Warning:  The magic method Database::__wakeup() must have public visibility in C:\xampp\htdocs\FarmCS\config\database.php on line 44
[07-Dec-2024 15:32:40 Europe/Berlin] PHP Fatal error:  Uncaught Error: Call to private Database::__construct() from global scope in C:\xampp\htdocs\FarmCS\handlers\soil_moisture_handler.php:61
Stack trace:
#0 {main}
  thrown in C:\xampp\htdocs\FarmCS\handlers\soil_moisture_handler.php on line 61
[07-Dec-2024 15:32:40 Europe/Berlin] PHP Warning:  The magic method Database::__wakeup() must have public visibility in C:\xampp\htdocs\FarmCS\config\database.php on line 44
[07-Dec-2024 15:32:40 Europe/Berlin] PHP Fatal error:  Uncaught Error: Call to private Database::__construct() from global scope in C:\xampp\htdocs\FarmCS\handlers\soil_moisture_handler.php:61
Stack trace:
#0 {main}
  thrown in C:\xampp\htdocs\FarmCS\handlers\soil_moisture_handler.php on line 61
[07-Dec-2024 15:32:42 Europe/Berlin] PHP Warning:  The magic method Database::__wakeup() must have public visibility in C:\xampp\htdocs\FarmCS\config\database.php on line 44
[07-Dec-2024 15:32:42 Europe/Berlin] PHP Fatal error:  Uncaught Error: Call to private Database::__construct() from global scope in C:\xampp\htdocs\FarmCS\handlers\soil_moisture_handler.php:61
Stack trace:
#0 {main}
  thrown in C:\xampp\htdocs\FarmCS\handlers\soil_moisture_handler.php on line 61
[07-Dec-2024 15:32:42 Europe/Berlin] PHP Warning:  The magic method Database::__wakeup() must have public visibility in C:\xampp\htdocs\FarmCS\config\database.php on line 44
[07-Dec-2024 15:32:42 Europe/Berlin] PHP Fatal error:  Uncaught Error: Call to private Database::__construct() from global scope in C:\xampp\htdocs\FarmCS\handlers\soil_moisture_handler.php:61
Stack trace:
#0 {main}
  thrown in C:\xampp\htdocs\FarmCS\handlers\soil_moisture_handler.php on line 61
[07-Dec-2024 15:32:44 Europe/Berlin] PHP Warning:  The magic method Database::__wakeup() must have public visibility in C:\xampp\htdocs\FarmCS\config\database.php on line 44
[07-Dec-2024 15:32:44 Europe/Berlin] PHP Fatal error:  Uncaught Error: Call to private Database::__construct() from global scope in C:\xampp\htdocs\FarmCS\handlers\soil_moisture_handler.php:61
Stack trace:
#0 {main}
  thrown in C:\xampp\htdocs\FarmCS\handlers\soil_moisture_handler.php on line 61
[07-Dec-2024 15:32:44 Europe/Berlin] PHP Warning:  The magic method Database::__wakeup() must have public visibility in C:\xampp\htdocs\FarmCS\config\database.php on line 44
[07-Dec-2024 15:32:44 Europe/Berlin] PHP Fatal error:  Uncaught Error: Call to private Database::__construct() from global scope in C:\xampp\htdocs\FarmCS\handlers\soil_moisture_handler.php:61
Stack trace:
#0 {main}
  thrown in C:\xampp\htdocs\FarmCS\handlers\soil_moisture_handler.php on line 61
[07-Dec-2024 15:32:46 Europe/Berlin] PHP Warning:  The magic method Database::__wakeup() must have public visibility in C:\xampp\htdocs\FarmCS\config\database.php on line 44
[07-Dec-2024 15:32:46 Europe/Berlin] PHP Fatal error:  Uncaught Error: Call to private Database::__construct() from global scope in C:\xampp\htdocs\FarmCS\handlers\soil_moisture_handler.php:61
Stack trace:
#0 {main}
  thrown in C:\xampp\htdocs\FarmCS\handlers\soil_moisture_handler.php on line 61
[07-Dec-2024 15:32:46 Europe/Berlin] PHP Warning:  The magic method Database::__wakeup() must have public visibility in C:\xampp\htdocs\FarmCS\config\database.php on line 44
[07-Dec-2024 15:32:46 Europe/Berlin] PHP Fatal error:  Uncaught Error: Call to private Database::__construct() from global scope in C:\xampp\htdocs\FarmCS\handlers\soil_moisture_handler.php:61
Stack trace:
#0 {main}
  thrown in C:\xampp\htdocs\FarmCS\handlers\soil_moisture_handler.php on line 61
[07-Dec-2024 15:32:48 Europe/Berlin] PHP Warning:  The magic method Database::__wakeup() must have public visibility in C:\xampp\htdocs\FarmCS\config\database.php on line 44
[07-Dec-2024 15:32:48 Europe/Berlin] PHP Fatal error:  Uncaught Error: Call to private Database::__construct() from global scope in C:\xampp\htdocs\FarmCS\handlers\soil_moisture_handler.php:61
Stack trace:
#0 {main}
  thrown in C:\xampp\htdocs\FarmCS\handlers\soil_moisture_handler.php on line 61
[07-Dec-2024 15:32:48 Europe/Berlin] PHP Warning:  The magic method Database::__wakeup() must have public visibility in C:\xampp\htdocs\FarmCS\config\database.php on line 44
[07-Dec-2024 15:32:48 Europe/Berlin] PHP Fatal error:  Uncaught Error: Call to private Database::__construct() from global scope in C:\xampp\htdocs\FarmCS\handlers\soil_moisture_handler.php:61
Stack trace:
#0 {main}
  thrown in C:\xampp\htdocs\FarmCS\handlers\soil_moisture_handler.php on line 61
[07-Dec-2024 15:32:50 Europe/Berlin] PHP Warning:  The magic method Database::__wakeup() must have public visibility in C:\xampp\htdocs\FarmCS\config\database.php on line 44
[07-Dec-2024 15:32:50 Europe/Berlin] PHP Fatal error:  Uncaught Error: Call to private Database::__construct() from global scope in C:\xampp\htdocs\FarmCS\handlers\soil_moisture_handler.php:61
Stack trace:
#0 {main}
  thrown in C:\xampp\htdocs\FarmCS\handlers\soil_moisture_handler.php on line 61
[07-Dec-2024 15:32:50 Europe/Berlin] PHP Warning:  The magic method Database::__wakeup() must have public visibility in C:\xampp\htdocs\FarmCS\config\database.php on line 44
[07-Dec-2024 15:32:50 Europe/Berlin] PHP Fatal error:  Uncaught Error: Call to private Database::__construct() from global scope in C:\xampp\htdocs\FarmCS\handlers\soil_moisture_handler.php:61
Stack trace:
#0 {main}
  thrown in C:\xampp\htdocs\FarmCS\handlers\soil_moisture_handler.php on line 61
[07-Dec-2024 15:32:52 Europe/Berlin] PHP Warning:  The magic method Database::__wakeup() must have public visibility in C:\xampp\htdocs\FarmCS\config\database.php on line 44
[07-Dec-2024 15:32:52 Europe/Berlin] PHP Fatal error:  Uncaught Error: Call to private Database::__construct() from global scope in C:\xampp\htdocs\FarmCS\handlers\soil_moisture_handler.php:61
Stack trace:
#0 {main}
  thrown in C:\xampp\htdocs\FarmCS\handlers\soil_moisture_handler.php on line 61
[07-Dec-2024 15:32:52 Europe/Berlin] PHP Warning:  The magic method Database::__wakeup() must have public visibility in C:\xampp\htdocs\FarmCS\config\database.php on line 44
[07-Dec-2024 15:32:52 Europe/Berlin] PHP Fatal error:  Uncaught Error: Call to private Database::__construct() from global scope in C:\xampp\htdocs\FarmCS\handlers\soil_moisture_handler.php:61
Stack trace:
#0 {main}
  thrown in C:\xampp\htdocs\FarmCS\handlers\soil_moisture_handler.php on line 61
[07-Dec-2024 15:32:54 Europe/Berlin] PHP Warning:  The magic method Database::__wakeup() must have public visibility in C:\xampp\htdocs\FarmCS\config\database.php on line 44
[07-Dec-2024 15:32:54 Europe/Berlin] PHP Fatal error:  Uncaught Error: Call to private Database::__construct() from global scope in C:\xampp\htdocs\FarmCS\handlers\soil_moisture_handler.php:61
Stack trace:
#0 {main}
  thrown in C:\xampp\htdocs\FarmCS\handlers\soil_moisture_handler.php on line 61
[07-Dec-2024 15:32:54 Europe/Berlin] PHP Warning:  The magic method Database::__wakeup() must have public visibility in C:\xampp\htdocs\FarmCS\config\database.php on line 44
[07-Dec-2024 15:32:54 Europe/Berlin] PHP Fatal error:  Uncaught Error: Call to private Database::__construct() from global scope in C:\xampp\htdocs\FarmCS\handlers\soil_moisture_handler.php:61
Stack trace:
#0 {main}
  thrown in C:\xampp\htdocs\FarmCS\handlers\soil_moisture_handler.php on line 61
[07-Dec-2024 15:32:56 Europe/Berlin] PHP Warning:  The magic method Database::__wakeup() must have public visibility in C:\xampp\htdocs\FarmCS\config\database.php on line 44
[07-Dec-2024 15:32:56 Europe/Berlin] PHP Fatal error:  Uncaught Error: Call to private Database::__construct() from global scope in C:\xampp\htdocs\FarmCS\handlers\soil_moisture_handler.php:61
Stack trace:
#0 {main}
  thrown in C:\xampp\htdocs\FarmCS\handlers\soil_moisture_handler.php on line 61
[07-Dec-2024 15:32:56 Europe/Berlin] PHP Warning:  The magic method Database::__wakeup() must have public visibility in C:\xampp\htdocs\FarmCS\config\database.php on line 44
[07-Dec-2024 15:32:56 Europe/Berlin] PHP Fatal error:  Uncaught Error: Call to private Database::__construct() from global scope in C:\xampp\htdocs\FarmCS\handlers\soil_moisture_handler.php:61
Stack trace:
#0 {main}
  thrown in C:\xampp\htdocs\FarmCS\handlers\soil_moisture_handler.php on line 61
[07-Dec-2024 15:32:58 Europe/Berlin] PHP Warning:  The magic method Database::__wakeup() must have public visibility in C:\xampp\htdocs\FarmCS\config\database.php on line 44
[07-Dec-2024 15:32:58 Europe/Berlin] PHP Fatal error:  Uncaught Error: Call to private Database::__construct() from global scope in C:\xampp\htdocs\FarmCS\handlers\soil_moisture_handler.php:61
Stack trace:
#0 {main}
  thrown in C:\xampp\htdocs\FarmCS\handlers\soil_moisture_handler.php on line 61
[07-Dec-2024 15:32:58 Europe/Berlin] PHP Warning:  The magic method Database::__wakeup() must have public visibility in C:\xampp\htdocs\FarmCS\config\database.php on line 44
[07-Dec-2024 15:32:58 Europe/Berlin] PHP Fatal error:  Uncaught Error: Call to private Database::__construct() from global scope in C:\xampp\htdocs\FarmCS\handlers\soil_moisture_handler.php:61
Stack trace:
#0 {main}
  thrown in C:\xampp\htdocs\FarmCS\handlers\soil_moisture_handler.php on line 61
[07-Dec-2024 15:33:00 Europe/Berlin] PHP Warning:  The magic method Database::__wakeup() must have public visibility in C:\xampp\htdocs\FarmCS\config\database.php on line 44
[07-Dec-2024 15:33:00 Europe/Berlin] PHP Fatal error:  Uncaught Error: Call to private Database::__construct() from global scope in C:\xampp\htdocs\FarmCS\handlers\soil_moisture_handler.php:61
Stack trace:
#0 {main}
  thrown in C:\xampp\htdocs\FarmCS\handlers\soil_moisture_handler.php on line 61
[07-Dec-2024 15:33:00 Europe/Berlin] PHP Warning:  The magic method Database::__wakeup() must have public visibility in C:\xampp\htdocs\FarmCS\config\database.php on line 44
[07-Dec-2024 15:33:00 Europe/Berlin] PHP Fatal error:  Uncaught Error: Call to private Database::__construct() from global scope in C:\xampp\htdocs\FarmCS\handlers\soil_moisture_handler.php:61
Stack trace:
#0 {main}
  thrown in C:\xampp\htdocs\FarmCS\handlers\soil_moisture_handler.php on line 61
[07-Dec-2024 15:33:02 Europe/Berlin] PHP Warning:  The magic method Database::__wakeup() must have public visibility in C:\xampp\htdocs\FarmCS\config\database.php on line 44
[07-Dec-2024 15:33:02 Europe/Berlin] PHP Warning:  The magic method Database::__wakeup() must have public visibility in C:\xampp\htdocs\FarmCS\config\database.php on line 44
[07-Dec-2024 15:33:02 Europe/Berlin] PHP Fatal error:  Uncaught Error: Call to private Database::__construct() from global scope in C:\xampp\htdocs\FarmCS\handlers\soil_moisture_handler.php:61
Stack trace:
#0 {main}
  thrown in C:\xampp\htdocs\FarmCS\handlers\soil_moisture_handler.php on line 61
[07-Dec-2024 15:33:02 Europe/Berlin] PHP Fatal error:  Uncaught Error: Call to private Database::__construct() from global scope in C:\xampp\htdocs\FarmCS\handlers\soil_moisture_handler.php:61
Stack trace:
#0 {main}
  thrown in C:\xampp\htdocs\FarmCS\handlers\soil_moisture_handler.php on line 61
[07-Dec-2024 15:33:02 Europe/Berlin] PHP Warning:  The magic method Database::__wakeup() must have public visibility in C:\xampp\htdocs\FarmCS\config\database.php on line 44
[07-Dec-2024 15:33:02 Europe/Berlin] PHP Fatal error:  Uncaught Error: Call to private Database::__construct() from global scope in C:\xampp\htdocs\FarmCS\handlers\soil_moisture_handler.php:61
Stack trace:
#0 {main}
  thrown in C:\xampp\htdocs\FarmCS\handlers\soil_moisture_handler.php on line 61
[07-Dec-2024 15:33:02 Europe/Berlin] PHP Warning:  The magic method Database::__wakeup() must have public visibility in C:\xampp\htdocs\FarmCS\config\database.php on line 44
[07-Dec-2024 15:33:02 Europe/Berlin] PHP Fatal error:  Uncaught Error: Call to private Database::__construct() from global scope in C:\xampp\htdocs\FarmCS\handlers\soil_moisture_handler.php:61
Stack trace:
#0 {main}
  thrown in C:\xampp\htdocs\FarmCS\handlers\soil_moisture_handler.php on line 61
[07-Dec-2024 15:33:02 Europe/Berlin] PHP Warning:  The magic method Database::__wakeup() must have public visibility in C:\xampp\htdocs\FarmCS\config\database.php on line 44
[07-Dec-2024 15:33:02 Europe/Berlin] PHP Fatal error:  Uncaught Error: Call to private Database::__construct() from global scope in C:\xampp\htdocs\FarmCS\handlers\soil_moisture_handler.php:61
Stack trace:
#0 {main}
  thrown in C:\xampp\htdocs\FarmCS\handlers\soil_moisture_handler.php on line 61
[07-Dec-2024 15:33:03 Europe/Berlin] PHP Warning:  The magic method Database::__wakeup() must have public visibility in C:\xampp\htdocs\FarmCS\config\database.php on line 44
[07-Dec-2024 15:33:03 Europe/Berlin] PHP Fatal error:  Uncaught Error: Call to private Database::__construct() from global scope in C:\xampp\htdocs\FarmCS\handlers\soil_moisture_handler.php:61
Stack trace:
#0 {main}
  thrown in C:\xampp\htdocs\FarmCS\handlers\soil_moisture_handler.php on line 61
[07-Dec-2024 15:33:03 Europe/Berlin] PHP Warning:  The magic method Database::__wakeup() must have public visibility in C:\xampp\htdocs\FarmCS\config\database.php on line 44
[07-Dec-2024 15:33:03 Europe/Berlin] PHP Fatal error:  Uncaught Error: Call to private Database::__construct() from global scope in C:\xampp\htdocs\FarmCS\handlers\soil_moisture_handler.php:61
Stack trace:
#0 {main}
  thrown in C:\xampp\htdocs\FarmCS\handlers\soil_moisture_handler.php on line 61
[07-Dec-2024 15:33:03 Europe/Berlin] PHP Warning:  The magic method Database::__wakeup() must have public visibility in C:\xampp\htdocs\FarmCS\config\database.php on line 44
[07-Dec-2024 15:33:03 Europe/Berlin] PHP Warning:  The magic method Database::__wakeup() must have public visibility in C:\xampp\htdocs\FarmCS\config\database.php on line 44
[07-Dec-2024 15:33:03 Europe/Berlin] PHP Fatal error:  Uncaught Error: Call to private Database::__construct() from global scope in C:\xampp\htdocs\FarmCS\handlers\soil_moisture_handler.php:61
Stack trace:
#0 {main}
  thrown in C:\xampp\htdocs\FarmCS\handlers\soil_moisture_handler.php on line 61
[07-Dec-2024 15:33:03 Europe/Berlin] PHP Fatal error:  Uncaught Error: Call to private Database::__construct() from global scope in C:\xampp\htdocs\FarmCS\handlers\soil_moisture_handler.php:61
Stack trace:
#0 {main}
  thrown in C:\xampp\htdocs\FarmCS\handlers\soil_moisture_handler.php on line 61
[07-Dec-2024 15:33:03 Europe/Berlin] PHP Warning:  The magic method Database::__wakeup() must have public visibility in C:\xampp\htdocs\FarmCS\config\database.php on line 44
[07-Dec-2024 15:33:03 Europe/Berlin] PHP Warning:  The magic method Database::__wakeup() must have public visibility in C:\xampp\htdocs\FarmCS\config\database.php on line 44
[07-Dec-2024 15:33:03 Europe/Berlin] PHP Fatal error:  Uncaught Error: Call to private Database::__construct() from global scope in C:\xampp\htdocs\FarmCS\handlers\soil_moisture_handler.php:61
Stack trace:
#0 {main}
  thrown in C:\xampp\htdocs\FarmCS\handlers\soil_moisture_handler.php on line 61
[07-Dec-2024 15:33:03 Europe/Berlin] PHP Fatal error:  Uncaught Error: Call to private Database::__construct() from global scope in C:\xampp\htdocs\FarmCS\handlers\soil_moisture_handler.php:61
Stack trace:
#0 {main}
  thrown in C:\xampp\htdocs\FarmCS\handlers\soil_moisture_handler.php on line 61
[07-Dec-2024 15:33:03 Europe/Berlin] PHP Warning:  The magic method Database::__wakeup() must have public visibility in C:\xampp\htdocs\FarmCS\config\database.php on line 44
[07-Dec-2024 15:33:03 Europe/Berlin] PHP Fatal error:  Uncaught Error: Call to private Database::__construct() from global scope in C:\xampp\htdocs\FarmCS\handlers\soil_moisture_handler.php:61
Stack trace:
#0 {main}
  thrown in C:\xampp\htdocs\FarmCS\handlers\soil_moisture_handler.php on line 61
[07-Dec-2024 15:33:05 Europe/Berlin] PHP Warning:  The magic method Database::__wakeup() must have public visibility in C:\xampp\htdocs\FarmCS\config\database.php on line 44
[07-Dec-2024 15:33:05 Europe/Berlin] PHP Fatal error:  Uncaught Error: Call to private Database::__construct() from global scope in C:\xampp\htdocs\FarmCS\handlers\soil_moisture_handler.php:61
Stack trace:
#0 {main}
  thrown in C:\xampp\htdocs\FarmCS\handlers\soil_moisture_handler.php on line 61
[07-Dec-2024 15:33:05 Europe/Berlin] PHP Warning:  The magic method Database::__wakeup() must have public visibility in C:\xampp\htdocs\FarmCS\config\database.php on line 44
[07-Dec-2024 15:33:05 Europe/Berlin] PHP Fatal error:  Uncaught Error: Call to private Database::__construct() from global scope in C:\xampp\htdocs\FarmCS\handlers\soil_moisture_handler.php:61
Stack trace:
#0 {main}
  thrown in C:\xampp\htdocs\FarmCS\handlers\soil_moisture_handler.php on line 61
[07-Dec-2024 15:33:07 Europe/Berlin] PHP Warning:  The magic method Database::__wakeup() must have public visibility in C:\xampp\htdocs\FarmCS\config\database.php on line 44
[07-Dec-2024 15:33:07 Europe/Berlin] PHP Fatal error:  Uncaught Error: Call to private Database::__construct() from global scope in C:\xampp\htdocs\FarmCS\handlers\soil_moisture_handler.php:61
Stack trace:
#0 {main}
  thrown in C:\xampp\htdocs\FarmCS\handlers\soil_moisture_handler.php on line 61
[07-Dec-2024 15:33:07 Europe/Berlin] PHP Warning:  The magic method Database::__wakeup() must have public visibility in C:\xampp\htdocs\FarmCS\config\database.php on line 44
[07-Dec-2024 15:33:07 Europe/Berlin] PHP Fatal error:  Uncaught Error: Call to private Database::__construct() from global scope in C:\xampp\htdocs\FarmCS\handlers\soil_moisture_handler.php:61
Stack trace:
#0 {main}
  thrown in C:\xampp\htdocs\FarmCS\handlers\soil_moisture_handler.php on line 61
[07-Dec-2024 15:33:10 Europe/Berlin] PHP Warning:  The magic method Database::__wakeup() must have public visibility in C:\xampp\htdocs\FarmCS\config\database.php on line 44
[07-Dec-2024 15:33:10 Europe/Berlin] PHP Fatal error:  Uncaught Error: Call to private Database::__construct() from global scope in C:\xampp\htdocs\FarmCS\handlers\soil_moisture_handler.php:61
Stack trace:
#0 {main}
  thrown in C:\xampp\htdocs\FarmCS\handlers\soil_moisture_handler.php on line 61
[07-Dec-2024 15:33:10 Europe/Berlin] PHP Warning:  The magic method Database::__wakeup() must have public visibility in C:\xampp\htdocs\FarmCS\config\database.php on line 44
[07-Dec-2024 15:33:10 Europe/Berlin] PHP Fatal error:  Uncaught Error: Call to private Database::__construct() from global scope in C:\xampp\htdocs\FarmCS\handlers\soil_moisture_handler.php:61
Stack trace:
#0 {main}
  thrown in C:\xampp\htdocs\FarmCS\handlers\soil_moisture_handler.php on line 61
[07-Dec-2024 15:33:12 Europe/Berlin] PHP Warning:  The magic method Database::__wakeup() must have public visibility in C:\xampp\htdocs\FarmCS\config\database.php on line 44
[07-Dec-2024 15:33:12 Europe/Berlin] PHP Fatal error:  Uncaught Error: Call to private Database::__construct() from global scope in C:\xampp\htdocs\FarmCS\handlers\soil_moisture_handler.php:61
Stack trace:
#0 {main}
  thrown in C:\xampp\htdocs\FarmCS\handlers\soil_moisture_handler.php on line 61
[07-Dec-2024 15:33:12 Europe/Berlin] PHP Warning:  The magic method Database::__wakeup() must have public visibility in C:\xampp\htdocs\FarmCS\config\database.php on line 44
[07-Dec-2024 15:33:12 Europe/Berlin] PHP Fatal error:  Uncaught Error: Call to private Database::__construct() from global scope in C:\xampp\htdocs\FarmCS\handlers\soil_moisture_handler.php:61
Stack trace:
#0 {main}
  thrown in C:\xampp\htdocs\FarmCS\handlers\soil_moisture_handler.php on line 61
[07-Dec-2024 15:33:14 Europe/Berlin] PHP Warning:  The magic method Database::__wakeup() must have public visibility in C:\xampp\htdocs\FarmCS\config\database.php on line 44
[07-Dec-2024 15:33:14 Europe/Berlin] PHP Fatal error:  Uncaught Error: Call to private Database::__construct() from global scope in C:\xampp\htdocs\FarmCS\handlers\soil_moisture_handler.php:61
Stack trace:
#0 {main}
  thrown in C:\xampp\htdocs\FarmCS\handlers\soil_moisture_handler.php on line 61
[07-Dec-2024 15:33:14 Europe/Berlin] PHP Warning:  The magic method Database::__wakeup() must have public visibility in C:\xampp\htdocs\FarmCS\config\database.php on line 44
[07-Dec-2024 15:33:14 Europe/Berlin] PHP Fatal error:  Uncaught Error: Call to private Database::__construct() from global scope in C:\xampp\htdocs\FarmCS\handlers\soil_moisture_handler.php:61
Stack trace:
#0 {main}
  thrown in C:\xampp\htdocs\FarmCS\handlers\soil_moisture_handler.php on line 61
