
[2024-12-06 04:35:00] Requesting URL: https://api.open-meteo.com/v1/forecast?latitude=18.5204&longitude=73.8567&current=temperature_2m%2Crelative_humidity_2m%2Cweather_code%2Cwind_speed_10m%2Cis_day&timezone=auto&forecast_days=1
[2024-12-06 04:35:00] Database Error in storeWeatherData: SQLSTATE[42S02]: Base table or view not found: 1146 Table 'farmcs.weather_data' doesn't exist
[2024-12-06 04:35:00] Successfully fetched weather data: Array
(
    [temperature] => Array
        (
            [metric] => 23.6
            [imperial] => 74.48
        )

    [weatherCode] => 3
    [weatherText] => Overcast
    [windSpeed] => Array
        (
            [metric] => 5.6
            [imperial] => 3.4796776
        )

    [humidity] => 81
    [precipitation] => Array
        (
            [probability] => 0
        )

    [isDayTime] => 1
    [timestamp] => 2024-12-06 04:35:00
)

[2024-12-06 04:40:59] Weather table created or already exists
[2024-12-06 04:40:59] Requesting URL: https://api.open-meteo.com/v1/forecast?latitude=23.2587264&longitude=77.4504448&current=temperature_2m%2Crelative_humidity_2m%2Cweather_code%2Cwind_speed_10m%2Cis_day&timezone=auto&forecast_days=1
[2024-12-06 04:41:00] Successfully fetched weather data: Array
(
    [temperature] => Array
        (
            [metric] => 18.8
            [imperial] => 65.84
        )

    [weatherCode] => 2
    [weatherText] => Partly cloudy
    [windSpeed] => Array
        (
            [metric] => 6.2
            [imperial] => 3.8525002
        )

    [humidity] => 71
    [precipitation] => Array
        (
            [probability] => 0
        )

    [isDayTime] => 1
    [timestamp] => 2024-12-06 04:41:00
)

[2024-12-06 04:41:09] Weather table created or already exists
[2024-12-06 04:41:09] Requesting URL: https://api.open-meteo.com/v1/forecast?latitude=23.2587264&longitude=77.4504448&current=temperature_2m%2Crelative_humidity_2m%2Cweather_code%2Cwind_speed_10m%2Cis_day&timezone=auto&forecast_days=1
[2024-12-06 04:41:09] Successfully fetched weather data: Array
(
    [temperature] => Array
        (
            [metric] => 18.8
            [imperial] => 65.84
        )

    [weatherCode] => 2
    [weatherText] => Partly cloudy
    [windSpeed] => Array
        (
            [metric] => 6.2
            [imperial] => 3.8525002
        )

    [humidity] => 71
    [precipitation] => Array
        (
            [probability] => 0
        )

    [isDayTime] => 1
    [timestamp] => 2024-12-06 04:41:09
)

[2024-12-06 04:41:09] Weather table created or already exists
[2024-12-06 04:41:09] Requesting URL: https://api.open-meteo.com/v1/forecast?latitude=23.2587264&longitude=77.4504448&current=temperature_2m%2Crelative_humidity_2m%2Cweather_code%2Cwind_speed_10m%2Cis_day&timezone=auto&forecast_days=1
[2024-12-06 04:41:10] Successfully fetched weather data: Array
(
    [temperature] => Array
        (
            [metric] => 18.8
            [imperial] => 65.84
        )

    [weatherCode] => 2
    [weatherText] => Partly cloudy
    [windSpeed] => Array
        (
            [metric] => 6.2
            [imperial] => 3.8525002
        )

    [humidity] => 71
    [precipitation] => Array
        (
            [probability] => 0
        )

    [isDayTime] => 1
    [timestamp] => 2024-12-06 04:41:10
)

[2024-12-06 04:41:10] Weather table created or already exists
[2024-12-06 04:41:10] Requesting URL: https://api.open-meteo.com/v1/forecast?latitude=23.2587264&longitude=77.4504448&current=temperature_2m%2Crelative_humidity_2m%2Cweather_code%2Cwind_speed_10m%2Cis_day&timezone=auto&forecast_days=1
[2024-12-06 04:41:11] Successfully fetched weather data: Array
(
    [temperature] => Array
        (
            [metric] => 18.8
            [imperial] => 65.84
        )

    [weatherCode] => 2
    [weatherText] => Partly cloudy
    [windSpeed] => Array
        (
            [metric] => 6.2
            [imperial] => 3.8525002
        )

    [humidity] => 71
    [precipitation] => Array
        (
            [probability] => 0
        )

    [isDayTime] => 1
    [timestamp] => 2024-12-06 04:41:11
)

[2024-12-06 04:41:11] Weather table created or already exists
[2024-12-06 04:41:11] Requesting URL: https://api.open-meteo.com/v1/forecast?latitude=23.2587264&longitude=77.4504448&current=temperature_2m%2Crelative_humidity_2m%2Cweather_code%2Cwind_speed_10m%2Cis_day&timezone=auto&forecast_days=1
[2024-12-06 04:41:11] Successfully fetched weather data: Array
(
    [temperature] => Array
        (
            [metric] => 18.8
            [imperial] => 65.84
        )

    [weatherCode] => 2
    [weatherText] => Partly cloudy
    [windSpeed] => Array
        (
            [metric] => 6.2
            [imperial] => 3.8525002
        )

    [humidity] => 71
    [precipitation] => Array
        (
            [probability] => 0
        )

    [isDayTime] => 1
    [timestamp] => 2024-12-06 04:41:11
)

[2024-12-06 04:41:11] Weather table created or already exists
[2024-12-06 04:41:11] Requesting URL: https://api.open-meteo.com/v1/forecast?latitude=23.2587264&longitude=77.4504448&current=temperature_2m%2Crelative_humidity_2m%2Cweather_code%2Cwind_speed_10m%2Cis_day&timezone=auto&forecast_days=1
[2024-12-06 04:41:12] Weather table created or already exists
[2024-12-06 04:41:12] Requesting URL: https://api.open-meteo.com/v1/forecast?latitude=23.2587264&longitude=77.4504448&current=temperature_2m%2Crelative_humidity_2m%2Cweather_code%2Cwind_speed_10m%2Cis_day&timezone=auto&forecast_days=1
[2024-12-06 04:41:12] Successfully fetched weather data: Array
(
    [temperature] => Array
        (
            [metric] => 18.8
            [imperial] => 65.84
        )

    [weatherCode] => 2
    [weatherText] => Partly cloudy
    [windSpeed] => Array
        (
            [metric] => 6.2
            [imperial] => 3.8525002
        )

    [humidity] => 71
    [precipitation] => Array
        (
            [probability] => 0
        )

    [isDayTime] => 1
    [timestamp] => 2024-12-06 04:41:12
)

[2024-12-06 04:41:12] Successfully fetched weather data: Array
(
    [temperature] => Array
        (
            [metric] => 18.8
            [imperial] => 65.84
        )

    [weatherCode] => 2
    [weatherText] => Partly cloudy
    [windSpeed] => Array
        (
            [metric] => 6.2
            [imperial] => 3.8525002
        )

    [humidity] => 71
    [precipitation] => Array
        (
            [probability] => 0
        )

    [isDayTime] => 1
    [timestamp] => 2024-12-06 04:41:12
)

[2024-12-06 06:07:33] Weather table created or already exists
[2024-12-06 06:07:33] Requesting URL: https://api.open-meteo.com/v1/forecast?latitude=23.2587264&longitude=77.4504448&current=temperature_2m%2Crelative_humidity_2m%2Cweather_code%2Cwind_speed_10m%2Cis_day&timezone=auto&forecast_days=1
[2024-12-06 06:07:34] Curl error: Could not resolve host: api.open-meteo.com
[2024-12-06 06:07:34] Error in getCurrentWeather: Curl error: Could not resolve host: api.open-meteo.com
[2024-12-06 06:07:34] Returning cached data
[2024-12-06 06:11:11] Weather table created or already exists
[2024-12-06 06:11:11] Requesting URL: https://api.open-meteo.com/v1/forecast?latitude=23.2587264&longitude=77.4504448&current=temperature_2m%2Crelative_humidity_2m%2Cweather_code%2Cwind_speed_10m%2Cis_day&timezone=auto&forecast_days=1
[2024-12-06 06:11:13] Successfully fetched weather data: Array
(
    [temperature] => Array
        (
            [metric] => 22.3
            [imperial] => 72.14
        )

    [weatherCode] => 0
    [weatherText] => Clear sky
    [windSpeed] => Array
        (
            [metric] => 9.4
            [imperial] => 5.8408874
        )

    [humidity] => 56
    [precipitation] => Array
        (
            [probability] => 0
        )

    [isDayTime] => 1
    [timestamp] => 2024-12-06 06:11:13
)

[2024-12-06 06:26:11] Weather table created or already exists
[2024-12-06 06:26:11] Requesting URL: https://api.open-meteo.com/v1/forecast?latitude=23.2587264&longitude=77.4504448&current=temperature_2m%2Crelative_humidity_2m%2Cweather_code%2Cwind_speed_10m%2Cis_day&timezone=auto&forecast_days=1
[2024-12-06 06:26:12] Curl error: Could not resolve host: api.open-meteo.com
[2024-12-06 06:26:12] Error in getCurrentWeather: Curl error: Could not resolve host: api.open-meteo.com
[2024-12-06 06:26:12] Returning cached data
[2024-12-06 06:41:11] Weather table created or already exists
[2024-12-06 06:41:11] Requesting URL: https://api.open-meteo.com/v1/forecast?latitude=23.2587264&longitude=77.4504448&current=temperature_2m%2Crelative_humidity_2m%2Cweather_code%2Cwind_speed_10m%2Cis_day&timezone=auto&forecast_days=1
[2024-12-06 06:41:12] Successfully fetched weather data: Array
(
    [temperature] => Array
        (
            [metric] => 23.4
            [imperial] => 74.12
        )

    [weatherCode] => 0
    [weatherText] => Clear sky
    [windSpeed] => Array
        (
            [metric] => 9.7
            [imperial] => 6.0272987
        )

    [humidity] => 52
    [precipitation] => Array
        (
            [probability] => 0
        )

    [isDayTime] => 1
    [timestamp] => 2024-12-06 06:41:12
)

[2024-12-06 06:57:07] Weather table created or already exists
[2024-12-06 06:57:08] Requesting URL: https://api.open-meteo.com/v1/forecast?latitude=23.2587264&longitude=77.4504448&current=temperature_2m%2Crelative_humidity_2m%2Cweather_code%2Cwind_speed_10m%2Cis_day&timezone=auto&forecast_days=1
[2024-12-06 06:57:09] Successfully fetched weather data: Array
(
    [temperature] => Array
        (
            [metric] => 23.9
            [imperial] => 75.02
        )

    [weatherCode] => 0
    [weatherText] => Clear sky
    [windSpeed] => Array
        (
            [metric] => 9.9
            [imperial] => 6.1515729
        )

    [humidity] => 49
    [precipitation] => Array
        (
            [probability] => 0
        )

    [isDayTime] => 1
    [timestamp] => 2024-12-06 06:57:09
)

[2024-12-06 07:12:12] Weather table created or already exists
[2024-12-06 07:12:12] Requesting URL: https://api.open-meteo.com/v1/forecast?latitude=23.2587264&longitude=77.4504448&current=temperature_2m%2Crelative_humidity_2m%2Cweather_code%2Cwind_speed_10m%2Cis_day&timezone=auto&forecast_days=1
[2024-12-06 07:12:12] Curl error: Could not resolve host: api.open-meteo.com
[2024-12-06 07:12:12] Error in getCurrentWeather: Curl error: Could not resolve host: api.open-meteo.com
[2024-12-06 07:12:12] Returning cached data
[2024-12-06 07:27:07] Weather table created or already exists
[2024-12-06 07:27:07] Requesting URL: https://api.open-meteo.com/v1/forecast?latitude=23.2587264&longitude=77.4504448&current=temperature_2m%2Crelative_humidity_2m%2Cweather_code%2Cwind_speed_10m%2Cis_day&timezone=auto&forecast_days=1
[2024-12-06 07:27:08] Successfully fetched weather data: Array
(
    [temperature] => Array
        (
            [metric] => 24.5
            [imperial] => 76.1
        )

    [weatherCode] => 0
    [weatherText] => Clear sky
    [windSpeed] => Array
        (
            [metric] => 9.7
            [imperial] => 6.0272987
        )

    [humidity] => 47
    [precipitation] => Array
        (
            [probability] => 0
        )

    [isDayTime] => 1
    [timestamp] => 2024-12-06 07:27:08
)

[2024-12-06 07:42:07] Weather table created or already exists
[2024-12-06 07:42:07] Requesting URL: https://api.open-meteo.com/v1/forecast?latitude=23.2587264&longitude=77.4504448&current=temperature_2m%2Crelative_humidity_2m%2Cweather_code%2Cwind_speed_10m%2Cis_day&timezone=auto&forecast_days=1
[2024-12-06 07:42:09] Successfully fetched weather data: Array
(
    [temperature] => Array
        (
            [metric] => 24.9
            [imperial] => 76.82
        )

    [weatherCode] => 0
    [weatherText] => Clear sky
    [windSpeed] => Array
        (
            [metric] => 9.2
            [imperial] => 5.7166132
        )

    [humidity] => 46
    [precipitation] => Array
        (
            [probability] => 0
        )

    [isDayTime] => 1
    [timestamp] => 2024-12-06 07:42:09
)

[2024-12-06 07:57:07] Weather table created or already exists
[2024-12-06 07:57:07] Requesting URL: https://api.open-meteo.com/v1/forecast?latitude=23.2587264&longitude=77.4504448&current=temperature_2m%2Crelative_humidity_2m%2Cweather_code%2Cwind_speed_10m%2Cis_day&timezone=auto&forecast_days=1
[2024-12-06 07:57:08] Successfully fetched weather data: Array
(
    [temperature] => Array
        (
            [metric] => 25.1
            [imperial] => 77.18
        )

    [weatherCode] => 0
    [weatherText] => Clear sky
    [windSpeed] => Array
        (
            [metric] => 8.7
            [imperial] => 5.4059277
        )

    [humidity] => 45
    [precipitation] => Array
        (
            [probability] => 0
        )

    [isDayTime] => 1
    [timestamp] => 2024-12-06 07:57:08
)

[2024-12-06 08:00:54] Weather table created or already exists
[2024-12-06 08:00:54] Requesting URL: https://api.open-meteo.com/v1/forecast?latitude=23.2509783&longitude=77.5275351&current=temperature_2m%2Crelative_humidity_2m%2Cweather_code%2Cwind_speed_10m%2Cis_day&timezone=auto&forecast_days=1
[2024-12-06 08:00:54] Successfully fetched weather data: Array
(
    [temperature] => Array
        (
            [metric] => 25.6
            [imperial] => 78.08
        )

    [weatherCode] => 0
    [weatherText] => Clear sky
    [windSpeed] => Array
        (
            [metric] => 8.4
            [imperial] => 5.2195164
        )

    [humidity] => 44
    [precipitation] => Array
        (
            [probability] => 0
        )

    [isDayTime] => 1
    [timestamp] => 2024-12-06 08:00:54
)

[2024-12-06 08:41:48] Weather table created or already exists
[2024-12-06 08:41:48] Requesting URL: https://api.open-meteo.com/v1/forecast?latitude=23.250256&longitude=77.5255563&current=temperature_2m%2Crelative_humidity_2m%2Cweather_code%2Cwind_speed_10m%2Cis_day&timezone=auto&forecast_days=1
[2024-12-06 08:41:49] Successfully fetched weather data: Array
(
    [temperature] => Array
        (
            [metric] => 26
            [imperial] => 78.8
        )

    [weatherCode] => 0
    [weatherText] => Clear sky
    [windSpeed] => Array
        (
            [metric] => 7.1
            [imperial] => 4.4117341
        )

    [humidity] => 43
    [precipitation] => Array
        (
            [probability] => 0
        )

    [isDayTime] => 1
    [timestamp] => 2024-12-06 08:41:49
)

[2024-12-06 08:48:16] Weather table created or already exists
[2024-12-06 08:48:16] Requesting URL: https://api.open-meteo.com/v1/forecast?latitude=23.250249&longitude=77.5255543&current=temperature_2m%2Crelative_humidity_2m%2Cweather_code%2Cwind_speed_10m%2Cis_day&timezone=auto&forecast_days=1
[2024-12-06 08:48:17] Successfully fetched weather data: Array
(
    [temperature] => Array
        (
            [metric] => 26.1
            [imperial] => 78.98
        )

    [weatherCode] => 0
    [weatherText] => Clear sky
    [windSpeed] => Array
        (
            [metric] => 6.6
            [imperial] => 4.1010486
        )

    [humidity] => 43
    [precipitation] => Array
        (
            [probability] => 0
        )

    [isDayTime] => 1
    [timestamp] => 2024-12-06 08:48:17
)

[2024-12-06 08:48:20] Weather table created or already exists
[2024-12-06 08:48:20] Requesting URL: https://api.open-meteo.com/v1/forecast?latitude=23.250249&longitude=77.5255543&current=temperature_2m%2Crelative_humidity_2m%2Cweather_code%2Cwind_speed_10m%2Cis_day&timezone=auto&forecast_days=1
[2024-12-06 08:48:21] Successfully fetched weather data: Array
(
    [temperature] => Array
        (
            [metric] => 26.1
            [imperial] => 78.98
        )

    [weatherCode] => 0
    [weatherText] => Clear sky
    [windSpeed] => Array
        (
            [metric] => 6.6
            [imperial] => 4.1010486
        )

    [humidity] => 43
    [precipitation] => Array
        (
            [probability] => 0
        )

    [isDayTime] => 1
    [timestamp] => 2024-12-06 08:48:21
)

[2024-12-06 08:52:51] Weather table created or already exists
[2024-12-06 08:52:51] Requesting URL: https://api.open-meteo.com/v1/forecast?latitude=23.2671931&longitude=77.5110502&current=temperature_2m%2Crelative_humidity_2m%2Cweather_code%2Cwind_speed_10m%2Cis_day&timezone=auto&forecast_days=1
[2024-12-06 08:52:51] Successfully fetched weather data: Array
(
    [temperature] => Array
        (
            [metric] => 26.1
            [imperial] => 78.98
        )

    [weatherCode] => 0
    [weatherText] => Clear sky
    [windSpeed] => Array
        (
            [metric] => 6.6
            [imperial] => 4.1010486
        )

    [humidity] => 43
    [precipitation] => Array
        (
            [probability] => 0
        )

    [isDayTime] => 1
    [timestamp] => 2024-12-06 08:52:51
)

[2024-12-06 08:55:40] Weather table created or already exists
[2024-12-06 08:55:40] Requesting URL: https://api.open-meteo.com/v1/forecast?latitude=23.2502487&longitude=77.5255548&current=temperature_2m%2Crelative_humidity_2m%2Cweather_code%2Cwind_speed_10m%2Cis_day&timezone=auto&forecast_days=1
[2024-12-06 08:55:41] Successfully fetched weather data: Array
(
    [temperature] => Array
        (
            [metric] => 26.1
            [imperial] => 78.98
        )

    [weatherCode] => 0
    [weatherText] => Clear sky
    [windSpeed] => Array
        (
            [metric] => 6.6
            [imperial] => 4.1010486
        )

    [humidity] => 43
    [precipitation] => Array
        (
            [probability] => 0
        )

    [isDayTime] => 1
    [timestamp] => 2024-12-06 08:55:41
)

[2024-12-06 08:59:31] Weather table created or already exists
[2024-12-06 08:59:31] Requesting URL: https://api.open-meteo.com/v1/forecast?latitude=23.2502487&longitude=77.5255551&current=temperature_2m%2Crelative_humidity_2m%2Cweather_code%2Cwind_speed_10m%2Cis_day&timezone=auto&forecast_days=1
[2024-12-06 08:59:32] Successfully fetched weather data: Array
(
    [temperature] => Array
        (
            [metric] => 26.1
            [imperial] => 78.98
        )

    [weatherCode] => 0
    [weatherText] => Clear sky
    [windSpeed] => Array
        (
            [metric] => 6.6
            [imperial] => 4.1010486
        )

    [humidity] => 43
    [precipitation] => Array
        (
            [probability] => 0
        )

    [isDayTime] => 1
    [timestamp] => 2024-12-06 08:59:32
)

[2024-12-06 09:01:20] Weather table created or already exists
[2024-12-06 09:01:20] Requesting URL: https://api.open-meteo.com/v1/forecast?latitude=23.2671931&longitude=77.5110502&current=temperature_2m%2Crelative_humidity_2m%2Cweather_code%2Cwind_speed_10m%2Cis_day&timezone=auto&forecast_days=1
[2024-12-06 09:01:21] Successfully fetched weather data: Array
(
    [temperature] => Array
        (
            [metric] => 26.2
            [imperial] => 79.16
        )

    [weatherCode] => 0
    [weatherText] => Clear sky
    [windSpeed] => Array
        (
            [metric] => 6.1
            [imperial] => 3.7903631
        )

    [humidity] => 43
    [precipitation] => Array
        (
            [probability] => 0
        )

    [isDayTime] => 1
    [timestamp] => 2024-12-06 09:01:21
)

[2024-12-06 09:16:20] Weather table created or already exists
[2024-12-06 09:16:20] Requesting URL: https://api.open-meteo.com/v1/forecast?latitude=23.2671931&longitude=77.5110502&current=temperature_2m%2Crelative_humidity_2m%2Cweather_code%2Cwind_speed_10m%2Cis_day&timezone=auto&forecast_days=1
[2024-12-06 09:16:21] Successfully fetched weather data: Array
(
    [temperature] => Array
        (
            [metric] => 26.4
            [imperial] => 79.52
        )

    [weatherCode] => 0
    [weatherText] => Clear sky
    [windSpeed] => Array
        (
            [metric] => 5.4
            [imperial] => 3.3554034
        )

    [humidity] => 43
    [precipitation] => Array
        (
            [probability] => 0
        )

    [isDayTime] => 1
    [timestamp] => 2024-12-06 09:16:21
)

[2024-12-06 09:25:05] Weather table created or already exists
[2024-12-06 09:25:05] Requesting URL: https://api.open-meteo.com/v1/forecast?latitude=23.2671931&longitude=77.5110502&current=temperature_2m%2Crelative_humidity_2m%2Cweather_code%2Cwind_speed_10m%2Cis_day&timezone=auto&forecast_days=1
[2024-12-06 09:25:06] Successfully fetched weather data: Array
(
    [temperature] => Array
        (
            [metric] => 26.4
            [imperial] => 79.52
        )

    [weatherCode] => 0
    [weatherText] => Clear sky
    [windSpeed] => Array
        (
            [metric] => 5.4
            [imperial] => 3.3554034
        )

    [humidity] => 43
    [precipitation] => Array
        (
            [probability] => 0
        )

    [isDayTime] => 1
    [timestamp] => 2024-12-06 09:25:06
)

[2024-12-06 09:25:13] Weather table created or already exists
[2024-12-06 09:25:13] Requesting URL: https://api.open-meteo.com/v1/forecast?latitude=23.2671931&longitude=77.5110502&current=temperature_2m%2Crelative_humidity_2m%2Cweather_code%2Cwind_speed_10m%2Cis_day&timezone=auto&forecast_days=1
[2024-12-06 09:25:14] Successfully fetched weather data: Array
(
    [temperature] => Array
        (
            [metric] => 26.4
            [imperial] => 79.52
        )

    [weatherCode] => 0
    [weatherText] => Clear sky
    [windSpeed] => Array
        (
            [metric] => 5.4
            [imperial] => 3.3554034
        )

    [humidity] => 43
    [precipitation] => Array
        (
            [probability] => 0
        )

    [isDayTime] => 1
    [timestamp] => 2024-12-06 09:25:14
)

[2024-12-06 10:09:03] Weather table created or already exists
[2024-12-06 10:09:03] Requesting URL: https://api.open-meteo.com/v1/forecast?latitude=23.2502484&longitude=77.5255472&current=temperature_2m%2Crelative_humidity_2m%2Cweather_code%2Cwind_speed_10m%2Cis_day&timezone=auto&forecast_days=1
[2024-12-06 10:09:06] Successfully fetched weather data: Array
(
    [temperature] => Array
        (
            [metric] => 26.5
            [imperial] => 79.7
        )

    [weatherCode] => 0
    [weatherText] => Clear sky
    [windSpeed] => Array
        (
            [metric] => 3.9
            [imperial] => 2.4233469
        )

    [humidity] => 42
    [precipitation] => Array
        (
            [probability] => 0
        )

    [isDayTime] => 1
    [timestamp] => 2024-12-06 10:09:06
)

[2024-12-06 10:09:08] Weather table created or already exists
[2024-12-06 10:09:08] Requesting URL: https://api.open-meteo.com/v1/forecast?latitude=23.2502484&longitude=77.5255472&current=temperature_2m%2Crelative_humidity_2m%2Cweather_code%2Cwind_speed_10m%2Cis_day&timezone=auto&forecast_days=1
[2024-12-06 10:09:09] Successfully fetched weather data: Array
(
    [temperature] => Array
        (
            [metric] => 26.5
            [imperial] => 79.7
        )

    [weatherCode] => 0
    [weatherText] => Clear sky
    [windSpeed] => Array
        (
            [metric] => 3.9
            [imperial] => 2.4233469
        )

    [humidity] => 42
    [precipitation] => Array
        (
            [probability] => 0
        )

    [isDayTime] => 1
    [timestamp] => 2024-12-06 10:09:09
)

[2024-12-06 10:09:09] Weather table created or already exists
[2024-12-06 10:09:09] Requesting URL: https://api.open-meteo.com/v1/forecast?latitude=23.2502484&longitude=77.5255472&current=temperature_2m%2Crelative_humidity_2m%2Cweather_code%2Cwind_speed_10m%2Cis_day&timezone=auto&forecast_days=1
[2024-12-06 10:09:09] Successfully fetched weather data: Array
(
    [temperature] => Array
        (
            [metric] => 26.5
            [imperial] => 79.7
        )

    [weatherCode] => 0
    [weatherText] => Clear sky
    [windSpeed] => Array
        (
            [metric] => 3.9
            [imperial] => 2.4233469
        )

    [humidity] => 42
    [precipitation] => Array
        (
            [probability] => 0
        )

    [isDayTime] => 1
    [timestamp] => 2024-12-06 10:09:09
)

[2024-12-06 10:09:10] Weather table created or already exists
[2024-12-06 10:09:10] Requesting URL: https://api.open-meteo.com/v1/forecast?latitude=23.2502484&longitude=77.5255472&current=temperature_2m%2Crelative_humidity_2m%2Cweather_code%2Cwind_speed_10m%2Cis_day&timezone=auto&forecast_days=1
[2024-12-06 10:09:11] Successfully fetched weather data: Array
(
    [temperature] => Array
        (
            [metric] => 26.5
            [imperial] => 79.7
        )

    [weatherCode] => 0
    [weatherText] => Clear sky
    [windSpeed] => Array
        (
            [metric] => 3.9
            [imperial] => 2.4233469
        )

    [humidity] => 42
    [precipitation] => Array
        (
            [probability] => 0
        )

    [isDayTime] => 1
    [timestamp] => 2024-12-06 10:09:11
)

[2024-12-06 10:09:11] Weather table created or already exists
[2024-12-06 10:09:11] Requesting URL: https://api.open-meteo.com/v1/forecast?latitude=23.2502484&longitude=77.5255472&current=temperature_2m%2Crelative_humidity_2m%2Cweather_code%2Cwind_speed_10m%2Cis_day&timezone=auto&forecast_days=1
[2024-12-06 10:09:13] Successfully fetched weather data: Array
(
    [temperature] => Array
        (
            [metric] => 26.5
            [imperial] => 79.7
        )

    [weatherCode] => 0
    [weatherText] => Clear sky
    [windSpeed] => Array
        (
            [metric] => 3.9
            [imperial] => 2.4233469
        )

    [humidity] => 42
    [precipitation] => Array
        (
            [probability] => 0
        )

    [isDayTime] => 1
    [timestamp] => 2024-12-06 10:09:13
)

[2024-12-06 10:09:13] Weather table created or already exists
[2024-12-06 10:09:13] Requesting URL: https://api.open-meteo.com/v1/forecast?latitude=23.2502484&longitude=77.5255472&current=temperature_2m%2Crelative_humidity_2m%2Cweather_code%2Cwind_speed_10m%2Cis_day&timezone=auto&forecast_days=1
[2024-12-06 10:09:15] Successfully fetched weather data: Array
(
    [temperature] => Array
        (
            [metric] => 26.5
            [imperial] => 79.7
        )

    [weatherCode] => 0
    [weatherText] => Clear sky
    [windSpeed] => Array
        (
            [metric] => 3.9
            [imperial] => 2.4233469
        )

    [humidity] => 42
    [precipitation] => Array
        (
            [probability] => 0
        )

    [isDayTime] => 1
    [timestamp] => 2024-12-06 10:09:15
)

[2024-12-06 10:09:15] Weather table created or already exists
[2024-12-06 10:09:15] Requesting URL: https://api.open-meteo.com/v1/forecast?latitude=23.2502484&longitude=77.5255472&current=temperature_2m%2Crelative_humidity_2m%2Cweather_code%2Cwind_speed_10m%2Cis_day&timezone=auto&forecast_days=1
[2024-12-06 10:09:16] Successfully fetched weather data: Array
(
    [temperature] => Array
        (
            [metric] => 26.5
            [imperial] => 79.7
        )

    [weatherCode] => 0
    [weatherText] => Clear sky
    [windSpeed] => Array
        (
            [metric] => 3.9
            [imperial] => 2.4233469
        )

    [humidity] => 42
    [precipitation] => Array
        (
            [probability] => 0
        )

    [isDayTime] => 1
    [timestamp] => 2024-12-06 10:09:16
)

[2024-12-06 10:15:25] Weather table created or already exists
[2024-12-06 10:15:25] Requesting URL: https://api.open-meteo.com/v1/forecast?latitude=22.8032512&longitude=75.8611968&current=temperature_2m%2Crelative_humidity_2m%2Cweather_code%2Cwind_speed_10m%2Cis_day&timezone=auto&forecast_days=1
[2024-12-06 10:15:27] Successfully fetched weather data: Array
(
    [temperature] => Array
        (
            [metric] => 27.4
            [imperial] => 81.32
        )

    [weatherCode] => 2
    [weatherText] => Partly cloudy
    [windSpeed] => Array
        (
            [metric] => 4.9
            [imperial] => 3.0447179
        )

    [humidity] => 41
    [precipitation] => Array
        (
            [probability] => 0
        )

    [isDayTime] => 1
    [timestamp] => 2024-12-06 10:15:27
)

[2024-12-06 10:15:27] Weather table created or already exists
[2024-12-06 10:15:27] Requesting URL: https://api.open-meteo.com/v1/forecast?latitude=22.8032512&longitude=75.8611968&current=temperature_2m%2Crelative_humidity_2m%2Cweather_code%2Cwind_speed_10m%2Cis_day&timezone=auto&forecast_days=1
[2024-12-06 10:15:28] Successfully fetched weather data: Array
(
    [temperature] => Array
        (
            [metric] => 27.4
            [imperial] => 81.32
        )

    [weatherCode] => 2
    [weatherText] => Partly cloudy
    [windSpeed] => Array
        (
            [metric] => 4.9
            [imperial] => 3.0447179
        )

    [humidity] => 41
    [precipitation] => Array
        (
            [probability] => 0
        )

    [isDayTime] => 1
    [timestamp] => 2024-12-06 10:15:28
)

[2024-12-06 10:15:28] Weather table created or already exists
[2024-12-06 10:15:28] Requesting URL: https://api.open-meteo.com/v1/forecast?latitude=22.8032512&longitude=75.8611968&current=temperature_2m%2Crelative_humidity_2m%2Cweather_code%2Cwind_speed_10m%2Cis_day&timezone=auto&forecast_days=1
[2024-12-06 10:15:29] Successfully fetched weather data: Array
(
    [temperature] => Array
        (
            [metric] => 27.4
            [imperial] => 81.32
        )

    [weatherCode] => 2
    [weatherText] => Partly cloudy
    [windSpeed] => Array
        (
            [metric] => 4.9
            [imperial] => 3.0447179
        )

    [humidity] => 41
    [precipitation] => Array
        (
            [probability] => 0
        )

    [isDayTime] => 1
    [timestamp] => 2024-12-06 10:15:29
)

[2024-12-06 10:15:29] Weather table created or already exists
[2024-12-06 10:15:29] Requesting URL: https://api.open-meteo.com/v1/forecast?latitude=22.8032512&longitude=75.8611968&current=temperature_2m%2Crelative_humidity_2m%2Cweather_code%2Cwind_speed_10m%2Cis_day&timezone=auto&forecast_days=1
[2024-12-06 10:15:30] Successfully fetched weather data: Array
(
    [temperature] => Array
        (
            [metric] => 27.4
            [imperial] => 81.32
        )

    [weatherCode] => 2
    [weatherText] => Partly cloudy
    [windSpeed] => Array
        (
            [metric] => 4.9
            [imperial] => 3.0447179
        )

    [humidity] => 41
    [precipitation] => Array
        (
            [probability] => 0
        )

    [isDayTime] => 1
    [timestamp] => 2024-12-06 10:15:30
)

[2024-12-06 10:15:30] Weather table created or already exists
[2024-12-06 10:15:30] Requesting URL: https://api.open-meteo.com/v1/forecast?latitude=22.8032512&longitude=75.8611968&current=temperature_2m%2Crelative_humidity_2m%2Cweather_code%2Cwind_speed_10m%2Cis_day&timezone=auto&forecast_days=1
[2024-12-06 10:15:30] Successfully fetched weather data: Array
(
    [temperature] => Array
        (
            [metric] => 27.4
            [imperial] => 81.32
        )

    [weatherCode] => 2
    [weatherText] => Partly cloudy
    [windSpeed] => Array
        (
            [metric] => 4.9
            [imperial] => 3.0447179
        )

    [humidity] => 41
    [precipitation] => Array
        (
            [probability] => 0
        )

    [isDayTime] => 1
    [timestamp] => 2024-12-06 10:15:30
)

[2024-12-06 10:15:30] Weather table created or already exists
[2024-12-06 10:15:30] Requesting URL: https://api.open-meteo.com/v1/forecast?latitude=22.8032512&longitude=75.8611968&current=temperature_2m%2Crelative_humidity_2m%2Cweather_code%2Cwind_speed_10m%2Cis_day&timezone=auto&forecast_days=1
[2024-12-06 10:15:33] Successfully fetched weather data: Array
(
    [temperature] => Array
        (
            [metric] => 27.4
            [imperial] => 81.32
        )

    [weatherCode] => 2
    [weatherText] => Partly cloudy
    [windSpeed] => Array
        (
            [metric] => 4.9
            [imperial] => 3.0447179
        )

    [humidity] => 41
    [precipitation] => Array
        (
            [probability] => 0
        )

    [isDayTime] => 1
    [timestamp] => 2024-12-06 10:15:33
)

[2024-12-06 10:15:33] Weather table created or already exists
[2024-12-06 10:15:33] Requesting URL: https://api.open-meteo.com/v1/forecast?latitude=22.8032512&longitude=75.8611968&current=temperature_2m%2Crelative_humidity_2m%2Cweather_code%2Cwind_speed_10m%2Cis_day&timezone=auto&forecast_days=1
[2024-12-06 10:15:34] Successfully fetched weather data: Array
(
    [temperature] => Array
        (
            [metric] => 27.4
            [imperial] => 81.32
        )

    [weatherCode] => 2
    [weatherText] => Partly cloudy
    [windSpeed] => Array
        (
            [metric] => 4.9
            [imperial] => 3.0447179
        )

    [humidity] => 41
    [precipitation] => Array
        (
            [probability] => 0
        )

    [isDayTime] => 1
    [timestamp] => 2024-12-06 10:15:34
)

[2024-12-06 10:15:37] Weather table created or already exists
[2024-12-06 10:15:37] Requesting URL: https://api.open-meteo.com/v1/forecast?latitude=22.8032512&longitude=75.8611968&current=temperature_2m%2Crelative_humidity_2m%2Cweather_code%2Cwind_speed_10m%2Cis_day&timezone=auto&forecast_days=1
[2024-12-06 10:15:39] Successfully fetched weather data: Array
(
    [temperature] => Array
        (
            [metric] => 27.4
            [imperial] => 81.32
        )

    [weatherCode] => 2
    [weatherText] => Partly cloudy
    [windSpeed] => Array
        (
            [metric] => 4.9
            [imperial] => 3.0447179
        )

    [humidity] => 41
    [precipitation] => Array
        (
            [probability] => 0
        )

    [isDayTime] => 1
    [timestamp] => 2024-12-06 10:15:39
)

[2024-12-06 10:15:39] Weather table created or already exists
[2024-12-06 10:15:39] Requesting URL: https://api.open-meteo.com/v1/forecast?latitude=22.8032512&longitude=75.8611968&current=temperature_2m%2Crelative_humidity_2m%2Cweather_code%2Cwind_speed_10m%2Cis_day&timezone=auto&forecast_days=1
[2024-12-06 10:15:40] Successfully fetched weather data: Array
(
    [temperature] => Array
        (
            [metric] => 27.4
            [imperial] => 81.32
        )

    [weatherCode] => 2
    [weatherText] => Partly cloudy
    [windSpeed] => Array
        (
            [metric] => 4.9
            [imperial] => 3.0447179
        )

    [humidity] => 41
    [precipitation] => Array
        (
            [probability] => 0
        )

    [isDayTime] => 1
    [timestamp] => 2024-12-06 10:15:40
)

[2024-12-06 10:15:40] Weather table created or already exists
[2024-12-06 10:15:40] Requesting URL: https://api.open-meteo.com/v1/forecast?latitude=22.8032512&longitude=75.8611968&current=temperature_2m%2Crelative_humidity_2m%2Cweather_code%2Cwind_speed_10m%2Cis_day&timezone=auto&forecast_days=1
[2024-12-06 10:15:42] Successfully fetched weather data: Array
(
    [temperature] => Array
        (
            [metric] => 27.4
            [imperial] => 81.32
        )

    [weatherCode] => 2
    [weatherText] => Partly cloudy
    [windSpeed] => Array
        (
            [metric] => 4.9
            [imperial] => 3.0447179
        )

    [humidity] => 41
    [precipitation] => Array
        (
            [probability] => 0
        )

    [isDayTime] => 1
    [timestamp] => 2024-12-06 10:15:42
)

[2024-12-06 10:15:42] Weather table created or already exists
[2024-12-06 10:15:42] Requesting URL: https://api.open-meteo.com/v1/forecast?latitude=22.8032512&longitude=75.8611968&current=temperature_2m%2Crelative_humidity_2m%2Cweather_code%2Cwind_speed_10m%2Cis_day&timezone=auto&forecast_days=1
[2024-12-06 10:15:43] Successfully fetched weather data: Array
(
    [temperature] => Array
        (
            [metric] => 27.4
            [imperial] => 81.32
        )

    [weatherCode] => 2
    [weatherText] => Partly cloudy
    [windSpeed] => Array
        (
            [metric] => 4.9
            [imperial] => 3.0447179
        )

    [humidity] => 41
    [precipitation] => Array
        (
            [probability] => 0
        )

    [isDayTime] => 1
    [timestamp] => 2024-12-06 10:15:43
)

[2024-12-06 10:15:43] Weather table created or already exists
[2024-12-06 10:15:43] Requesting URL: https://api.open-meteo.com/v1/forecast?latitude=22.8032512&longitude=75.8611968&current=temperature_2m%2Crelative_humidity_2m%2Cweather_code%2Cwind_speed_10m%2Cis_day&timezone=auto&forecast_days=1
[2024-12-06 10:15:44] Successfully fetched weather data: Array
(
    [temperature] => Array
        (
            [metric] => 27.4
            [imperial] => 81.32
        )

    [weatherCode] => 2
    [weatherText] => Partly cloudy
    [windSpeed] => Array
        (
            [metric] => 4.9
            [imperial] => 3.0447179
        )

    [humidity] => 41
    [precipitation] => Array
        (
            [probability] => 0
        )

    [isDayTime] => 1
    [timestamp] => 2024-12-06 10:15:44
)

[2024-12-06 10:15:44] Weather table created or already exists
[2024-12-06 10:15:44] Requesting URL: https://api.open-meteo.com/v1/forecast?latitude=22.8032512&longitude=75.8611968&current=temperature_2m%2Crelative_humidity_2m%2Cweather_code%2Cwind_speed_10m%2Cis_day&timezone=auto&forecast_days=1
[2024-12-06 10:15:45] Successfully fetched weather data: Array
(
    [temperature] => Array
        (
            [metric] => 27.4
            [imperial] => 81.32
        )

    [weatherCode] => 2
    [weatherText] => Partly cloudy
    [windSpeed] => Array
        (
            [metric] => 4.9
            [imperial] => 3.0447179
        )

    [humidity] => 41
    [precipitation] => Array
        (
            [probability] => 0
        )

    [isDayTime] => 1
    [timestamp] => 2024-12-06 10:15:45
)

[2024-12-06 10:15:45] Weather table created or already exists
[2024-12-06 10:15:45] Requesting URL: https://api.open-meteo.com/v1/forecast?latitude=22.8032512&longitude=75.8611968&current=temperature_2m%2Crelative_humidity_2m%2Cweather_code%2Cwind_speed_10m%2Cis_day&timezone=auto&forecast_days=1
[2024-12-06 10:15:46] Successfully fetched weather data: Array
(
    [temperature] => Array
        (
            [metric] => 27.4
            [imperial] => 81.32
        )

    [weatherCode] => 2
    [weatherText] => Partly cloudy
    [windSpeed] => Array
        (
            [metric] => 4.9
            [imperial] => 3.0447179
        )

    [humidity] => 41
    [precipitation] => Array
        (
            [probability] => 0
        )

    [isDayTime] => 1
    [timestamp] => 2024-12-06 10:15:46
)

[2024-12-06 10:15:46] Weather table created or already exists
[2024-12-06 10:15:46] Requesting URL: https://api.open-meteo.com/v1/forecast?latitude=22.8032512&longitude=75.8611968&current=temperature_2m%2Crelative_humidity_2m%2Cweather_code%2Cwind_speed_10m%2Cis_day&timezone=auto&forecast_days=1
[2024-12-06 10:15:46] Successfully fetched weather data: Array
(
    [temperature] => Array
        (
            [metric] => 27.4
            [imperial] => 81.32
        )

    [weatherCode] => 2
    [weatherText] => Partly cloudy
    [windSpeed] => Array
        (
            [metric] => 4.9
            [imperial] => 3.0447179
        )

    [humidity] => 41
    [precipitation] => Array
        (
            [probability] => 0
        )

    [isDayTime] => 1
    [timestamp] => 2024-12-06 10:15:46
)

[2024-12-06 10:15:46] Weather table created or already exists
[2024-12-06 10:15:46] Requesting URL: https://api.open-meteo.com/v1/forecast?latitude=22.8032512&longitude=75.8611968&current=temperature_2m%2Crelative_humidity_2m%2Cweather_code%2Cwind_speed_10m%2Cis_day&timezone=auto&forecast_days=1
[2024-12-06 10:15:49] Successfully fetched weather data: Array
(
    [temperature] => Array
        (
            [metric] => 27.4
            [imperial] => 81.32
        )

    [weatherCode] => 2
    [weatherText] => Partly cloudy
    [windSpeed] => Array
        (
            [metric] => 4.9
            [imperial] => 3.0447179
        )

    [humidity] => 41
    [precipitation] => Array
        (
            [probability] => 0
        )

    [isDayTime] => 1
    [timestamp] => 2024-12-06 10:15:49
)

[2024-12-06 10:15:50] Weather table created or already exists
[2024-12-06 10:15:50] Requesting URL: https://api.open-meteo.com/v1/forecast?latitude=22.8032512&longitude=75.8611968&current=temperature_2m%2Crelative_humidity_2m%2Cweather_code%2Cwind_speed_10m%2Cis_day&timezone=auto&forecast_days=1
[2024-12-06 10:15:50] Successfully fetched weather data: Array
(
    [temperature] => Array
        (
            [metric] => 27.4
            [imperial] => 81.32
        )

    [weatherCode] => 2
    [weatherText] => Partly cloudy
    [windSpeed] => Array
        (
            [metric] => 4.9
            [imperial] => 3.0447179
        )

    [humidity] => 41
    [precipitation] => Array
        (
            [probability] => 0
        )

    [isDayTime] => 1
    [timestamp] => 2024-12-06 10:15:50
)

[2024-12-06 10:15:52] Weather table created or already exists
[2024-12-06 10:15:52] Requesting URL: https://api.open-meteo.com/v1/forecast?latitude=22.8032512&longitude=75.8611968&current=temperature_2m%2Crelative_humidity_2m%2Cweather_code%2Cwind_speed_10m%2Cis_day&timezone=auto&forecast_days=1
[2024-12-06 10:15:52] Successfully fetched weather data: Array
(
    [temperature] => Array
        (
            [metric] => 27.4
            [imperial] => 81.32
        )

    [weatherCode] => 2
    [weatherText] => Partly cloudy
    [windSpeed] => Array
        (
            [metric] => 4.9
            [imperial] => 3.0447179
        )

    [humidity] => 41
    [precipitation] => Array
        (
            [probability] => 0
        )

    [isDayTime] => 1
    [timestamp] => 2024-12-06 10:15:52
)

[2024-12-06 10:30:50] Weather table created or already exists
[2024-12-06 10:30:50] Requesting URL: https://api.open-meteo.com/v1/forecast?latitude=22.8032512&longitude=75.8611968&current=temperature_2m%2Crelative_humidity_2m%2Cweather_code%2Cwind_speed_10m%2Cis_day&timezone=auto&forecast_days=1
[2024-12-06 10:30:52] Successfully fetched weather data: Array
(
    [temperature] => Array
        (
            [metric] => 27.4
            [imperial] => 81.32
        )

    [weatherCode] => 2
    [weatherText] => Partly cloudy
    [windSpeed] => Array
        (
            [metric] => 6.2
            [imperial] => 3.8525002
        )

    [humidity] => 41
    [precipitation] => Array
        (
            [probability] => 0
        )

    [isDayTime] => 1
    [timestamp] => 2024-12-06 10:30:52
)

[2024-12-06 10:45:50] Weather table created or already exists
[2024-12-06 10:45:50] Requesting URL: https://api.open-meteo.com/v1/forecast?latitude=22.8032512&longitude=75.8611968&current=temperature_2m%2Crelative_humidity_2m%2Cweather_code%2Cwind_speed_10m%2Cis_day&timezone=auto&forecast_days=1
[2024-12-06 10:45:51] Successfully fetched weather data: Array
(
    [temperature] => Array
        (
            [metric] => 27.4
            [imperial] => 81.32
        )

    [weatherCode] => 2
    [weatherText] => Partly cloudy
    [windSpeed] => Array
        (
            [metric] => 7.6
            [imperial] => 4.7224196
        )

    [humidity] => 41
    [precipitation] => Array
        (
            [probability] => 0
        )

    [isDayTime] => 1
    [timestamp] => 2024-12-06 10:45:51
)

[2024-12-06 11:00:50] Weather table created or already exists
[2024-12-06 11:00:50] Requesting URL: https://api.open-meteo.com/v1/forecast?latitude=22.8032512&longitude=75.8611968&current=temperature_2m%2Crelative_humidity_2m%2Cweather_code%2Cwind_speed_10m%2Cis_day&timezone=auto&forecast_days=1
[2024-12-06 11:00:51] Successfully fetched weather data: Array
(
    [temperature] => Array
        (
            [metric] => 27.4
            [imperial] => 81.32
        )

    [weatherCode] => 3
    [weatherText] => Overcast
    [windSpeed] => Array
        (
            [metric] => 8.3
            [imperial] => 5.1573793
        )

    [humidity] => 41
    [precipitation] => Array
        (
            [probability] => 0
        )

    [isDayTime] => 1
    [timestamp] => 2024-12-06 11:00:51
)

[2024-12-06 11:02:55] Weather table created or already exists
[2024-12-06 11:02:55] Requesting URL: https://api.open-meteo.com/v1/forecast?latitude=23.2502577&longitude=77.5255545&current=temperature_2m%2Crelative_humidity_2m%2Cweather_code%2Cwind_speed_10m%2Cis_day&timezone=auto&forecast_days=1
[2024-12-06 11:02:55] Successfully fetched weather data: Array
(
    [temperature] => Array
        (
            [metric] => 26.4
            [imperial] => 79.52
        )

    [weatherCode] => 3
    [weatherText] => Overcast
    [windSpeed] => Array
        (
            [metric] => 3.9
            [imperial] => 2.4233469
        )

    [humidity] => 43
    [precipitation] => Array
        (
            [probability] => 0
        )

    [isDayTime] => 1
    [timestamp] => 2024-12-06 11:02:55
)

[2024-12-06 11:17:55] Weather table created or already exists
[2024-12-06 11:17:55] Requesting URL: https://api.open-meteo.com/v1/forecast?latitude=23.2502577&longitude=77.5255545&current=temperature_2m%2Crelative_humidity_2m%2Cweather_code%2Cwind_speed_10m%2Cis_day&timezone=auto&forecast_days=1
[2024-12-06 11:17:56] Successfully fetched weather data: Array
(
    [temperature] => Array
        (
            [metric] => 26.2
            [imperial] => 79.16
        )

    [weatherCode] => 3
    [weatherText] => Overcast
    [windSpeed] => Array
        (
            [metric] => 6.9
            [imperial] => 4.2874599
        )

    [humidity] => 43
    [precipitation] => Array
        (
            [probability] => 0
        )

    [isDayTime] => 1
    [timestamp] => 2024-12-06 11:17:56
)

[2024-12-06 11:32:55] Weather table created or already exists
[2024-12-06 11:32:55] Requesting URL: https://api.open-meteo.com/v1/forecast?latitude=23.2502577&longitude=77.5255545&current=temperature_2m%2Crelative_humidity_2m%2Cweather_code%2Cwind_speed_10m%2Cis_day&timezone=auto&forecast_days=1
[2024-12-06 11:32:55] Curl error: Could not resolve host: api.open-meteo.com
[2024-12-06 11:32:55] Error in getCurrentWeather: Curl error: Could not resolve host: api.open-meteo.com
[2024-12-06 11:32:55] Returning cached data
[2024-12-06 11:36:41] Weather table created or already exists
[2024-12-06 11:36:41] Requesting URL: https://api.open-meteo.com/v1/forecast?latitude=23.2502572&longitude=77.5255576&current=temperature_2m%2Crelative_humidity_2m%2Cweather_code%2Cwind_speed_10m%2Cis_day&timezone=auto&forecast_days=1
[2024-12-06 11:36:42] Successfully fetched weather data: Array
(
    [temperature] => Array
        (
            [metric] => 26.4
            [imperial] => 79.52
        )

    [weatherCode] => 3
    [weatherText] => Overcast
    [windSpeed] => Array
        (
            [metric] => 6.9
            [imperial] => 4.2874599
        )

    [humidity] => 39
    [precipitation] => Array
        (
            [probability] => 0
        )

    [isDayTime] => 1
    [timestamp] => 2024-12-06 11:36:42
)

[2024-12-06 11:36:44] Weather table created or already exists
[2024-12-06 11:36:44] Requesting URL: https://api.open-meteo.com/v1/forecast?latitude=23.2502572&longitude=77.5255576&current=temperature_2m%2Crelative_humidity_2m%2Cweather_code%2Cwind_speed_10m%2Cis_day&timezone=auto&forecast_days=1
[2024-12-06 11:36:44] Successfully fetched weather data: Array
(
    [temperature] => Array
        (
            [metric] => 26.4
            [imperial] => 79.52
        )

    [weatherCode] => 3
    [weatherText] => Overcast
    [windSpeed] => Array
        (
            [metric] => 6.9
            [imperial] => 4.2874599
        )

    [humidity] => 39
    [precipitation] => Array
        (
            [probability] => 0
        )

    [isDayTime] => 1
    [timestamp] => 2024-12-06 11:36:44
)

[2024-12-06 11:36:44] Weather table created or already exists
[2024-12-06 11:36:44] Requesting URL: https://api.open-meteo.com/v1/forecast?latitude=23.2502572&longitude=77.5255576&current=temperature_2m%2Crelative_humidity_2m%2Cweather_code%2Cwind_speed_10m%2Cis_day&timezone=auto&forecast_days=1
[2024-12-06 11:36:45] Successfully fetched weather data: Array
(
    [temperature] => Array
        (
            [metric] => 26.4
            [imperial] => 79.52
        )

    [weatherCode] => 3
    [weatherText] => Overcast
    [windSpeed] => Array
        (
            [metric] => 6.9
            [imperial] => 4.2874599
        )

    [humidity] => 39
    [precipitation] => Array
        (
            [probability] => 0
        )

    [isDayTime] => 1
    [timestamp] => 2024-12-06 11:36:45
)

[2024-12-06 11:36:45] Weather table created or already exists
[2024-12-06 11:36:45] Requesting URL: https://api.open-meteo.com/v1/forecast?latitude=23.2502572&longitude=77.5255576&current=temperature_2m%2Crelative_humidity_2m%2Cweather_code%2Cwind_speed_10m%2Cis_day&timezone=auto&forecast_days=1
[2024-12-06 11:36:46] Successfully fetched weather data: Array
(
    [temperature] => Array
        (
            [metric] => 26.4
            [imperial] => 79.52
        )

    [weatherCode] => 3
    [weatherText] => Overcast
    [windSpeed] => Array
        (
            [metric] => 6.9
            [imperial] => 4.2874599
        )

    [humidity] => 39
    [precipitation] => Array
        (
            [probability] => 0
        )

    [isDayTime] => 1
    [timestamp] => 2024-12-06 11:36:46
)

[2024-12-06 11:36:46] Weather table created or already exists
[2024-12-06 11:36:46] Requesting URL: https://api.open-meteo.com/v1/forecast?latitude=23.2502572&longitude=77.5255576&current=temperature_2m%2Crelative_humidity_2m%2Cweather_code%2Cwind_speed_10m%2Cis_day&timezone=auto&forecast_days=1
[2024-12-06 11:36:46] Successfully fetched weather data: Array
(
    [temperature] => Array
        (
            [metric] => 26.4
            [imperial] => 79.52
        )

    [weatherCode] => 3
    [weatherText] => Overcast
    [windSpeed] => Array
        (
            [metric] => 6.9
            [imperial] => 4.2874599
        )

    [humidity] => 39
    [precipitation] => Array
        (
            [probability] => 0
        )

    [isDayTime] => 1
    [timestamp] => 2024-12-06 11:36:46
)

[2024-12-06 11:36:46] Weather table created or already exists
[2024-12-06 11:36:46] Requesting URL: https://api.open-meteo.com/v1/forecast?latitude=23.2502572&longitude=77.5255576&current=temperature_2m%2Crelative_humidity_2m%2Cweather_code%2Cwind_speed_10m%2Cis_day&timezone=auto&forecast_days=1
[2024-12-06 11:36:47] Successfully fetched weather data: Array
(
    [temperature] => Array
        (
            [metric] => 26.4
            [imperial] => 79.52
        )

    [weatherCode] => 3
    [weatherText] => Overcast
    [windSpeed] => Array
        (
            [metric] => 6.9
            [imperial] => 4.2874599
        )

    [humidity] => 39
    [precipitation] => Array
        (
            [probability] => 0
        )

    [isDayTime] => 1
    [timestamp] => 2024-12-06 11:36:47
)

[2024-12-06 11:36:47] Weather table created or already exists
[2024-12-06 11:36:47] Requesting URL: https://api.open-meteo.com/v1/forecast?latitude=23.2502572&longitude=77.5255576&current=temperature_2m%2Crelative_humidity_2m%2Cweather_code%2Cwind_speed_10m%2Cis_day&timezone=auto&forecast_days=1
[2024-12-06 11:36:48] Successfully fetched weather data: Array
(
    [temperature] => Array
        (
            [metric] => 26.4
            [imperial] => 79.52
        )

    [weatherCode] => 3
    [weatherText] => Overcast
    [windSpeed] => Array
        (
            [metric] => 6.9
            [imperial] => 4.2874599
        )

    [humidity] => 39
    [precipitation] => Array
        (
            [probability] => 0
        )

    [isDayTime] => 1
    [timestamp] => 2024-12-06 11:36:48
)

[2024-12-06 11:36:48] Weather table created or already exists
[2024-12-06 11:36:48] Requesting URL: https://api.open-meteo.com/v1/forecast?latitude=23.2502572&longitude=77.5255576&current=temperature_2m%2Crelative_humidity_2m%2Cweather_code%2Cwind_speed_10m%2Cis_day&timezone=auto&forecast_days=1
[2024-12-06 11:36:48] Successfully fetched weather data: Array
(
    [temperature] => Array
        (
            [metric] => 26.4
            [imperial] => 79.52
        )

    [weatherCode] => 3
    [weatherText] => Overcast
    [windSpeed] => Array
        (
            [metric] => 6.9
            [imperial] => 4.2874599
        )

    [humidity] => 39
    [precipitation] => Array
        (
            [probability] => 0
        )

    [isDayTime] => 1
    [timestamp] => 2024-12-06 11:36:48
)

[2024-12-06 11:36:57] Weather table created or already exists
[2024-12-06 11:36:57] Requesting URL: https://api.open-meteo.com/v1/forecast?latitude=23.2502572&longitude=77.5255576&current=temperature_2m%2Crelative_humidity_2m%2Cweather_code%2Cwind_speed_10m%2Cis_day&timezone=auto&forecast_days=1
[2024-12-06 11:36:58] Successfully fetched weather data: Array
(
    [temperature] => Array
        (
            [metric] => 26.4
            [imperial] => 79.52
        )

    [weatherCode] => 3
    [weatherText] => Overcast
    [windSpeed] => Array
        (
            [metric] => 6.9
            [imperial] => 4.2874599
        )

    [humidity] => 39
    [precipitation] => Array
        (
            [probability] => 0
        )

    [isDayTime] => 1
    [timestamp] => 2024-12-06 11:36:58
)

[2024-12-06 11:51:58] Weather table created or already exists
[2024-12-06 11:51:58] Requesting URL: https://api.open-meteo.com/v1/forecast?latitude=23.2502572&longitude=77.5255576&current=temperature_2m%2Crelative_humidity_2m%2Cweather_code%2Cwind_speed_10m%2Cis_day&timezone=auto&forecast_days=1
[2024-12-06 11:51:59] Successfully fetched weather data: Array
(
    [temperature] => Array
        (
            [metric] => 26.1
            [imperial] => 78.98
        )

    [weatherCode] => 3
    [weatherText] => Overcast
    [windSpeed] => Array
        (
            [metric] => 6.7
            [imperial] => 4.1631857
        )

    [humidity] => 40
    [precipitation] => Array
        (
            [probability] => 0
        )

    [isDayTime] => 1
    [timestamp] => 2024-12-06 11:51:59
)

[2024-12-06 12:06:58] Weather table created or already exists
[2024-12-06 12:06:58] Requesting URL: https://api.open-meteo.com/v1/forecast?latitude=23.2502572&longitude=77.5255576&current=temperature_2m%2Crelative_humidity_2m%2Cweather_code%2Cwind_speed_10m%2Cis_day&timezone=auto&forecast_days=1
[2024-12-06 12:06:58] Successfully fetched weather data: Array
(
    [temperature] => Array
        (
            [metric] => 26
            [imperial] => 78.8
        )

    [weatherCode] => 3
    [weatherText] => Overcast
    [windSpeed] => Array
        (
            [metric] => 6.5
            [imperial] => 4.0389115
        )

    [humidity] => 40
    [precipitation] => Array
        (
            [probability] => 0
        )

    [isDayTime] => 1
    [timestamp] => 2024-12-06 12:06:58
)

[2024-12-06 12:21:58] Weather table created or already exists
[2024-12-06 12:21:58] Requesting URL: https://api.open-meteo.com/v1/forecast?latitude=23.2502572&longitude=77.5255576&current=temperature_2m%2Crelative_humidity_2m%2Cweather_code%2Cwind_speed_10m%2Cis_day&timezone=auto&forecast_days=1
[2024-12-06 12:21:59] Successfully fetched weather data: Array
(
    [temperature] => Array
        (
            [metric] => 25.5
            [imperial] => 77.9
        )

    [weatherCode] => 3
    [weatherText] => Overcast
    [windSpeed] => Array
        (
            [metric] => 5.8
            [imperial] => 3.6039518
        )

    [humidity] => 42
    [precipitation] => Array
        (
            [probability] => 0
        )

    [isDayTime] => 1
    [timestamp] => 2024-12-06 12:21:59
)

[2024-12-06 15:25:35] Weather table created or already exists
[2024-12-06 15:25:35] Requesting URL: https://api.open-meteo.com/v1/forecast?latitude=26.2406144&longitude=78.2041088&current=temperature_2m%2Crelative_humidity_2m%2Cweather_code%2Cwind_speed_10m%2Cis_day&timezone=auto&forecast_days=1
[2024-12-06 15:25:36] Successfully fetched weather data: Array
(
    [temperature] => Array
        (
            [metric] => 16.6
            [imperial] => 61.88
        )

    [weatherCode] => 0
    [weatherText] => Clear sky
    [windSpeed] => Array
        (
            [metric] => 2.6
            [imperial] => 1.6155646
        )

    [humidity] => 64
    [precipitation] => Array
        (
            [probability] => 0
        )

    [isDayTime] => 
    [timestamp] => 2024-12-06 15:25:36
)

[2024-12-06 15:25:50] Weather table created or already exists
[2024-12-06 15:25:50] Requesting URL: https://api.open-meteo.com/v1/forecast?latitude=26.2406144&longitude=78.2041088&current=temperature_2m%2Crelative_humidity_2m%2Cweather_code%2Cwind_speed_10m%2Cis_day&timezone=auto&forecast_days=1
[2024-12-06 15:25:51] Successfully fetched weather data: Array
(
    [temperature] => Array
        (
            [metric] => 16.6
            [imperial] => 61.88
        )

    [weatherCode] => 0
    [weatherText] => Clear sky
    [windSpeed] => Array
        (
            [metric] => 2.6
            [imperial] => 1.6155646
        )

    [humidity] => 64
    [precipitation] => Array
        (
            [probability] => 0
        )

    [isDayTime] => 
    [timestamp] => 2024-12-06 15:25:51
)

[2024-12-06 15:25:53] Weather table created or already exists
[2024-12-06 15:25:53] Requesting URL: https://api.open-meteo.com/v1/forecast?latitude=26.2406144&longitude=78.2041088&current=temperature_2m%2Crelative_humidity_2m%2Cweather_code%2Cwind_speed_10m%2Cis_day&timezone=auto&forecast_days=1
[2024-12-06 15:25:53] Successfully fetched weather data: Array
(
    [temperature] => Array
        (
            [metric] => 16.6
            [imperial] => 61.88
        )

    [weatherCode] => 0
    [weatherText] => Clear sky
    [windSpeed] => Array
        (
            [metric] => 2.6
            [imperial] => 1.6155646
        )

    [humidity] => 64
    [precipitation] => Array
        (
            [probability] => 0
        )

    [isDayTime] => 
    [timestamp] => 2024-12-06 15:25:53
)

[2024-12-06 15:39:27] Weather table created or already exists
[2024-12-06 15:39:27] Requesting URL: https://api.open-meteo.com/v1/forecast?latitude=26.2406144&longitude=78.2041088&current=temperature_2m%2Crelative_humidity_2m%2Cweather_code%2Cwind_speed_10m%2Cis_day&timezone=auto&forecast_days=1
[2024-12-06 15:39:28] Successfully fetched weather data: Array
(
    [temperature] => Array
        (
            [metric] => 16.3
            [imperial] => 61.34
        )

    [weatherCode] => 0
    [weatherText] => Clear sky
    [windSpeed] => Array
        (
            [metric] => 2.4
            [imperial] => 1.4912904
        )

    [humidity] => 65
    [precipitation] => Array
        (
            [probability] => 0
        )

    [isDayTime] => 
    [timestamp] => 2024-12-06 15:39:28
)

[2024-12-06 15:54:28] Weather table created or already exists
[2024-12-06 15:54:28] Requesting URL: https://api.open-meteo.com/v1/forecast?latitude=26.2406144&longitude=78.2041088&current=temperature_2m%2Crelative_humidity_2m%2Cweather_code%2Cwind_speed_10m%2Cis_day&timezone=auto&forecast_days=1
[2024-12-06 15:54:28] Successfully fetched weather data: Array
(
    [temperature] => Array
        (
            [metric] => 16
            [imperial] => 60.8
        )

    [weatherCode] => 0
    [weatherText] => Clear sky
    [windSpeed] => Array
        (
            [metric] => 2.4
            [imperial] => 1.4912904
        )

    [humidity] => 65
    [precipitation] => Array
        (
            [probability] => 0
        )

    [isDayTime] => 
    [timestamp] => 2024-12-06 15:54:28
)

[2024-12-06 16:06:39] Weather table created or already exists
[2024-12-06 16:06:39] Requesting URL: https://api.open-meteo.com/v1/forecast?latitude=26.2406144&longitude=78.2041088&current=temperature_2m%2Crelative_humidity_2m%2Cweather_code%2Cwind_speed_10m%2Cis_day&timezone=auto&forecast_days=1
[2024-12-06 16:06:40] Successfully fetched weather data: Array
(
    [temperature] => Array
        (
            [metric] => 15.8
            [imperial] => 60.44
        )

    [weatherCode] => 0
    [weatherText] => Clear sky
    [windSpeed] => Array
        (
            [metric] => 2.3
            [imperial] => 1.4291533
        )

    [humidity] => 66
    [precipitation] => Array
        (
            [probability] => 0
        )

    [isDayTime] => 
    [timestamp] => 2024-12-06 16:06:40
)

[2024-12-06 16:06:41] Weather table created or already exists
[2024-12-06 16:06:41] Requesting URL: https://api.open-meteo.com/v1/forecast?latitude=26.2406144&longitude=78.2041088&current=temperature_2m%2Crelative_humidity_2m%2Cweather_code%2Cwind_speed_10m%2Cis_day&timezone=auto&forecast_days=1
[2024-12-06 16:06:42] Successfully fetched weather data: Array
(
    [temperature] => Array
        (
            [metric] => 15.8
            [imperial] => 60.44
        )

    [weatherCode] => 0
    [weatherText] => Clear sky
    [windSpeed] => Array
        (
            [metric] => 2.3
            [imperial] => 1.4291533
        )

    [humidity] => 66
    [precipitation] => Array
        (
            [probability] => 0
        )

    [isDayTime] => 
    [timestamp] => 2024-12-06 16:06:42
)

[2024-12-06 16:10:06] Weather table created or already exists
[2024-12-06 16:10:06] Requesting URL: https://api.open-meteo.com/v1/forecast?latitude=26.2406144&longitude=78.2041088&current=temperature_2m%2Crelative_humidity_2m%2Cweather_code%2Cwind_speed_10m%2Cis_day&timezone=auto&forecast_days=1
[2024-12-06 16:10:07] Weather table created or already exists
[2024-12-06 16:10:07] Requesting URL: https://api.open-meteo.com/v1/forecast?latitude=26.2406144&longitude=78.2041088&current=temperature_2m%2Crelative_humidity_2m%2Cweather_code%2Cwind_speed_10m%2Cis_day&timezone=auto&forecast_days=1
[2024-12-06 16:10:07] Successfully fetched weather data: Array
(
    [temperature] => Array
        (
            [metric] => 15.8
            [imperial] => 60.44
        )

    [weatherCode] => 0
    [weatherText] => Clear sky
    [windSpeed] => Array
        (
            [metric] => 2.3
            [imperial] => 1.4291533
        )

    [humidity] => 66
    [precipitation] => Array
        (
            [probability] => 0
        )

    [isDayTime] => 
    [timestamp] => 2024-12-06 16:10:07
)

[2024-12-06 16:10:07] Successfully fetched weather data: Array
(
    [temperature] => Array
        (
            [metric] => 15.8
            [imperial] => 60.44
        )

    [weatherCode] => 0
    [weatherText] => Clear sky
    [windSpeed] => Array
        (
            [metric] => 2.3
            [imperial] => 1.4291533
        )

    [humidity] => 66
    [precipitation] => Array
        (
            [probability] => 0
        )

    [isDayTime] => 
    [timestamp] => 2024-12-06 16:10:07
)

[2024-12-06 16:10:16] Weather table created or already exists
[2024-12-06 16:10:16] Requesting URL: https://api.open-meteo.com/v1/forecast?latitude=26.2406144&longitude=78.2041088&current=temperature_2m%2Crelative_humidity_2m%2Cweather_code%2Cwind_speed_10m%2Cis_day&timezone=auto&forecast_days=1
[2024-12-06 16:10:16] Successfully fetched weather data: Array
(
    [temperature] => Array
        (
            [metric] => 15.8
            [imperial] => 60.44
        )

    [weatherCode] => 0
    [weatherText] => Clear sky
    [windSpeed] => Array
        (
            [metric] => 2.3
            [imperial] => 1.4291533
        )

    [humidity] => 66
    [precipitation] => Array
        (
            [probability] => 0
        )

    [isDayTime] => 
    [timestamp] => 2024-12-06 16:10:16
)

[2024-12-06 16:10:21] Weather table created or already exists
[2024-12-06 16:10:21] Requesting URL: https://api.open-meteo.com/v1/forecast?latitude=26.2406144&longitude=78.2041088&current=temperature_2m%2Crelative_humidity_2m%2Cweather_code%2Cwind_speed_10m%2Cis_day&timezone=auto&forecast_days=1
[2024-12-06 16:10:22] Successfully fetched weather data: Array
(
    [temperature] => Array
        (
            [metric] => 15.8
            [imperial] => 60.44
        )

    [weatherCode] => 0
    [weatherText] => Clear sky
    [windSpeed] => Array
        (
            [metric] => 2.3
            [imperial] => 1.4291533
        )

    [humidity] => 66
    [precipitation] => Array
        (
            [probability] => 0
        )

    [isDayTime] => 
    [timestamp] => 2024-12-06 16:10:22
)

[2024-12-06 16:11:08] Weather table created or already exists
[2024-12-06 16:11:08] Requesting URL: https://api.open-meteo.com/v1/forecast?latitude=26.2406144&longitude=78.2041088&current=temperature_2m%2Crelative_humidity_2m%2Cweather_code%2Cwind_speed_10m%2Cis_day&timezone=auto&forecast_days=1
[2024-12-06 16:11:09] Successfully fetched weather data: Array
(
    [temperature] => Array
        (
            [metric] => 15.8
            [imperial] => 60.44
        )

    [weatherCode] => 0
    [weatherText] => Clear sky
    [windSpeed] => Array
        (
            [metric] => 2.3
            [imperial] => 1.4291533
        )

    [humidity] => 66
    [precipitation] => Array
        (
            [probability] => 0
        )

    [isDayTime] => 
    [timestamp] => 2024-12-06 16:11:09
)

[2024-12-06 16:13:02] Weather table created or already exists
[2024-12-06 16:13:02] Requesting URL: https://api.open-meteo.com/v1/forecast?latitude=26.2406144&longitude=78.2041088&current=temperature_2m%2Crelative_humidity_2m%2Cweather_code%2Cwind_speed_10m%2Cis_day&timezone=auto&forecast_days=1
[2024-12-06 16:13:02] Weather table created or already exists
[2024-12-06 16:13:02] Requesting URL: https://api.open-meteo.com/v1/forecast?latitude=26.2406144&longitude=78.2041088&current=temperature_2m%2Crelative_humidity_2m%2Cweather_code%2Cwind_speed_10m%2Cis_day&timezone=auto&forecast_days=1
[2024-12-06 16:13:03] Weather table created or already exists
[2024-12-06 16:13:03] Requesting URL: https://api.open-meteo.com/v1/forecast?latitude=26.2406144&longitude=78.2041088&current=temperature_2m%2Crelative_humidity_2m%2Cweather_code%2Cwind_speed_10m%2Cis_day&timezone=auto&forecast_days=1
[2024-12-06 16:13:03] Weather table created or already exists
[2024-12-06 16:13:03] Requesting URL: https://api.open-meteo.com/v1/forecast?latitude=26.2406144&longitude=78.2041088&current=temperature_2m%2Crelative_humidity_2m%2Cweather_code%2Cwind_speed_10m%2Cis_day&timezone=auto&forecast_days=1
[2024-12-06 16:13:03] Weather table created or already exists
[2024-12-06 16:13:03] Requesting URL: https://api.open-meteo.com/v1/forecast?latitude=26.2406144&longitude=78.2041088&current=temperature_2m%2Crelative_humidity_2m%2Cweather_code%2Cwind_speed_10m%2Cis_day&timezone=auto&forecast_days=1
[2024-12-06 16:13:03] Successfully fetched weather data: Array
(
    [temperature] => Array
        (
            [metric] => 15.8
            [imperial] => 60.44
        )

    [weatherCode] => 0
    [weatherText] => Clear sky
    [windSpeed] => Array
        (
            [metric] => 2.3
            [imperial] => 1.4291533
        )

    [humidity] => 66
    [precipitation] => Array
        (
            [probability] => 0
        )

    [isDayTime] => 
    [timestamp] => 2024-12-06 16:13:03
)

[2024-12-06 16:13:03] Successfully fetched weather data: Array
(
    [temperature] => Array
        (
            [metric] => 15.8
            [imperial] => 60.44
        )

    [weatherCode] => 0
    [weatherText] => Clear sky
    [windSpeed] => Array
        (
            [metric] => 2.3
            [imperial] => 1.4291533
        )

    [humidity] => 66
    [precipitation] => Array
        (
            [probability] => 0
        )

    [isDayTime] => 
    [timestamp] => 2024-12-06 16:13:03
)

[2024-12-06 16:13:03] Successfully fetched weather data: Array
(
    [temperature] => Array
        (
            [metric] => 15.8
            [imperial] => 60.44
        )

    [weatherCode] => 0
    [weatherText] => Clear sky
    [windSpeed] => Array
        (
            [metric] => 2.3
            [imperial] => 1.4291533
        )

    [humidity] => 66
    [precipitation] => Array
        (
            [probability] => 0
        )

    [isDayTime] => 
    [timestamp] => 2024-12-06 16:13:03
)

[2024-12-06 16:13:04] Successfully fetched weather data: Array
(
    [temperature] => Array
        (
            [metric] => 15.8
            [imperial] => 60.44
        )

    [weatherCode] => 0
    [weatherText] => Clear sky
    [windSpeed] => Array
        (
            [metric] => 2.3
            [imperial] => 1.4291533
        )

    [humidity] => 66
    [precipitation] => Array
        (
            [probability] => 0
        )

    [isDayTime] => 
    [timestamp] => 2024-12-06 16:13:04
)

[2024-12-06 16:13:04] Successfully fetched weather data: Array
(
    [temperature] => Array
        (
            [metric] => 15.8
            [imperial] => 60.44
        )

    [weatherCode] => 0
    [weatherText] => Clear sky
    [windSpeed] => Array
        (
            [metric] => 2.3
            [imperial] => 1.4291533
        )

    [humidity] => 66
    [precipitation] => Array
        (
            [probability] => 0
        )

    [isDayTime] => 
    [timestamp] => 2024-12-06 16:13:04
)

[2024-12-06 16:15:08] Weather table created or already exists
[2024-12-06 16:15:08] Requesting URL: https://api.open-meteo.com/v1/forecast?latitude=26.2406144&longitude=78.2041088&current=temperature_2m%2Crelative_humidity_2m%2Cweather_code%2Cwind_speed_10m%2Cis_day&timezone=auto&forecast_days=1
[2024-12-06 16:15:09] Successfully fetched weather data: Array
(
    [temperature] => Array
        (
            [metric] => 15.5
            [imperial] => 59.9
        )

    [weatherCode] => 0
    [weatherText] => Clear sky
    [windSpeed] => Array
        (
            [metric] => 2.2
            [imperial] => 1.3670162
        )

    [humidity] => 67
    [precipitation] => Array
        (
            [probability] => 0
        )

    [isDayTime] => 
    [timestamp] => 2024-12-06 16:15:09
)

[2024-12-06 16:17:29] Weather table created or already exists
[2024-12-06 16:17:29] Requesting URL: https://api.open-meteo.com/v1/forecast?latitude=26.2406144&longitude=78.2041088&current=temperature_2m%2Crelative_humidity_2m%2Cweather_code%2Cwind_speed_10m%2Cis_day&timezone=auto&forecast_days=1
[2024-12-06 16:17:30] Successfully fetched weather data: Array
(
    [temperature] => Array
        (
            [metric] => 15.5
            [imperial] => 59.9
        )

    [weatherCode] => 0
    [weatherText] => Clear sky
    [windSpeed] => Array
        (
            [metric] => 2.2
            [imperial] => 1.3670162
        )

    [humidity] => 67
    [precipitation] => Array
        (
            [probability] => 0
        )

    [isDayTime] => 
    [timestamp] => 2024-12-06 16:17:30
)

[2024-12-06 16:18:45] Weather table created or already exists
[2024-12-06 16:18:45] Requesting URL: https://api.open-meteo.com/v1/forecast?latitude=23.2365681&longitude=77.4882766&current=temperature_2m%2Crelative_humidity_2m%2Cweather_code%2Cwind_speed_10m%2Cis_day&timezone=auto&forecast_days=1
[2024-12-06 16:18:45] Successfully fetched weather data: Array
(
    [temperature] => Array
        (
            [metric] => 18.7
            [imperial] => 65.66
        )

    [weatherCode] => 0
    [weatherText] => Clear sky
    [windSpeed] => Array
        (
            [metric] => 2.9
            [imperial] => 1.8019759
        )

    [humidity] => 70
    [precipitation] => Array
        (
            [probability] => 0
        )

    [isDayTime] => 
    [timestamp] => 2024-12-06 16:18:45
)

[2024-12-06 16:18:48] Weather table created or already exists
[2024-12-06 16:18:48] Requesting URL: https://api.open-meteo.com/v1/forecast?latitude=23.2365681&longitude=77.4882766&current=temperature_2m%2Crelative_humidity_2m%2Cweather_code%2Cwind_speed_10m%2Cis_day&timezone=auto&forecast_days=1
[2024-12-06 16:18:49] Successfully fetched weather data: Array
(
    [temperature] => Array
        (
            [metric] => 18.7
            [imperial] => 65.66
        )

    [weatherCode] => 0
    [weatherText] => Clear sky
    [windSpeed] => Array
        (
            [metric] => 2.9
            [imperial] => 1.8019759
        )

    [humidity] => 70
    [precipitation] => Array
        (
            [probability] => 0
        )

    [isDayTime] => 
    [timestamp] => 2024-12-06 16:18:49
)

[2024-12-06 16:42:33] Weather table created or already exists
[2024-12-06 16:42:33] Requesting URL: https://api.open-meteo.com/v1/forecast?latitude=26.2406144&longitude=78.2041088&current=temperature_2m%2Crelative_humidity_2m%2Cweather_code%2Cwind_speed_10m%2Cis_day&timezone=auto&forecast_days=1
[2024-12-06 16:42:34] Successfully fetched weather data: Array
(
    [temperature] => Array
        (
            [metric] => 15.9
            [imperial] => 60.62
        )

    [weatherCode] => 0
    [weatherText] => Clear sky
    [windSpeed] => Array
        (
            [metric] => 2.9
            [imperial] => 1.8019759
        )

    [humidity] => 70
    [precipitation] => Array
        (
            [probability] => 0
        )

    [isDayTime] => 
    [timestamp] => 2024-12-06 16:42:34
)

[2024-12-06 16:42:44] Weather table created or already exists
[2024-12-06 16:42:44] Requesting URL: https://api.open-meteo.com/v1/forecast?latitude=26.2406144&longitude=78.2041088&current=temperature_2m%2Crelative_humidity_2m%2Cweather_code%2Cwind_speed_10m%2Cis_day&timezone=auto&forecast_days=1
[2024-12-06 16:42:44] Successfully fetched weather data: Array
(
    [temperature] => Array
        (
            [metric] => 15.9
            [imperial] => 60.62
        )

    [weatherCode] => 0
    [weatherText] => Clear sky
    [windSpeed] => Array
        (
            [metric] => 2.9
            [imperial] => 1.8019759
        )

    [humidity] => 70
    [precipitation] => Array
        (
            [probability] => 0
        )

    [isDayTime] => 
    [timestamp] => 2024-12-06 16:42:44
)

[2024-12-06 16:44:38] Weather table created or already exists
[2024-12-06 16:44:38] Requesting URL: https://api.open-meteo.com/v1/forecast?latitude=26.2406144&longitude=78.2041088&current=temperature_2m%2Crelative_humidity_2m%2Cweather_code%2Cwind_speed_10m%2Cis_day&timezone=auto&forecast_days=1
[2024-12-06 16:44:39] Successfully fetched weather data: Array
(
    [temperature] => Array
        (
            [metric] => 15.9
            [imperial] => 60.62
        )

    [weatherCode] => 0
    [weatherText] => Clear sky
    [windSpeed] => Array
        (
            [metric] => 2.9
            [imperial] => 1.8019759
        )

    [humidity] => 70
    [precipitation] => Array
        (
            [probability] => 0
        )

    [isDayTime] => 
    [timestamp] => 2024-12-06 16:44:39
)

[2024-12-06 16:48:27] Weather table created or already exists
[2024-12-06 16:48:27] Requesting URL: https://api.open-meteo.com/v1/forecast?latitude=26.2406144&longitude=78.2041088&current=temperature_2m%2Crelative_humidity_2m%2Cweather_code%2Cwind_speed_10m%2Cis_day&timezone=auto&forecast_days=1
[2024-12-06 16:48:27] Curl error: Could not resolve host: api.open-meteo.com
[2024-12-06 16:48:27] Error in getCurrentWeather: Curl error: Could not resolve host: api.open-meteo.com
[2024-12-06 16:48:27] Returning cached data
[2024-12-06 16:50:48] Weather table created or already exists
[2024-12-06 16:50:48] Requesting URL: https://api.open-meteo.com/v1/forecast?latitude=23.236564&longitude=77.4882682&current=temperature_2m%2Crelative_humidity_2m%2Cweather_code%2Cwind_speed_10m%2Cis_day&timezone=auto&forecast_days=1
[2024-12-06 16:50:49] Successfully fetched weather data: Array
(
    [temperature] => Array
        (
            [metric] => 18.7
            [imperial] => 65.66
        )

    [weatherCode] => 0
    [weatherText] => Clear sky
    [windSpeed] => Array
        (
            [metric] => 2.9
            [imperial] => 1.8019759
        )

    [humidity] => 78
    [precipitation] => Array
        (
            [probability] => 0
        )

    [isDayTime] => 
    [timestamp] => 2024-12-06 16:50:49
)

[2024-12-06 16:51:37] Weather table created or already exists
[2024-12-06 16:51:37] Requesting URL: https://api.open-meteo.com/v1/forecast?latitude=26.2406144&longitude=78.2041088&current=temperature_2m%2Crelative_humidity_2m%2Cweather_code%2Cwind_speed_10m%2Cis_day&timezone=auto&forecast_days=1
[2024-12-06 16:51:38] Successfully fetched weather data: Array
(
    [temperature] => Array
        (
            [metric] => 15.6
            [imperial] => 60.08
        )

    [weatherCode] => 0
    [weatherText] => Clear sky
    [windSpeed] => Array
        (
            [metric] => 2.5
            [imperial] => 1.5534275
        )

    [humidity] => 70
    [precipitation] => Array
        (
            [probability] => 0
        )

    [isDayTime] => 
    [timestamp] => 2024-12-06 16:51:38
)

[2024-12-06 16:57:29] Weather table created or already exists
[2024-12-06 16:57:29] Requesting URL: https://api.open-meteo.com/v1/forecast?latitude=23.236568&longitude=77.4882759&current=temperature_2m%2Crelative_humidity_2m%2Cweather_code%2Cwind_speed_10m%2Cis_day&timezone=auto&forecast_days=1
[2024-12-06 16:57:30] Successfully fetched weather data: Array
(
    [temperature] => Array
        (
            [metric] => 18.7
            [imperial] => 65.66
        )

    [weatherCode] => 0
    [weatherText] => Clear sky
    [windSpeed] => Array
        (
            [metric] => 2.9
            [imperial] => 1.8019759
        )

    [humidity] => 78
    [precipitation] => Array
        (
            [probability] => 0
        )

    [isDayTime] => 
    [timestamp] => 2024-12-06 16:57:30
)

[2024-12-06 16:57:43] Weather table created or already exists
[2024-12-06 16:57:43] Requesting URL: https://api.open-meteo.com/v1/forecast?latitude=23.236568&longitude=77.4882759&current=temperature_2m%2Crelative_humidity_2m%2Cweather_code%2Cwind_speed_10m%2Cis_day&timezone=auto&forecast_days=1
[2024-12-06 16:57:44] Successfully fetched weather data: Array
(
    [temperature] => Array
        (
            [metric] => 18.7
            [imperial] => 65.66
        )

    [weatherCode] => 0
    [weatherText] => Clear sky
    [windSpeed] => Array
        (
            [metric] => 2.9
            [imperial] => 1.8019759
        )

    [humidity] => 78
    [precipitation] => Array
        (
            [probability] => 0
        )

    [isDayTime] => 
    [timestamp] => 2024-12-06 16:57:44
)

[2024-12-06 16:57:44] Weather table created or already exists
[2024-12-06 16:57:44] Requesting URL: https://api.open-meteo.com/v1/forecast?latitude=23.236568&longitude=77.4882759&current=temperature_2m%2Crelative_humidity_2m%2Cweather_code%2Cwind_speed_10m%2Cis_day&timezone=auto&forecast_days=1
[2024-12-06 16:57:44] Weather table created or already exists
[2024-12-06 16:57:44] Requesting URL: https://api.open-meteo.com/v1/forecast?latitude=23.236568&longitude=77.4882759&current=temperature_2m%2Crelative_humidity_2m%2Cweather_code%2Cwind_speed_10m%2Cis_day&timezone=auto&forecast_days=1
[2024-12-06 16:57:44] Successfully fetched weather data: Array
(
    [temperature] => Array
        (
            [metric] => 18.7
            [imperial] => 65.66
        )

    [weatherCode] => 0
    [weatherText] => Clear sky
    [windSpeed] => Array
        (
            [metric] => 2.9
            [imperial] => 1.8019759
        )

    [humidity] => 78
    [precipitation] => Array
        (
            [probability] => 0
        )

    [isDayTime] => 
    [timestamp] => 2024-12-06 16:57:44
)

[2024-12-06 16:57:45] Successfully fetched weather data: Array
(
    [temperature] => Array
        (
            [metric] => 18.7
            [imperial] => 65.66
        )

    [weatherCode] => 0
    [weatherText] => Clear sky
    [windSpeed] => Array
        (
            [metric] => 2.9
            [imperial] => 1.8019759
        )

    [humidity] => 78
    [precipitation] => Array
        (
            [probability] => 0
        )

    [isDayTime] => 
    [timestamp] => 2024-12-06 16:57:45
)

[2024-12-06 16:57:57] Weather table created or already exists
[2024-12-06 16:57:57] Requesting URL: https://api.open-meteo.com/v1/forecast?latitude=26.2406144&longitude=78.2041088&current=temperature_2m%2Crelative_humidity_2m%2Cweather_code%2Cwind_speed_10m%2Cis_day&timezone=auto&forecast_days=1
[2024-12-06 16:57:57] Successfully fetched weather data: Array
(
    [temperature] => Array
        (
            [metric] => 15.6
            [imperial] => 60.08
        )

    [weatherCode] => 0
    [weatherText] => Clear sky
    [windSpeed] => Array
        (
            [metric] => 2.5
            [imperial] => 1.5534275
        )

    [humidity] => 70
    [precipitation] => Array
        (
            [probability] => 0
        )

    [isDayTime] => 
    [timestamp] => 2024-12-06 16:57:57
)

[2024-12-06 16:59:38] Weather table created or already exists
[2024-12-06 16:59:38] Requesting URL: https://api.open-meteo.com/v1/forecast?latitude=26.2406144&longitude=78.2041088&current=temperature_2m%2Crelative_humidity_2m%2Cweather_code%2Cwind_speed_10m%2Cis_day&timezone=auto&forecast_days=1
[2024-12-06 16:59:38] Successfully fetched weather data: Array
(
    [temperature] => Array
        (
            [metric] => 15.6
            [imperial] => 60.08
        )

    [weatherCode] => 0
    [weatherText] => Clear sky
    [windSpeed] => Array
        (
            [metric] => 2.5
            [imperial] => 1.5534275
        )

    [humidity] => 70
    [precipitation] => Array
        (
            [probability] => 0
        )

    [isDayTime] => 
    [timestamp] => 2024-12-06 16:59:38
)

[2024-12-06 16:59:42] Weather table created or already exists
[2024-12-06 16:59:42] Requesting URL: https://api.open-meteo.com/v1/forecast?latitude=26.2406144&longitude=78.2041088&current=temperature_2m%2Crelative_humidity_2m%2Cweather_code%2Cwind_speed_10m%2Cis_day&timezone=auto&forecast_days=1
[2024-12-06 16:59:42] Weather table created or already exists
[2024-12-06 16:59:42] Requesting URL: https://api.open-meteo.com/v1/forecast?latitude=26.2406144&longitude=78.2041088&current=temperature_2m%2Crelative_humidity_2m%2Cweather_code%2Cwind_speed_10m%2Cis_day&timezone=auto&forecast_days=1
[2024-12-06 16:59:43] Weather table created or already exists
[2024-12-06 16:59:43] Requesting URL: https://api.open-meteo.com/v1/forecast?latitude=26.2406144&longitude=78.2041088&current=temperature_2m%2Crelative_humidity_2m%2Cweather_code%2Cwind_speed_10m%2Cis_day&timezone=auto&forecast_days=1
[2024-12-06 16:59:43] Successfully fetched weather data: Array
(
    [temperature] => Array
        (
            [metric] => 15.6
            [imperial] => 60.08
        )

    [weatherCode] => 0
    [weatherText] => Clear sky
    [windSpeed] => Array
        (
            [metric] => 2.5
            [imperial] => 1.5534275
        )

    [humidity] => 70
    [precipitation] => Array
        (
            [probability] => 0
        )

    [isDayTime] => 
    [timestamp] => 2024-12-06 16:59:43
)

[2024-12-06 16:59:43] Successfully fetched weather data: Array
(
    [temperature] => Array
        (
            [metric] => 15.6
            [imperial] => 60.08
        )

    [weatherCode] => 0
    [weatherText] => Clear sky
    [windSpeed] => Array
        (
            [metric] => 2.5
            [imperial] => 1.5534275
        )

    [humidity] => 70
    [precipitation] => Array
        (
            [probability] => 0
        )

    [isDayTime] => 
    [timestamp] => 2024-12-06 16:59:43
)

[2024-12-06 16:59:44] Successfully fetched weather data: Array
(
    [temperature] => Array
        (
            [metric] => 15.6
            [imperial] => 60.08
        )

    [weatherCode] => 0
    [weatherText] => Clear sky
    [windSpeed] => Array
        (
            [metric] => 2.5
            [imperial] => 1.5534275
        )

    [humidity] => 70
    [precipitation] => Array
        (
            [probability] => 0
        )

    [isDayTime] => 
    [timestamp] => 2024-12-06 16:59:44
)

[2024-12-06 16:59:57] Weather table created or already exists
[2024-12-06 16:59:57] Requesting URL: https://api.open-meteo.com/v1/forecast?latitude=26.2406144&longitude=78.2041088&current=temperature_2m%2Crelative_humidity_2m%2Cweather_code%2Cwind_speed_10m%2Cis_day&timezone=auto&forecast_days=1
[2024-12-06 16:59:58] Successfully fetched weather data: Array
(
    [temperature] => Array
        (
            [metric] => 15.6
            [imperial] => 60.08
        )

    [weatherCode] => 0
    [weatherText] => Clear sky
    [windSpeed] => Array
        (
            [metric] => 2.5
            [imperial] => 1.5534275
        )

    [humidity] => 70
    [precipitation] => Array
        (
            [probability] => 0
        )

    [isDayTime] => 
    [timestamp] => 2024-12-06 16:59:58
)

[2024-12-06 17:00:09] Weather table created or already exists
[2024-12-06 17:00:09] Requesting URL: https://api.open-meteo.com/v1/forecast?latitude=26.2406144&longitude=78.2041088&current=temperature_2m%2Crelative_humidity_2m%2Cweather_code%2Cwind_speed_10m%2Cis_day&timezone=auto&forecast_days=1
[2024-12-06 17:00:09] Successfully fetched weather data: Array
(
    [temperature] => Array
        (
            [metric] => 15.4
            [imperial] => 59.72
        )

    [weatherCode] => 0
    [weatherText] => Clear sky
    [windSpeed] => Array
        (
            [metric] => 2.5
            [imperial] => 1.5534275
        )

    [humidity] => 71
    [precipitation] => Array
        (
            [probability] => 0
        )

    [isDayTime] => 
    [timestamp] => 2024-12-06 17:00:09
)

[2024-12-06 17:02:39] Weather table created or already exists
[2024-12-06 17:02:39] Requesting URL: https://api.open-meteo.com/v1/forecast?latitude=26.2406144&longitude=78.2041088&current=temperature_2m%2Crelative_humidity_2m%2Cweather_code%2Cwind_speed_10m%2Cis_day&timezone=auto&forecast_days=1
[2024-12-06 17:02:40] Successfully fetched weather data: Array
(
    [temperature] => Array
        (
            [metric] => 15.4
            [imperial] => 59.72
        )

    [weatherCode] => 0
    [weatherText] => Clear sky
    [windSpeed] => Array
        (
            [metric] => 2.5
            [imperial] => 1.5534275
        )

    [humidity] => 71
    [precipitation] => Array
        (
            [probability] => 0
        )

    [isDayTime] => 
    [timestamp] => 2024-12-06 17:02:40
)

[2024-12-06 17:03:05] Weather table created or already exists
[2024-12-06 17:03:05] Requesting URL: https://api.open-meteo.com/v1/forecast?latitude=26.2406144&longitude=78.2041088&current=temperature_2m%2Crelative_humidity_2m%2Cweather_code%2Cwind_speed_10m%2Cis_day&timezone=auto&forecast_days=1
[2024-12-06 17:03:06] Successfully fetched weather data: Array
(
    [temperature] => Array
        (
            [metric] => 15.4
            [imperial] => 59.72
        )

    [weatherCode] => 0
    [weatherText] => Clear sky
    [windSpeed] => Array
        (
            [metric] => 2.5
            [imperial] => 1.5534275
        )

    [humidity] => 71
    [precipitation] => Array
        (
            [probability] => 0
        )

    [isDayTime] => 
    [timestamp] => 2024-12-06 17:03:06
)

[2024-12-06 17:06:16] Weather table created or already exists
[2024-12-06 17:06:16] Requesting URL: https://api.open-meteo.com/v1/forecast?latitude=26.2406144&longitude=78.2041088&current=temperature_2m%2Crelative_humidity_2m%2Cweather_code%2Cwind_speed_10m%2Cis_day&timezone=auto&forecast_days=1
[2024-12-06 17:06:17] Successfully fetched weather data: Array
(
    [temperature] => Array
        (
            [metric] => 15.4
            [imperial] => 59.72
        )

    [weatherCode] => 0
    [weatherText] => Clear sky
    [windSpeed] => Array
        (
            [metric] => 2.5
            [imperial] => 1.5534275
        )

    [humidity] => 71
    [precipitation] => Array
        (
            [probability] => 0
        )

    [isDayTime] => 
    [timestamp] => 2024-12-06 17:06:17
)

[2024-12-06 17:06:24] Weather table created or already exists
[2024-12-06 17:06:24] Requesting URL: https://api.open-meteo.com/v1/forecast?latitude=26.2406144&longitude=78.2041088&current=temperature_2m%2Crelative_humidity_2m%2Cweather_code%2Cwind_speed_10m%2Cis_day&timezone=auto&forecast_days=1
[2024-12-06 17:06:24] Weather table created or already exists
[2024-12-06 17:06:24] Requesting URL: https://api.open-meteo.com/v1/forecast?latitude=26.2406144&longitude=78.2041088&current=temperature_2m%2Crelative_humidity_2m%2Cweather_code%2Cwind_speed_10m%2Cis_day&timezone=auto&forecast_days=1
[2024-12-06 17:06:24] Weather table created or already exists
[2024-12-06 17:06:24] Requesting URL: https://api.open-meteo.com/v1/forecast?latitude=26.2406144&longitude=78.2041088&current=temperature_2m%2Crelative_humidity_2m%2Cweather_code%2Cwind_speed_10m%2Cis_day&timezone=auto&forecast_days=1
[2024-12-06 17:06:24] Successfully fetched weather data: Array
(
    [temperature] => Array
        (
            [metric] => 15.4
            [imperial] => 59.72
        )

    [weatherCode] => 0
    [weatherText] => Clear sky
    [windSpeed] => Array
        (
            [metric] => 2.5
            [imperial] => 1.5534275
        )

    [humidity] => 71
    [precipitation] => Array
        (
            [probability] => 0
        )

    [isDayTime] => 
    [timestamp] => 2024-12-06 17:06:24
)

[2024-12-06 17:06:24] Weather table created or already exists
[2024-12-06 17:06:24] Requesting URL: https://api.open-meteo.com/v1/forecast?latitude=26.2406144&longitude=78.2041088&current=temperature_2m%2Crelative_humidity_2m%2Cweather_code%2Cwind_speed_10m%2Cis_day&timezone=auto&forecast_days=1
[2024-12-06 17:06:25] Successfully fetched weather data: Array
(
    [temperature] => Array
        (
            [metric] => 15.4
            [imperial] => 59.72
        )

    [weatherCode] => 0
    [weatherText] => Clear sky
    [windSpeed] => Array
        (
            [metric] => 2.5
            [imperial] => 1.5534275
        )

    [humidity] => 71
    [precipitation] => Array
        (
            [probability] => 0
        )

    [isDayTime] => 
    [timestamp] => 2024-12-06 17:06:25
)

[2024-12-06 17:06:25] Successfully fetched weather data: Array
(
    [temperature] => Array
        (
            [metric] => 15.4
            [imperial] => 59.72
        )

    [weatherCode] => 0
    [weatherText] => Clear sky
    [windSpeed] => Array
        (
            [metric] => 2.5
            [imperial] => 1.5534275
        )

    [humidity] => 71
    [precipitation] => Array
        (
            [probability] => 0
        )

    [isDayTime] => 
    [timestamp] => 2024-12-06 17:06:25
)

[2024-12-06 17:06:25] Successfully fetched weather data: Array
(
    [temperature] => Array
        (
            [metric] => 15.4
            [imperial] => 59.72
        )

    [weatherCode] => 0
    [weatherText] => Clear sky
    [windSpeed] => Array
        (
            [metric] => 2.5
            [imperial] => 1.5534275
        )

    [humidity] => 71
    [precipitation] => Array
        (
            [probability] => 0
        )

    [isDayTime] => 
    [timestamp] => 2024-12-06 17:06:25
)

[2024-12-06 17:06:28] Weather table created or already exists
[2024-12-06 17:06:28] Requesting URL: https://api.open-meteo.com/v1/forecast?latitude=26.2406144&longitude=78.2041088&current=temperature_2m%2Crelative_humidity_2m%2Cweather_code%2Cwind_speed_10m%2Cis_day&timezone=auto&forecast_days=1
[2024-12-06 17:06:29] Successfully fetched weather data: Array
(
    [temperature] => Array
        (
            [metric] => 15.4
            [imperial] => 59.72
        )

    [weatherCode] => 0
    [weatherText] => Clear sky
    [windSpeed] => Array
        (
            [metric] => 2.5
            [imperial] => 1.5534275
        )

    [humidity] => 71
    [precipitation] => Array
        (
            [probability] => 0
        )

    [isDayTime] => 
    [timestamp] => 2024-12-06 17:06:29
)

[2024-12-06 17:07:01] Weather table created or already exists
[2024-12-06 17:07:01] Requesting URL: https://api.open-meteo.com/v1/forecast?latitude=26.2406144&longitude=78.2041088&current=temperature_2m%2Crelative_humidity_2m%2Cweather_code%2Cwind_speed_10m%2Cis_day&timezone=auto&forecast_days=1
[2024-12-06 17:07:02] Successfully fetched weather data: Array
(
    [temperature] => Array
        (
            [metric] => 15.4
            [imperial] => 59.72
        )

    [weatherCode] => 0
    [weatherText] => Clear sky
    [windSpeed] => Array
        (
            [metric] => 2.5
            [imperial] => 1.5534275
        )

    [humidity] => 71
    [precipitation] => Array
        (
            [probability] => 0
        )

    [isDayTime] => 
    [timestamp] => 2024-12-06 17:07:02
)

[2024-12-06 17:08:42] Weather table created or already exists
[2024-12-06 17:08:42] Requesting URL: https://api.open-meteo.com/v1/forecast?latitude=26.2406144&longitude=78.2041088&current=temperature_2m%2Crelative_humidity_2m%2Cweather_code%2Cwind_speed_10m%2Cis_day&timezone=auto&forecast_days=1
[2024-12-06 17:08:43] Successfully fetched weather data: Array
(
    [temperature] => Array
        (
            [metric] => 15.4
            [imperial] => 59.72
        )

    [weatherCode] => 0
    [weatherText] => Clear sky
    [windSpeed] => Array
        (
            [metric] => 2.5
            [imperial] => 1.5534275
        )

    [humidity] => 71
    [precipitation] => Array
        (
            [probability] => 0
        )

    [isDayTime] => 
    [timestamp] => 2024-12-06 17:08:43
)

[2024-12-06 17:08:43] Weather table created or already exists
[2024-12-06 17:08:43] Requesting URL: https://api.open-meteo.com/v1/forecast?latitude=26.2406144&longitude=78.2041088&current=temperature_2m%2Crelative_humidity_2m%2Cweather_code%2Cwind_speed_10m%2Cis_day&timezone=auto&forecast_days=1
[2024-12-06 17:08:44] Weather table created or already exists
[2024-12-06 17:08:44] Requesting URL: https://api.open-meteo.com/v1/forecast?latitude=26.2406144&longitude=78.2041088&current=temperature_2m%2Crelative_humidity_2m%2Cweather_code%2Cwind_speed_10m%2Cis_day&timezone=auto&forecast_days=1
[2024-12-06 17:08:44] Successfully fetched weather data: Array
(
    [temperature] => Array
        (
            [metric] => 15.4
            [imperial] => 59.72
        )

    [weatherCode] => 0
    [weatherText] => Clear sky
    [windSpeed] => Array
        (
            [metric] => 2.5
            [imperial] => 1.5534275
        )

    [humidity] => 71
    [precipitation] => Array
        (
            [probability] => 0
        )

    [isDayTime] => 
    [timestamp] => 2024-12-06 17:08:44
)

[2024-12-06 17:08:44] Successfully fetched weather data: Array
(
    [temperature] => Array
        (
            [metric] => 15.4
            [imperial] => 59.72
        )

    [weatherCode] => 0
    [weatherText] => Clear sky
    [windSpeed] => Array
        (
            [metric] => 2.5
            [imperial] => 1.5534275
        )

    [humidity] => 71
    [precipitation] => Array
        (
            [probability] => 0
        )

    [isDayTime] => 
    [timestamp] => 2024-12-06 17:08:44
)

[2024-12-06 17:08:51] Weather table created or already exists
[2024-12-06 17:08:51] Requesting URL: https://api.open-meteo.com/v1/forecast?latitude=26.2406144&longitude=78.2041088&current=temperature_2m%2Crelative_humidity_2m%2Cweather_code%2Cwind_speed_10m%2Cis_day&timezone=auto&forecast_days=1
[2024-12-06 17:08:51] Weather table created or already exists
[2024-12-06 17:08:51] Requesting URL: https://api.open-meteo.com/v1/forecast?latitude=26.2406144&longitude=78.2041088&current=temperature_2m%2Crelative_humidity_2m%2Cweather_code%2Cwind_speed_10m%2Cis_day&timezone=auto&forecast_days=1
[2024-12-06 17:08:52] Successfully fetched weather data: Array
(
    [temperature] => Array
        (
            [metric] => 15.4
            [imperial] => 59.72
        )

    [weatherCode] => 0
    [weatherText] => Clear sky
    [windSpeed] => Array
        (
            [metric] => 2.5
            [imperial] => 1.5534275
        )

    [humidity] => 71
    [precipitation] => Array
        (
            [probability] => 0
        )

    [isDayTime] => 
    [timestamp] => 2024-12-06 17:08:52
)

[2024-12-06 17:08:52] Successfully fetched weather data: Array
(
    [temperature] => Array
        (
            [metric] => 15.4
            [imperial] => 59.72
        )

    [weatherCode] => 0
    [weatherText] => Clear sky
    [windSpeed] => Array
        (
            [metric] => 2.5
            [imperial] => 1.5534275
        )

    [humidity] => 71
    [precipitation] => Array
        (
            [probability] => 0
        )

    [isDayTime] => 
    [timestamp] => 2024-12-06 17:08:52
)

[2024-12-06 17:08:52] Weather table created or already exists
[2024-12-06 17:08:52] Requesting URL: https://api.open-meteo.com/v1/forecast?latitude=26.2406144&longitude=78.2041088&current=temperature_2m%2Crelative_humidity_2m%2Cweather_code%2Cwind_speed_10m%2Cis_day&timezone=auto&forecast_days=1
[2024-12-06 17:08:53] Successfully fetched weather data: Array
(
    [temperature] => Array
        (
            [metric] => 15.4
            [imperial] => 59.72
        )

    [weatherCode] => 0
    [weatherText] => Clear sky
    [windSpeed] => Array
        (
            [metric] => 2.5
            [imperial] => 1.5534275
        )

    [humidity] => 71
    [precipitation] => Array
        (
            [probability] => 0
        )

    [isDayTime] => 
    [timestamp] => 2024-12-06 17:08:53
)

[2024-12-06 17:08:54] Weather table created or already exists
[2024-12-06 17:08:54] Requesting URL: https://api.open-meteo.com/v1/forecast?latitude=26.2406144&longitude=78.2041088&current=temperature_2m%2Crelative_humidity_2m%2Cweather_code%2Cwind_speed_10m%2Cis_day&timezone=auto&forecast_days=1
[2024-12-06 17:08:55] Weather table created or already exists
[2024-12-06 17:08:55] Requesting URL: https://api.open-meteo.com/v1/forecast?latitude=26.2406144&longitude=78.2041088&current=temperature_2m%2Crelative_humidity_2m%2Cweather_code%2Cwind_speed_10m%2Cis_day&timezone=auto&forecast_days=1
[2024-12-06 17:08:55] Successfully fetched weather data: Array
(
    [temperature] => Array
        (
            [metric] => 15.4
            [imperial] => 59.72
        )

    [weatherCode] => 0
    [weatherText] => Clear sky
    [windSpeed] => Array
        (
            [metric] => 2.5
            [imperial] => 1.5534275
        )

    [humidity] => 71
    [precipitation] => Array
        (
            [probability] => 0
        )

    [isDayTime] => 
    [timestamp] => 2024-12-06 17:08:55
)

[2024-12-06 17:08:55] Successfully fetched weather data: Array
(
    [temperature] => Array
        (
            [metric] => 15.4
            [imperial] => 59.72
        )

    [weatherCode] => 0
    [weatherText] => Clear sky
    [windSpeed] => Array
        (
            [metric] => 2.5
            [imperial] => 1.5534275
        )

    [humidity] => 71
    [precipitation] => Array
        (
            [probability] => 0
        )

    [isDayTime] => 
    [timestamp] => 2024-12-06 17:08:55
)

[2024-12-06 17:08:58] Weather table created or already exists
[2024-12-06 17:08:58] Requesting URL: https://api.open-meteo.com/v1/forecast?latitude=26.2406144&longitude=78.2041088&current=temperature_2m%2Crelative_humidity_2m%2Cweather_code%2Cwind_speed_10m%2Cis_day&timezone=auto&forecast_days=1
[2024-12-06 17:08:59] Successfully fetched weather data: Array
(
    [temperature] => Array
        (
            [metric] => 15.4
            [imperial] => 59.72
        )

    [weatherCode] => 0
    [weatherText] => Clear sky
    [windSpeed] => Array
        (
            [metric] => 2.5
            [imperial] => 1.5534275
        )

    [humidity] => 71
    [precipitation] => Array
        (
            [probability] => 0
        )

    [isDayTime] => 
    [timestamp] => 2024-12-06 17:08:59
)

[2024-12-06 17:12:44] Weather table created or already exists
[2024-12-06 17:12:44] Requesting URL: https://api.open-meteo.com/v1/forecast?latitude=26.2406144&longitude=78.2041088&current=temperature_2m%2Crelative_humidity_2m%2Cweather_code%2Cwind_speed_10m%2Cis_day&timezone=auto&forecast_days=1
[2024-12-06 17:12:44] Weather table created or already exists
[2024-12-06 17:12:44] Requesting URL: https://api.open-meteo.com/v1/forecast?latitude=26.2406144&longitude=78.2041088&current=temperature_2m%2Crelative_humidity_2m%2Cweather_code%2Cwind_speed_10m%2Cis_day&timezone=auto&forecast_days=1
[2024-12-06 17:12:44] Weather table created or already exists
[2024-12-06 17:12:44] Requesting URL: https://api.open-meteo.com/v1/forecast?latitude=26.2406144&longitude=78.2041088&current=temperature_2m%2Crelative_humidity_2m%2Cweather_code%2Cwind_speed_10m%2Cis_day&timezone=auto&forecast_days=1
[2024-12-06 17:12:44] Weather table created or already exists
[2024-12-06 17:12:44] Requesting URL: https://api.open-meteo.com/v1/forecast?latitude=26.2406144&longitude=78.2041088&current=temperature_2m%2Crelative_humidity_2m%2Cweather_code%2Cwind_speed_10m%2Cis_day&timezone=auto&forecast_days=1
[2024-12-06 17:12:44] Successfully fetched weather data: Array
(
    [temperature] => Array
        (
            [metric] => 15.4
            [imperial] => 59.72
        )

    [weatherCode] => 0
    [weatherText] => Clear sky
    [windSpeed] => Array
        (
            [metric] => 2.5
            [imperial] => 1.5534275
        )

    [humidity] => 71
    [precipitation] => Array
        (
            [probability] => 0
        )

    [isDayTime] => 
    [timestamp] => 2024-12-06 17:12:44
)

[2024-12-06 17:12:45] Successfully fetched weather data: Array
(
    [temperature] => Array
        (
            [metric] => 15.4
            [imperial] => 59.72
        )

    [weatherCode] => 0
    [weatherText] => Clear sky
    [windSpeed] => Array
        (
            [metric] => 2.5
            [imperial] => 1.5534275
        )

    [humidity] => 71
    [precipitation] => Array
        (
            [probability] => 0
        )

    [isDayTime] => 
    [timestamp] => 2024-12-06 17:12:45
)

[2024-12-06 17:12:45] Successfully fetched weather data: Array
(
    [temperature] => Array
        (
            [metric] => 15.4
            [imperial] => 59.72
        )

    [weatherCode] => 0
    [weatherText] => Clear sky
    [windSpeed] => Array
        (
            [metric] => 2.5
            [imperial] => 1.5534275
        )

    [humidity] => 71
    [precipitation] => Array
        (
            [probability] => 0
        )

    [isDayTime] => 
    [timestamp] => 2024-12-06 17:12:45
)

[2024-12-06 17:12:45] Successfully fetched weather data: Array
(
    [temperature] => Array
        (
            [metric] => 15.4
            [imperial] => 59.72
        )

    [weatherCode] => 0
    [weatherText] => Clear sky
    [windSpeed] => Array
        (
            [metric] => 2.5
            [imperial] => 1.5534275
        )

    [humidity] => 71
    [precipitation] => Array
        (
            [probability] => 0
        )

    [isDayTime] => 
    [timestamp] => 2024-12-06 17:12:45
)

[2024-12-06 17:14:28] Weather table created or already exists
[2024-12-06 17:14:28] Requesting URL: https://api.open-meteo.com/v1/forecast?latitude=26.2406144&longitude=78.2041088&current=temperature_2m%2Crelative_humidity_2m%2Cweather_code%2Cwind_speed_10m%2Cis_day&timezone=auto&forecast_days=1
[2024-12-06 17:14:28] Weather table created or already exists
[2024-12-06 17:14:28] Requesting URL: https://api.open-meteo.com/v1/forecast?latitude=26.2406144&longitude=78.2041088&current=temperature_2m%2Crelative_humidity_2m%2Cweather_code%2Cwind_speed_10m%2Cis_day&timezone=auto&forecast_days=1
[2024-12-06 17:14:28] Weather table created or already exists
[2024-12-06 17:14:28] Requesting URL: https://api.open-meteo.com/v1/forecast?latitude=26.2406144&longitude=78.2041088&current=temperature_2m%2Crelative_humidity_2m%2Cweather_code%2Cwind_speed_10m%2Cis_day&timezone=auto&forecast_days=1
[2024-12-06 17:14:29] Successfully fetched weather data: Array
(
    [temperature] => Array
        (
            [metric] => 15.4
            [imperial] => 59.72
        )

    [weatherCode] => 0
    [weatherText] => Clear sky
    [windSpeed] => Array
        (
            [metric] => 2.5
            [imperial] => 1.5534275
        )

    [humidity] => 71
    [precipitation] => Array
        (
            [probability] => 0
        )

    [isDayTime] => 
    [timestamp] => 2024-12-06 17:14:29
)

[2024-12-06 17:14:29] Successfully fetched weather data: Array
(
    [temperature] => Array
        (
            [metric] => 15.4
            [imperial] => 59.72
        )

    [weatherCode] => 0
    [weatherText] => Clear sky
    [windSpeed] => Array
        (
            [metric] => 2.5
            [imperial] => 1.5534275
        )

    [humidity] => 71
    [precipitation] => Array
        (
            [probability] => 0
        )

    [isDayTime] => 
    [timestamp] => 2024-12-06 17:14:29
)

[2024-12-06 17:14:29] Successfully fetched weather data: Array
(
    [temperature] => Array
        (
            [metric] => 15.4
            [imperial] => 59.72
        )

    [weatherCode] => 0
    [weatherText] => Clear sky
    [windSpeed] => Array
        (
            [metric] => 2.5
            [imperial] => 1.5534275
        )

    [humidity] => 71
    [precipitation] => Array
        (
            [probability] => 0
        )

    [isDayTime] => 
    [timestamp] => 2024-12-06 17:14:29
)

[2024-12-06 17:16:13] Weather table created or already exists
[2024-12-06 17:16:13] Requesting URL: https://api.open-meteo.com/v1/forecast?latitude=26.2406144&longitude=78.2041088&current=temperature_2m%2Crelative_humidity_2m%2Cweather_code%2Cwind_speed_10m%2Cis_day&timezone=auto&forecast_days=1
[2024-12-06 17:16:13] Successfully fetched weather data: Array
(
    [temperature] => Array
        (
            [metric] => 15.1
            [imperial] => 59.18
        )

    [weatherCode] => 0
    [weatherText] => Clear sky
    [windSpeed] => Array
        (
            [metric] => 2.5
            [imperial] => 1.5534275
        )

    [humidity] => 72
    [precipitation] => Array
        (
            [probability] => 0
        )

    [isDayTime] => 
    [timestamp] => 2024-12-06 17:16:13
)

[2024-12-06 17:18:51] Weather table created or already exists
[2024-12-06 17:18:51] Requesting URL: https://api.open-meteo.com/v1/forecast?latitude=26.2406144&longitude=78.2041088&current=temperature_2m%2Crelative_humidity_2m%2Cweather_code%2Cwind_speed_10m%2Cis_day&timezone=auto&forecast_days=1
[2024-12-06 17:18:52] Successfully fetched weather data: Array
(
    [temperature] => Array
        (
            [metric] => 15.1
            [imperial] => 59.18
        )

    [weatherCode] => 0
    [weatherText] => Clear sky
    [windSpeed] => Array
        (
            [metric] => 2.5
            [imperial] => 1.5534275
        )

    [humidity] => 72
    [precipitation] => Array
        (
            [probability] => 0
        )

    [isDayTime] => 
    [timestamp] => 2024-12-06 17:18:52
)

[2024-12-06 17:19:46] Weather table created or already exists
[2024-12-06 17:19:46] Requesting URL: https://api.open-meteo.com/v1/forecast?latitude=26.2406144&longitude=78.2041088&current=temperature_2m%2Crelative_humidity_2m%2Cweather_code%2Cwind_speed_10m%2Cis_day&timezone=auto&forecast_days=1
[2024-12-06 17:19:47] Successfully fetched weather data: Array
(
    [temperature] => Array
        (
            [metric] => 15.1
            [imperial] => 59.18
        )

    [weatherCode] => 0
    [weatherText] => Clear sky
    [windSpeed] => Array
        (
            [metric] => 2.5
            [imperial] => 1.5534275
        )

    [humidity] => 72
    [precipitation] => Array
        (
            [probability] => 0
        )

    [isDayTime] => 
    [timestamp] => 2024-12-06 17:19:47
)

[2024-12-06 17:20:31] Weather table created or already exists
[2024-12-06 17:20:31] Requesting URL: https://api.open-meteo.com/v1/forecast?latitude=26.2406144&longitude=78.2041088&current=temperature_2m%2Crelative_humidity_2m%2Cweather_code%2Cwind_speed_10m%2Cis_day&timezone=auto&forecast_days=1
[2024-12-06 17:20:32] Successfully fetched weather data: Array
(
    [temperature] => Array
        (
            [metric] => 15.1
            [imperial] => 59.18
        )

    [weatherCode] => 0
    [weatherText] => Clear sky
    [windSpeed] => Array
        (
            [metric] => 2.5
            [imperial] => 1.5534275
        )

    [humidity] => 72
    [precipitation] => Array
        (
            [probability] => 0
        )

    [isDayTime] => 
    [timestamp] => 2024-12-06 17:20:32
)

[2024-12-06 17:22:16] Weather table created or already exists
[2024-12-06 17:22:16] Requesting URL: https://api.open-meteo.com/v1/forecast?latitude=23.2365679&longitude=77.4882774&current=temperature_2m%2Crelative_humidity_2m%2Cweather_code%2Cwind_speed_10m%2Cis_day&timezone=auto&forecast_days=1
[2024-12-06 17:22:17] Successfully fetched weather data: Array
(
    [temperature] => Array
        (
            [metric] => 18.3
            [imperial] => 64.94
        )

    [weatherCode] => 1
    [weatherText] => Mainly clear
    [windSpeed] => Array
        (
            [metric] => 2.9
            [imperial] => 1.8019759
        )

    [humidity] => 80
    [precipitation] => Array
        (
            [probability] => 0
        )

    [isDayTime] => 
    [timestamp] => 2024-12-06 17:22:17
)

[2024-12-06 17:22:22] Weather table created or already exists
[2024-12-06 17:22:22] Requesting URL: https://api.open-meteo.com/v1/forecast?latitude=23.2365679&longitude=77.4882774&current=temperature_2m%2Crelative_humidity_2m%2Cweather_code%2Cwind_speed_10m%2Cis_day&timezone=auto&forecast_days=1
[2024-12-06 17:22:23] Successfully fetched weather data: Array
(
    [temperature] => Array
        (
            [metric] => 18.3
            [imperial] => 64.94
        )

    [weatherCode] => 1
    [weatherText] => Mainly clear
    [windSpeed] => Array
        (
            [metric] => 2.9
            [imperial] => 1.8019759
        )

    [humidity] => 80
    [precipitation] => Array
        (
            [probability] => 0
        )

    [isDayTime] => 
    [timestamp] => 2024-12-06 17:22:23
)

[2024-12-06 17:26:52] Weather table created or already exists
[2024-12-06 17:26:52] Requesting URL: https://api.open-meteo.com/v1/forecast?latitude=26.2406144&longitude=78.2041088&current=temperature_2m%2Crelative_humidity_2m%2Cweather_code%2Cwind_speed_10m%2Cis_day&timezone=auto&forecast_days=1
[2024-12-06 17:26:53] Successfully fetched weather data: Array
(
    [temperature] => Array
        (
            [metric] => 15.1
            [imperial] => 59.18
        )

    [weatherCode] => 0
    [weatherText] => Clear sky
    [windSpeed] => Array
        (
            [metric] => 2.5
            [imperial] => 1.5534275
        )

    [humidity] => 72
    [precipitation] => Array
        (
            [probability] => 0
        )

    [isDayTime] => 
    [timestamp] => 2024-12-06 17:26:53
)

[2024-12-06 17:38:50] Weather table created or already exists
[2024-12-06 17:38:50] Requesting URL: https://api.open-meteo.com/v1/forecast?latitude=26.2406144&longitude=78.2041088&current=temperature_2m%2Crelative_humidity_2m%2Cweather_code%2Cwind_speed_10m%2Cis_day&timezone=auto&forecast_days=1
[2024-12-06 17:38:51] Successfully fetched weather data: Array
(
    [temperature] => Array
        (
            [metric] => 14.8
            [imperial] => 58.64
        )

    [weatherCode] => 0
    [weatherText] => Clear sky
    [windSpeed] => Array
        (
            [metric] => 2.6
            [imperial] => 1.6155646
        )

    [humidity] => 73
    [precipitation] => Array
        (
            [probability] => 0
        )

    [isDayTime] => 
    [timestamp] => 2024-12-06 17:38:51
)

[2024-12-06 17:40:48] Weather table created or already exists
[2024-12-06 17:40:48] Requesting URL: https://api.open-meteo.com/v1/forecast?latitude=26.2406144&longitude=78.2041088&current=temperature_2m%2Crelative_humidity_2m%2Cweather_code%2Cwind_speed_10m%2Cis_day&timezone=auto&forecast_days=1
[2024-12-06 17:40:48] Successfully fetched weather data: Array
(
    [temperature] => Array
        (
            [metric] => 14.8
            [imperial] => 58.64
        )

    [weatherCode] => 0
    [weatherText] => Clear sky
    [windSpeed] => Array
        (
            [metric] => 2.6
            [imperial] => 1.6155646
        )

    [humidity] => 73
    [precipitation] => Array
        (
            [probability] => 0
        )

    [isDayTime] => 
    [timestamp] => 2024-12-06 17:40:48
)

[2024-12-06 17:40:55] Weather table created or already exists
[2024-12-06 17:40:55] Requesting URL: https://api.open-meteo.com/v1/forecast?latitude=26.2406144&longitude=78.2041088&current=temperature_2m%2Crelative_humidity_2m%2Cweather_code%2Cwind_speed_10m%2Cis_day&timezone=auto&forecast_days=1
[2024-12-06 17:40:56] Successfully fetched weather data: Array
(
    [temperature] => Array
        (
            [metric] => 14.8
            [imperial] => 58.64
        )

    [weatherCode] => 0
    [weatherText] => Clear sky
    [windSpeed] => Array
        (
            [metric] => 2.6
            [imperial] => 1.6155646
        )

    [humidity] => 73
    [precipitation] => Array
        (
            [probability] => 0
        )

    [isDayTime] => 
    [timestamp] => 2024-12-06 17:40:56
)

[2024-12-06 17:55:47] Weather table created or already exists
[2024-12-06 17:55:47] Requesting URL: https://api.open-meteo.com/v1/forecast?latitude=26.2406144&longitude=78.2041088&current=temperature_2m%2Crelative_humidity_2m%2Cweather_code%2Cwind_speed_10m%2Cis_day&timezone=auto&forecast_days=1
[2024-12-06 17:55:48] Successfully fetched weather data: Array
(
    [temperature] => Array
        (
            [metric] => 14.5
            [imperial] => 58.1
        )

    [weatherCode] => 0
    [weatherText] => Clear sky
    [windSpeed] => Array
        (
            [metric] => 3
            [imperial] => 1.864113
        )

    [humidity] => 73
    [precipitation] => Array
        (
            [probability] => 0
        )

    [isDayTime] => 
    [timestamp] => 2024-12-06 17:55:48
)

[2024-12-06 18:10:47] Weather table created or already exists
[2024-12-06 18:10:47] Requesting URL: https://api.open-meteo.com/v1/forecast?latitude=26.2406144&longitude=78.2041088&current=temperature_2m%2Crelative_humidity_2m%2Cweather_code%2Cwind_speed_10m%2Cis_day&timezone=auto&forecast_days=1
[2024-12-06 18:10:48] Successfully fetched weather data: Array
(
    [temperature] => Array
        (
            [metric] => 14.3
            [imperial] => 57.74
        )

    [weatherCode] => 0
    [weatherText] => Clear sky
    [windSpeed] => Array
        (
            [metric] => 3
            [imperial] => 1.864113
        )

    [humidity] => 74
    [precipitation] => Array
        (
            [probability] => 0
        )

    [isDayTime] => 
    [timestamp] => 2024-12-06 18:10:48
)

[2024-12-06 18:18:53] Weather table created or already exists
[2024-12-06 18:18:53] Requesting URL: https://api.open-meteo.com/v1/forecast?latitude=26.2406144&longitude=78.2041088&current=temperature_2m%2Crelative_humidity_2m%2Cweather_code%2Cwind_speed_10m%2Cis_day&timezone=auto&forecast_days=1
[2024-12-06 18:18:54] Successfully fetched weather data: Array
(
    [temperature] => Array
        (
            [metric] => 14.1
            [imperial] => 57.38
        )

    [weatherCode] => 0
    [weatherText] => Clear sky
    [windSpeed] => Array
        (
            [metric] => 3
            [imperial] => 1.864113
        )

    [humidity] => 75
    [precipitation] => Array
        (
            [probability] => 0
        )

    [isDayTime] => 
    [timestamp] => 2024-12-06 18:18:54
)

[2024-12-06 18:19:30] Weather table created or already exists
[2024-12-06 18:19:30] Requesting URL: https://api.open-meteo.com/v1/forecast?latitude=26.2406144&longitude=78.2041088&current=temperature_2m%2Crelative_humidity_2m%2Cweather_code%2Cwind_speed_10m%2Cis_day&timezone=auto&forecast_days=1
[2024-12-06 18:19:30] Successfully fetched weather data: Array
(
    [temperature] => Array
        (
            [metric] => 14.1
            [imperial] => 57.38
        )

    [weatherCode] => 0
    [weatherText] => Clear sky
    [windSpeed] => Array
        (
            [metric] => 3
            [imperial] => 1.864113
        )

    [humidity] => 75
    [precipitation] => Array
        (
            [probability] => 0
        )

    [isDayTime] => 
    [timestamp] => 2024-12-06 18:19:30
)

[2024-12-06 18:21:45] Weather table created or already exists
[2024-12-06 18:21:45] Requesting URL: https://api.open-meteo.com/v1/forecast?latitude=26.2406144&longitude=78.2041088&current=temperature_2m%2Crelative_humidity_2m%2Cweather_code%2Cwind_speed_10m%2Cis_day&timezone=auto&forecast_days=1
[2024-12-06 18:21:46] Successfully fetched weather data: Array
(
    [temperature] => Array
        (
            [metric] => 14.1
            [imperial] => 57.38
        )

    [weatherCode] => 0
    [weatherText] => Clear sky
    [windSpeed] => Array
        (
            [metric] => 3
            [imperial] => 1.864113
        )

    [humidity] => 75
    [precipitation] => Array
        (
            [probability] => 0
        )

    [isDayTime] => 
    [timestamp] => 2024-12-06 18:21:46
)

[2024-12-06 18:22:24] Weather table created or already exists
[2024-12-06 18:22:24] Requesting URL: https://api.open-meteo.com/v1/forecast?latitude=26.2406144&longitude=78.2041088&current=temperature_2m%2Crelative_humidity_2m%2Cweather_code%2Cwind_speed_10m%2Cis_day&timezone=auto&forecast_days=1
[2024-12-06 18:22:25] Successfully fetched weather data: Array
(
    [temperature] => Array
        (
            [metric] => 14.1
            [imperial] => 57.38
        )

    [weatherCode] => 0
    [weatherText] => Clear sky
    [windSpeed] => Array
        (
            [metric] => 3
            [imperial] => 1.864113
        )

    [humidity] => 75
    [precipitation] => Array
        (
            [probability] => 0
        )

    [isDayTime] => 
    [timestamp] => 2024-12-06 18:22:25
)

[2024-12-06 18:25:39] Weather table created or already exists
[2024-12-06 18:25:39] Requesting URL: https://api.open-meteo.com/v1/forecast?latitude=26.2406144&longitude=78.2041088&current=temperature_2m%2Crelative_humidity_2m%2Cweather_code%2Cwind_speed_10m%2Cis_day&timezone=auto&forecast_days=1
[2024-12-06 18:25:40] Successfully fetched weather data: Array
(
    [temperature] => Array
        (
            [metric] => 14.1
            [imperial] => 57.38
        )

    [weatherCode] => 0
    [weatherText] => Clear sky
    [windSpeed] => Array
        (
            [metric] => 3
            [imperial] => 1.864113
        )

    [humidity] => 75
    [precipitation] => Array
        (
            [probability] => 0
        )

    [isDayTime] => 
    [timestamp] => 2024-12-06 18:25:40
)

[2024-12-06 18:25:41] Weather table created or already exists
[2024-12-06 18:25:41] Requesting URL: https://api.open-meteo.com/v1/forecast?latitude=26.2406144&longitude=78.2041088&current=temperature_2m%2Crelative_humidity_2m%2Cweather_code%2Cwind_speed_10m%2Cis_day&timezone=auto&forecast_days=1
[2024-12-06 18:25:42] Successfully fetched weather data: Array
(
    [temperature] => Array
        (
            [metric] => 14.1
            [imperial] => 57.38
        )

    [weatherCode] => 0
    [weatherText] => Clear sky
    [windSpeed] => Array
        (
            [metric] => 3
            [imperial] => 1.864113
        )

    [humidity] => 75
    [precipitation] => Array
        (
            [probability] => 0
        )

    [isDayTime] => 
    [timestamp] => 2024-12-06 18:25:42
)

[2024-12-06 18:25:42] Weather table created or already exists
[2024-12-06 18:25:42] Requesting URL: https://api.open-meteo.com/v1/forecast?latitude=26.2406144&longitude=78.2041088&current=temperature_2m%2Crelative_humidity_2m%2Cweather_code%2Cwind_speed_10m%2Cis_day&timezone=auto&forecast_days=1
[2024-12-06 18:25:42] Successfully fetched weather data: Array
(
    [temperature] => Array
        (
            [metric] => 14.1
            [imperial] => 57.38
        )

    [weatherCode] => 0
    [weatherText] => Clear sky
    [windSpeed] => Array
        (
            [metric] => 3
            [imperial] => 1.864113
        )

    [humidity] => 75
    [precipitation] => Array
        (
            [probability] => 0
        )

    [isDayTime] => 
    [timestamp] => 2024-12-06 18:25:42
)

[2024-12-06 18:25:42] Weather table created or already exists
[2024-12-06 18:25:42] Requesting URL: https://api.open-meteo.com/v1/forecast?latitude=26.2406144&longitude=78.2041088&current=temperature_2m%2Crelative_humidity_2m%2Cweather_code%2Cwind_speed_10m%2Cis_day&timezone=auto&forecast_days=1
[2024-12-06 18:25:43] Successfully fetched weather data: Array
(
    [temperature] => Array
        (
            [metric] => 14.1
            [imperial] => 57.38
        )

    [weatherCode] => 0
    [weatherText] => Clear sky
    [windSpeed] => Array
        (
            [metric] => 3
            [imperial] => 1.864113
        )

    [humidity] => 75
    [precipitation] => Array
        (
            [probability] => 0
        )

    [isDayTime] => 
    [timestamp] => 2024-12-06 18:25:43
)

[2024-12-06 18:25:43] Weather table created or already exists
[2024-12-06 18:25:43] Requesting URL: https://api.open-meteo.com/v1/forecast?latitude=26.2406144&longitude=78.2041088&current=temperature_2m%2Crelative_humidity_2m%2Cweather_code%2Cwind_speed_10m%2Cis_day&timezone=auto&forecast_days=1
[2024-12-06 18:25:44] Successfully fetched weather data: Array
(
    [temperature] => Array
        (
            [metric] => 14.1
            [imperial] => 57.38
        )

    [weatherCode] => 0
    [weatherText] => Clear sky
    [windSpeed] => Array
        (
            [metric] => 3
            [imperial] => 1.864113
        )

    [humidity] => 75
    [precipitation] => Array
        (
            [probability] => 0
        )

    [isDayTime] => 
    [timestamp] => 2024-12-06 18:25:44
)

[2024-12-06 18:25:44] Weather table created or already exists
[2024-12-06 18:25:44] Requesting URL: https://api.open-meteo.com/v1/forecast?latitude=26.2406144&longitude=78.2041088&current=temperature_2m%2Crelative_humidity_2m%2Cweather_code%2Cwind_speed_10m%2Cis_day&timezone=auto&forecast_days=1
[2024-12-06 18:25:44] Successfully fetched weather data: Array
(
    [temperature] => Array
        (
            [metric] => 14.1
            [imperial] => 57.38
        )

    [weatherCode] => 0
    [weatherText] => Clear sky
    [windSpeed] => Array
        (
            [metric] => 3
            [imperial] => 1.864113
        )

    [humidity] => 75
    [precipitation] => Array
        (
            [probability] => 0
        )

    [isDayTime] => 
    [timestamp] => 2024-12-06 18:25:44
)

[2024-12-06 18:25:44] Weather table created or already exists
[2024-12-06 18:25:44] Requesting URL: https://api.open-meteo.com/v1/forecast?latitude=26.2406144&longitude=78.2041088&current=temperature_2m%2Crelative_humidity_2m%2Cweather_code%2Cwind_speed_10m%2Cis_day&timezone=auto&forecast_days=1
[2024-12-06 18:25:45] Successfully fetched weather data: Array
(
    [temperature] => Array
        (
            [metric] => 14.1
            [imperial] => 57.38
        )

    [weatherCode] => 0
    [weatherText] => Clear sky
    [windSpeed] => Array
        (
            [metric] => 3
            [imperial] => 1.864113
        )

    [humidity] => 75
    [precipitation] => Array
        (
            [probability] => 0
        )

    [isDayTime] => 
    [timestamp] => 2024-12-06 18:25:45
)

[2024-12-06 18:25:45] Weather table created or already exists
[2024-12-06 18:25:45] Requesting URL: https://api.open-meteo.com/v1/forecast?latitude=26.2406144&longitude=78.2041088&current=temperature_2m%2Crelative_humidity_2m%2Cweather_code%2Cwind_speed_10m%2Cis_day&timezone=auto&forecast_days=1
[2024-12-06 18:25:45] Successfully fetched weather data: Array
(
    [temperature] => Array
        (
            [metric] => 14.1
            [imperial] => 57.38
        )

    [weatherCode] => 0
    [weatherText] => Clear sky
    [windSpeed] => Array
        (
            [metric] => 3
            [imperial] => 1.864113
        )

    [humidity] => 75
    [precipitation] => Array
        (
            [probability] => 0
        )

    [isDayTime] => 
    [timestamp] => 2024-12-06 18:25:45
)

[2024-12-06 18:25:45] Weather table created or already exists
[2024-12-06 18:25:45] Requesting URL: https://api.open-meteo.com/v1/forecast?latitude=26.2406144&longitude=78.2041088&current=temperature_2m%2Crelative_humidity_2m%2Cweather_code%2Cwind_speed_10m%2Cis_day&timezone=auto&forecast_days=1
[2024-12-06 18:25:46] Successfully fetched weather data: Array
(
    [temperature] => Array
        (
            [metric] => 14.1
            [imperial] => 57.38
        )

    [weatherCode] => 0
    [weatherText] => Clear sky
    [windSpeed] => Array
        (
            [metric] => 3
            [imperial] => 1.864113
        )

    [humidity] => 75
    [precipitation] => Array
        (
            [probability] => 0
        )

    [isDayTime] => 
    [timestamp] => 2024-12-06 18:25:46
)

[2024-12-06 18:25:46] Weather table created or already exists
[2024-12-06 18:25:46] Requesting URL: https://api.open-meteo.com/v1/forecast?latitude=26.2406144&longitude=78.2041088&current=temperature_2m%2Crelative_humidity_2m%2Cweather_code%2Cwind_speed_10m%2Cis_day&timezone=auto&forecast_days=1
[2024-12-06 18:25:47] Successfully fetched weather data: Array
(
    [temperature] => Array
        (
            [metric] => 14.1
            [imperial] => 57.38
        )

    [weatherCode] => 0
    [weatherText] => Clear sky
    [windSpeed] => Array
        (
            [metric] => 3
            [imperial] => 1.864113
        )

    [humidity] => 75
    [precipitation] => Array
        (
            [probability] => 0
        )

    [isDayTime] => 
    [timestamp] => 2024-12-06 18:25:47
)

[2024-12-06 18:26:00] Weather table created or already exists
[2024-12-06 18:26:00] Requesting URL: https://api.open-meteo.com/v1/forecast?latitude=26.2406144&longitude=78.2041088&current=temperature_2m%2Crelative_humidity_2m%2Cweather_code%2Cwind_speed_10m%2Cis_day&timezone=auto&forecast_days=1
[2024-12-06 18:26:01] Successfully fetched weather data: Array
(
    [temperature] => Array
        (
            [metric] => 14.1
            [imperial] => 57.38
        )

    [weatherCode] => 0
    [weatherText] => Clear sky
    [windSpeed] => Array
        (
            [metric] => 3
            [imperial] => 1.864113
        )

    [humidity] => 75
    [precipitation] => Array
        (
            [probability] => 0
        )

    [isDayTime] => 
    [timestamp] => 2024-12-06 18:26:01
)

[2024-12-06 18:29:25] Weather table created or already exists
[2024-12-06 18:29:25] Requesting URL: https://api.open-meteo.com/v1/forecast?latitude=26.2406144&longitude=78.2041088&current=temperature_2m%2Crelative_humidity_2m%2Cweather_code%2Cwind_speed_10m%2Cis_day&timezone=auto&forecast_days=1
[2024-12-06 18:29:26] Successfully fetched weather data: Array
(
    [temperature] => Array
        (
            [metric] => 14.1
            [imperial] => 57.38
        )

    [weatherCode] => 0
    [weatherText] => Clear sky
    [windSpeed] => Array
        (
            [metric] => 3
            [imperial] => 1.864113
        )

    [humidity] => 75
    [precipitation] => Array
        (
            [probability] => 0
        )

    [isDayTime] => 
    [timestamp] => 2024-12-06 18:29:26
)

[2024-12-06 18:42:17] Weather table created or already exists
[2024-12-06 18:42:17] Requesting URL: https://api.open-meteo.com/v1/forecast?latitude=26.2406144&longitude=78.2041088&current=temperature_2m%2Crelative_humidity_2m%2Cweather_code%2Cwind_speed_10m%2Cis_day&timezone=auto&forecast_days=1
[2024-12-06 18:42:18] Successfully fetched weather data: Array
(
    [temperature] => Array
        (
            [metric] => 13.9
            [imperial] => 57.02
        )

    [weatherCode] => 0
    [weatherText] => Clear sky
    [windSpeed] => Array
        (
            [metric] => 3.4
            [imperial] => 2.1126614
        )

    [humidity] => 75
    [precipitation] => Array
        (
            [probability] => 0
        )

    [isDayTime] => 
    [timestamp] => 2024-12-06 18:42:18
)

[2024-12-06 18:42:24] Weather table created or already exists
[2024-12-06 18:42:24] Requesting URL: https://api.open-meteo.com/v1/forecast?latitude=26.2406144&longitude=78.2041088&current=temperature_2m%2Crelative_humidity_2m%2Cweather_code%2Cwind_speed_10m%2Cis_day&timezone=auto&forecast_days=1
[2024-12-06 18:42:24] Successfully fetched weather data: Array
(
    [temperature] => Array
        (
            [metric] => 13.9
            [imperial] => 57.02
        )

    [weatherCode] => 0
    [weatherText] => Clear sky
    [windSpeed] => Array
        (
            [metric] => 3.4
            [imperial] => 2.1126614
        )

    [humidity] => 75
    [precipitation] => Array
        (
            [probability] => 0
        )

    [isDayTime] => 
    [timestamp] => 2024-12-06 18:42:24
)

[2024-12-06 18:43:02] Weather table created or already exists
[2024-12-06 18:43:02] Requesting URL: https://api.open-meteo.com/v1/forecast?latitude=26.2406144&longitude=78.2041088&current=temperature_2m%2Crelative_humidity_2m%2Cweather_code%2Cwind_speed_10m%2Cis_day&timezone=auto&forecast_days=1
[2024-12-06 18:43:02] Successfully fetched weather data: Array
(
    [temperature] => Array
        (
            [metric] => 13.9
            [imperial] => 57.02
        )

    [weatherCode] => 0
    [weatherText] => Clear sky
    [windSpeed] => Array
        (
            [metric] => 3.4
            [imperial] => 2.1126614
        )

    [humidity] => 75
    [precipitation] => Array
        (
            [probability] => 0
        )

    [isDayTime] => 
    [timestamp] => 2024-12-06 18:43:02
)

[2024-12-06 18:44:09] Weather table created or already exists
[2024-12-06 18:44:09] Requesting URL: https://api.open-meteo.com/v1/forecast?latitude=26.2406144&longitude=78.2041088&current=temperature_2m%2Crelative_humidity_2m%2Cweather_code%2Cwind_speed_10m%2Cis_day&timezone=auto&forecast_days=1
[2024-12-06 18:44:10] Successfully fetched weather data: Array
(
    [temperature] => Array
        (
            [metric] => 13.9
            [imperial] => 57.02
        )

    [weatherCode] => 0
    [weatherText] => Clear sky
    [windSpeed] => Array
        (
            [metric] => 3.4
            [imperial] => 2.1126614
        )

    [humidity] => 75
    [precipitation] => Array
        (
            [probability] => 0
        )

    [isDayTime] => 
    [timestamp] => 2024-12-06 18:44:10
)

[2024-12-06 18:46:00] Weather table created or already exists
[2024-12-06 18:46:00] Requesting URL: https://api.open-meteo.com/v1/forecast?latitude=26.2406144&longitude=78.2041088&current=temperature_2m%2Crelative_humidity_2m%2Cweather_code%2Cwind_speed_10m%2Cis_day&timezone=auto&forecast_days=1
[2024-12-06 18:46:01] Successfully fetched weather data: Array
(
    [temperature] => Array
        (
            [metric] => 13.6
            [imperial] => 56.48
        )

    [weatherCode] => 0
    [weatherText] => Clear sky
    [windSpeed] => Array
        (
            [metric] => 3.4
            [imperial] => 2.1126614
        )

    [humidity] => 76
    [precipitation] => Array
        (
            [probability] => 0
        )

    [isDayTime] => 
    [timestamp] => 2024-12-06 18:46:01
)

[2024-12-06 18:48:38] Weather table created or already exists
[2024-12-06 18:48:38] Requesting URL: https://api.open-meteo.com/v1/forecast?latitude=26.2406144&longitude=78.2041088&current=temperature_2m%2Crelative_humidity_2m%2Cweather_code%2Cwind_speed_10m%2Cis_day&timezone=auto&forecast_days=1
[2024-12-06 18:48:39] Successfully fetched weather data: Array
(
    [temperature] => Array
        (
            [metric] => 13.6
            [imperial] => 56.48
        )

    [weatherCode] => 0
    [weatherText] => Clear sky
    [windSpeed] => Array
        (
            [metric] => 3.4
            [imperial] => 2.1126614
        )

    [humidity] => 76
    [precipitation] => Array
        (
            [probability] => 0
        )

    [isDayTime] => 
    [timestamp] => 2024-12-06 18:48:39
)

[2024-12-06 18:50:24] Weather table created or already exists
[2024-12-06 18:50:24] Requesting URL: https://api.open-meteo.com/v1/forecast?latitude=26.2406144&longitude=78.2041088&current=temperature_2m%2Crelative_humidity_2m%2Cweather_code%2Cwind_speed_10m%2Cis_day&timezone=auto&forecast_days=1
[2024-12-06 18:50:25] Successfully fetched weather data: Array
(
    [temperature] => Array
        (
            [metric] => 13.6
            [imperial] => 56.48
        )

    [weatherCode] => 0
    [weatherText] => Clear sky
    [windSpeed] => Array
        (
            [metric] => 3.4
            [imperial] => 2.1126614
        )

    [humidity] => 76
    [precipitation] => Array
        (
            [probability] => 0
        )

    [isDayTime] => 
    [timestamp] => 2024-12-06 18:50:25
)

[2024-12-06 19:05:25] Weather table created or already exists
[2024-12-06 19:05:25] Requesting URL: https://api.open-meteo.com/v1/forecast?latitude=26.2406144&longitude=78.2041088&current=temperature_2m%2Crelative_humidity_2m%2Cweather_code%2Cwind_speed_10m%2Cis_day&timezone=auto&forecast_days=1
[2024-12-06 19:05:26] Successfully fetched weather data: Array
(
    [temperature] => Array
        (
            [metric] => 13.5
            [imperial] => 56.3
        )

    [weatherCode] => 0
    [weatherText] => Clear sky
    [windSpeed] => Array
        (
            [metric] => 3.4
            [imperial] => 2.1126614
        )

    [humidity] => 76
    [precipitation] => Array
        (
            [probability] => 0
        )

    [isDayTime] => 
    [timestamp] => 2024-12-06 19:05:26
)

[2024-12-06 19:20:24] Weather table created or already exists
[2024-12-06 19:20:24] Requesting URL: https://api.open-meteo.com/v1/forecast?latitude=26.2406144&longitude=78.2041088&current=temperature_2m%2Crelative_humidity_2m%2Cweather_code%2Cwind_speed_10m%2Cis_day&timezone=auto&forecast_days=1
[2024-12-06 19:20:26] Successfully fetched weather data: Array
(
    [temperature] => Array
        (
            [metric] => 13.3
            [imperial] => 55.94
        )

    [weatherCode] => 0
    [weatherText] => Clear sky
    [windSpeed] => Array
        (
            [metric] => 3.4
            [imperial] => 2.1126614
        )

    [humidity] => 76
    [precipitation] => Array
        (
            [probability] => 0
        )

    [isDayTime] => 
    [timestamp] => 2024-12-06 19:20:26
)

[2024-12-06 19:20:40] Weather table created or already exists
[2024-12-06 19:20:40] Requesting URL: https://api.open-meteo.com/v1/forecast?latitude=26.2406144&longitude=78.2041088&current=temperature_2m%2Crelative_humidity_2m%2Cweather_code%2Cwind_speed_10m%2Cis_day&timezone=auto&forecast_days=1
[2024-12-06 19:20:42] Successfully fetched weather data: Array
(
    [temperature] => Array
        (
            [metric] => 13.3
            [imperial] => 55.94
        )

    [weatherCode] => 0
    [weatherText] => Clear sky
    [windSpeed] => Array
        (
            [metric] => 3.4
            [imperial] => 2.1126614
        )

    [humidity] => 76
    [precipitation] => Array
        (
            [probability] => 0
        )

    [isDayTime] => 
    [timestamp] => 2024-12-06 19:20:42
)

[2024-12-06 19:20:58] Weather table created or already exists
[2024-12-06 19:20:58] Requesting URL: https://api.open-meteo.com/v1/forecast?latitude=26.2406144&longitude=78.2041088&current=temperature_2m%2Crelative_humidity_2m%2Cweather_code%2Cwind_speed_10m%2Cis_day&timezone=auto&forecast_days=1
[2024-12-06 19:20:59] Successfully fetched weather data: Array
(
    [temperature] => Array
        (
            [metric] => 13.3
            [imperial] => 55.94
        )

    [weatherCode] => 0
    [weatherText] => Clear sky
    [windSpeed] => Array
        (
            [metric] => 3.4
            [imperial] => 2.1126614
        )

    [humidity] => 76
    [precipitation] => Array
        (
            [probability] => 0
        )

    [isDayTime] => 
    [timestamp] => 2024-12-06 19:20:59
)

[2024-12-06 19:21:04] Weather table created or already exists
[2024-12-06 19:21:04] Requesting URL: https://api.open-meteo.com/v1/forecast?latitude=26.2406144&longitude=78.2041088&current=temperature_2m%2Crelative_humidity_2m%2Cweather_code%2Cwind_speed_10m%2Cis_day&timezone=auto&forecast_days=1
[2024-12-06 19:21:06] Successfully fetched weather data: Array
(
    [temperature] => Array
        (
            [metric] => 13.3
            [imperial] => 55.94
        )

    [weatherCode] => 0
    [weatherText] => Clear sky
    [windSpeed] => Array
        (
            [metric] => 3.4
            [imperial] => 2.1126614
        )

    [humidity] => 76
    [precipitation] => Array
        (
            [probability] => 0
        )

    [isDayTime] => 
    [timestamp] => 2024-12-06 19:21:06
)

[2024-12-06 19:25:37] Weather table created or already exists
[2024-12-06 19:25:37] Requesting URL: https://api.open-meteo.com/v1/forecast?latitude=26.2406144&longitude=78.2041088&current=temperature_2m%2Crelative_humidity_2m%2Cweather_code%2Cwind_speed_10m%2Cis_day&timezone=auto&forecast_days=1
[2024-12-06 19:25:40] Successfully fetched weather data: Array
(
    [temperature] => Array
        (
            [metric] => 13.3
            [imperial] => 55.94
        )

    [weatherCode] => 0
    [weatherText] => Clear sky
    [windSpeed] => Array
        (
            [metric] => 3.4
            [imperial] => 2.1126614
        )

    [humidity] => 76
    [precipitation] => Array
        (
            [probability] => 0
        )

    [isDayTime] => 
    [timestamp] => 2024-12-06 19:25:40
)

[2024-12-06 19:29:07] Weather table created or already exists
[2024-12-06 19:29:07] Requesting URL: https://api.open-meteo.com/v1/forecast?latitude=26.2406144&longitude=78.2041088&current=temperature_2m%2Crelative_humidity_2m%2Cweather_code%2Cwind_speed_10m%2Cis_day&timezone=auto&forecast_days=1
[2024-12-06 19:29:15] Successfully fetched weather data: Array
(
    [temperature] => Array
        (
            [metric] => 13.3
            [imperial] => 55.94
        )

    [weatherCode] => 0
    [weatherText] => Clear sky
    [windSpeed] => Array
        (
            [metric] => 3.4
            [imperial] => 2.1126614
        )

    [humidity] => 76
    [precipitation] => Array
        (
            [probability] => 0
        )

    [isDayTime] => 
    [timestamp] => 2024-12-06 19:29:15
)

[2024-12-06 19:32:20] Weather table created or already exists
[2024-12-06 19:32:20] Requesting URL: https://api.open-meteo.com/v1/forecast?latitude=26.2406144&longitude=78.2041088&current=temperature_2m%2Crelative_humidity_2m%2Cweather_code%2Cwind_speed_10m%2Cis_day&timezone=auto&forecast_days=1
[2024-12-06 19:32:32] Successfully fetched weather data: Array
(
    [temperature] => Array
        (
            [metric] => 13.1
            [imperial] => 55.58
        )

    [weatherCode] => 0
    [weatherText] => Clear sky
    [windSpeed] => Array
        (
            [metric] => 3.4
            [imperial] => 2.1126614
        )

    [humidity] => 77
    [precipitation] => Array
        (
            [probability] => 0
        )

    [isDayTime] => 
    [timestamp] => 2024-12-06 19:32:32
)

[2024-12-06 19:34:32] Weather table created or already exists
[2024-12-06 19:34:32] Requesting URL: https://api.open-meteo.com/v1/forecast?latitude=23.2365609&longitude=77.4882793&current=temperature_2m%2Crelative_humidity_2m%2Cweather_code%2Cwind_speed_10m%2Cis_day&timezone=auto&forecast_days=1
[2024-12-06 19:34:34] Successfully fetched weather data: Array
(
    [temperature] => Array
        (
            [metric] => 17
            [imperial] => 62.6
        )

    [weatherCode] => 3
    [weatherText] => Overcast
    [windSpeed] => Array
        (
            [metric] => 2.9
            [imperial] => 1.8019759
        )

    [humidity] => 82
    [precipitation] => Array
        (
            [probability] => 0
        )

    [isDayTime] => 
    [timestamp] => 2024-12-06 19:34:34
)

[2024-12-06 19:34:39] Weather table created or already exists
[2024-12-06 19:34:39] Requesting URL: https://api.open-meteo.com/v1/forecast?latitude=23.2365609&longitude=77.4882793&current=temperature_2m%2Crelative_humidity_2m%2Cweather_code%2Cwind_speed_10m%2Cis_day&timezone=auto&forecast_days=1
[2024-12-06 19:34:40] Successfully fetched weather data: Array
(
    [temperature] => Array
        (
            [metric] => 17
            [imperial] => 62.6
        )

    [weatherCode] => 3
    [weatherText] => Overcast
    [windSpeed] => Array
        (
            [metric] => 2.9
            [imperial] => 1.8019759
        )

    [humidity] => 82
    [precipitation] => Array
        (
            [probability] => 0
        )

    [isDayTime] => 
    [timestamp] => 2024-12-06 19:34:40
)

[2024-12-06 19:44:12] Weather table created or already exists
[2024-12-06 19:44:12] Requesting URL: https://api.open-meteo.com/v1/forecast?latitude=26.2406144&longitude=78.2041088&current=temperature_2m%2Crelative_humidity_2m%2Cweather_code%2Cwind_speed_10m%2Cis_day&timezone=auto&forecast_days=1
[2024-12-06 19:44:15] Successfully fetched weather data: Array
(
    [temperature] => Array
        (
            [metric] => 13.1
            [imperial] => 55.58
        )

    [weatherCode] => 0
    [weatherText] => Clear sky
    [windSpeed] => Array
        (
            [metric] => 3.4
            [imperial] => 2.1126614
        )

    [humidity] => 77
    [precipitation] => Array
        (
            [probability] => 0
        )

    [isDayTime] => 
    [timestamp] => 2024-12-06 19:44:15
)

[2024-12-06 19:44:18] Weather table created or already exists
[2024-12-06 19:44:18] Requesting URL: https://api.open-meteo.com/v1/forecast?latitude=26.2406144&longitude=78.2041088&current=temperature_2m%2Crelative_humidity_2m%2Cweather_code%2Cwind_speed_10m%2Cis_day&timezone=auto&forecast_days=1
[2024-12-06 19:44:20] Successfully fetched weather data: Array
(
    [temperature] => Array
        (
            [metric] => 13.1
            [imperial] => 55.58
        )

    [weatherCode] => 0
    [weatherText] => Clear sky
    [windSpeed] => Array
        (
            [metric] => 3.4
            [imperial] => 2.1126614
        )

    [humidity] => 77
    [precipitation] => Array
        (
            [probability] => 0
        )

    [isDayTime] => 
    [timestamp] => 2024-12-06 19:44:20
)

[2024-12-06 19:44:26] Weather table created or already exists
[2024-12-06 19:44:26] Requesting URL: https://api.open-meteo.com/v1/forecast?latitude=26.2406144&longitude=78.2041088&current=temperature_2m%2Crelative_humidity_2m%2Cweather_code%2Cwind_speed_10m%2Cis_day&timezone=auto&forecast_days=1
[2024-12-06 19:44:27] Successfully fetched weather data: Array
(
    [temperature] => Array
        (
            [metric] => 13.1
            [imperial] => 55.58
        )

    [weatherCode] => 0
    [weatherText] => Clear sky
    [windSpeed] => Array
        (
            [metric] => 3.4
            [imperial] => 2.1126614
        )

    [humidity] => 77
    [precipitation] => Array
        (
            [probability] => 0
        )

    [isDayTime] => 
    [timestamp] => 2024-12-06 19:44:27
)

[2024-12-06 19:44:45] Weather table created or already exists
[2024-12-06 19:44:45] Requesting URL: https://api.open-meteo.com/v1/forecast?latitude=26.2406144&longitude=78.2041088&current=temperature_2m%2Crelative_humidity_2m%2Cweather_code%2Cwind_speed_10m%2Cis_day&timezone=auto&forecast_days=1
[2024-12-06 19:44:46] Successfully fetched weather data: Array
(
    [temperature] => Array
        (
            [metric] => 13.1
            [imperial] => 55.58
        )

    [weatherCode] => 0
    [weatherText] => Clear sky
    [windSpeed] => Array
        (
            [metric] => 3.4
            [imperial] => 2.1126614
        )

    [humidity] => 77
    [precipitation] => Array
        (
            [probability] => 0
        )

    [isDayTime] => 
    [timestamp] => 2024-12-06 19:44:46
)

[2024-12-06 19:44:47] Weather table created or already exists
[2024-12-06 19:44:47] Requesting URL: https://api.open-meteo.com/v1/forecast?latitude=26.2406144&longitude=78.2041088&current=temperature_2m%2Crelative_humidity_2m%2Cweather_code%2Cwind_speed_10m%2Cis_day&timezone=auto&forecast_days=1
[2024-12-06 19:44:49] Successfully fetched weather data: Array
(
    [temperature] => Array
        (
            [metric] => 13.1
            [imperial] => 55.58
        )

    [weatherCode] => 0
    [weatherText] => Clear sky
    [windSpeed] => Array
        (
            [metric] => 3.4
            [imperial] => 2.1126614
        )

    [humidity] => 77
    [precipitation] => Array
        (
            [probability] => 0
        )

    [isDayTime] => 
    [timestamp] => 2024-12-06 19:44:49
)

[2024-12-06 19:47:29] Weather table created or already exists
[2024-12-06 19:47:29] Requesting URL: https://api.open-meteo.com/v1/forecast?latitude=26.2406144&longitude=78.2041088&current=temperature_2m%2Crelative_humidity_2m%2Cweather_code%2Cwind_speed_10m%2Cis_day&timezone=auto&forecast_days=1
[2024-12-06 19:47:30] Successfully fetched weather data: Array
(
    [temperature] => Array
        (
            [metric] => 13
            [imperial] => 55.4
        )

    [weatherCode] => 0
    [weatherText] => Clear sky
    [windSpeed] => Array
        (
            [metric] => 3.4
            [imperial] => 2.1126614
        )

    [humidity] => 77
    [precipitation] => Array
        (
            [probability] => 0
        )

    [isDayTime] => 
    [timestamp] => 2024-12-06 19:47:30
)

[2024-12-06 19:47:35] Weather table created or already exists
[2024-12-06 19:47:35] Requesting URL: https://api.open-meteo.com/v1/forecast?latitude=26.2406144&longitude=78.2041088&current=temperature_2m%2Crelative_humidity_2m%2Cweather_code%2Cwind_speed_10m%2Cis_day&timezone=auto&forecast_days=1
[2024-12-06 19:47:48] Successfully fetched weather data: Array
(
    [temperature] => Array
        (
            [metric] => 13
            [imperial] => 55.4
        )

    [weatherCode] => 0
    [weatherText] => Clear sky
    [windSpeed] => Array
        (
            [metric] => 3.4
            [imperial] => 2.1126614
        )

    [humidity] => 77
    [precipitation] => Array
        (
            [probability] => 0
        )

    [isDayTime] => 
    [timestamp] => 2024-12-06 19:47:48
)

[2024-12-06 19:48:02] Weather table created or already exists
[2024-12-06 19:48:02] Requesting URL: https://api.open-meteo.com/v1/forecast?latitude=26.2406144&longitude=78.2041088&current=temperature_2m%2Crelative_humidity_2m%2Cweather_code%2Cwind_speed_10m%2Cis_day&timezone=auto&forecast_days=1
[2024-12-06 19:48:04] Successfully fetched weather data: Array
(
    [temperature] => Array
        (
            [metric] => 13
            [imperial] => 55.4
        )

    [weatherCode] => 0
    [weatherText] => Clear sky
    [windSpeed] => Array
        (
            [metric] => 3.4
            [imperial] => 2.1126614
        )

    [humidity] => 77
    [precipitation] => Array
        (
            [probability] => 0
        )

    [isDayTime] => 
    [timestamp] => 2024-12-06 19:48:04
)

[2024-12-06 19:48:08] Weather table created or already exists
[2024-12-06 19:48:08] Requesting URL: https://api.open-meteo.com/v1/forecast?latitude=26.2406144&longitude=78.2041088&current=temperature_2m%2Crelative_humidity_2m%2Cweather_code%2Cwind_speed_10m%2Cis_day&timezone=auto&forecast_days=1
[2024-12-06 19:48:09] Successfully fetched weather data: Array
(
    [temperature] => Array
        (
            [metric] => 13
            [imperial] => 55.4
        )

    [weatherCode] => 0
    [weatherText] => Clear sky
    [windSpeed] => Array
        (
            [metric] => 3.4
            [imperial] => 2.1126614
        )

    [humidity] => 77
    [precipitation] => Array
        (
            [probability] => 0
        )

    [isDayTime] => 
    [timestamp] => 2024-12-06 19:48:09
)

[2024-12-06 20:03:08] Weather table created or already exists
[2024-12-06 20:03:08] Requesting URL: https://api.open-meteo.com/v1/forecast?latitude=26.2406144&longitude=78.2041088&current=temperature_2m%2Crelative_humidity_2m%2Cweather_code%2Cwind_speed_10m%2Cis_day&timezone=auto&forecast_days=1
[2024-12-06 20:03:10] Successfully fetched weather data: Array
(
    [temperature] => Array
        (
            [metric] => 12.9
            [imperial] => 55.22
        )

    [weatherCode] => 0
    [weatherText] => Clear sky
    [windSpeed] => Array
        (
            [metric] => 3.4
            [imperial] => 2.1126614
        )

    [humidity] => 77
    [precipitation] => Array
        (
            [probability] => 0
        )

    [isDayTime] => 
    [timestamp] => 2024-12-06 20:03:10
)

[2024-12-06 20:03:54] Weather table created or already exists
[2024-12-06 20:03:54] Requesting URL: https://api.open-meteo.com/v1/forecast?latitude=26.2406144&longitude=78.2041088&current=temperature_2m%2Crelative_humidity_2m%2Cweather_code%2Cwind_speed_10m%2Cis_day&timezone=auto&forecast_days=1
[2024-12-06 20:03:56] Successfully fetched weather data: Array
(
    [temperature] => Array
        (
            [metric] => 12.9
            [imperial] => 55.22
        )

    [weatherCode] => 0
    [weatherText] => Clear sky
    [windSpeed] => Array
        (
            [metric] => 3.4
            [imperial] => 2.1126614
        )

    [humidity] => 77
    [precipitation] => Array
        (
            [probability] => 0
        )

    [isDayTime] => 
    [timestamp] => 2024-12-06 20:03:56
)

[2024-12-06 20:06:54] Weather table created or already exists
[2024-12-06 20:06:54] Requesting URL: https://api.open-meteo.com/v1/forecast?latitude=26.2406144&longitude=78.2041088&current=temperature_2m%2Crelative_humidity_2m%2Cweather_code%2Cwind_speed_10m%2Cis_day&timezone=auto&forecast_days=1
[2024-12-06 20:06:55] Successfully fetched weather data: Array
(
    [temperature] => Array
        (
            [metric] => 12.9
            [imperial] => 55.22
        )

    [weatherCode] => 0
    [weatherText] => Clear sky
    [windSpeed] => Array
        (
            [metric] => 3.4
            [imperial] => 2.1126614
        )

    [humidity] => 77
    [precipitation] => Array
        (
            [probability] => 0
        )

    [isDayTime] => 
    [timestamp] => 2024-12-06 20:06:55
)

[2024-12-06 20:06:55] Weather table created or already exists
[2024-12-06 20:06:55] Requesting URL: https://api.open-meteo.com/v1/forecast?latitude=26.2406144&longitude=78.2041088&current=temperature_2m%2Crelative_humidity_2m%2Cweather_code%2Cwind_speed_10m%2Cis_day&timezone=auto&forecast_days=1
[2024-12-06 20:06:56] Successfully fetched weather data: Array
(
    [temperature] => Array
        (
            [metric] => 12.9
            [imperial] => 55.22
        )

    [weatherCode] => 0
    [weatherText] => Clear sky
    [windSpeed] => Array
        (
            [metric] => 3.4
            [imperial] => 2.1126614
        )

    [humidity] => 77
    [precipitation] => Array
        (
            [probability] => 0
        )

    [isDayTime] => 
    [timestamp] => 2024-12-06 20:06:56
)

[2024-12-06 20:06:56] Weather table created or already exists
[2024-12-06 20:06:56] Requesting URL: https://api.open-meteo.com/v1/forecast?latitude=26.2406144&longitude=78.2041088&current=temperature_2m%2Crelative_humidity_2m%2Cweather_code%2Cwind_speed_10m%2Cis_day&timezone=auto&forecast_days=1
[2024-12-06 20:06:57] Successfully fetched weather data: Array
(
    [temperature] => Array
        (
            [metric] => 12.9
            [imperial] => 55.22
        )

    [weatherCode] => 0
    [weatherText] => Clear sky
    [windSpeed] => Array
        (
            [metric] => 3.4
            [imperial] => 2.1126614
        )

    [humidity] => 77
    [precipitation] => Array
        (
            [probability] => 0
        )

    [isDayTime] => 
    [timestamp] => 2024-12-06 20:06:57
)

[2024-12-06 20:06:57] Weather table created or already exists
[2024-12-06 20:06:57] Requesting URL: https://api.open-meteo.com/v1/forecast?latitude=26.2406144&longitude=78.2041088&current=temperature_2m%2Crelative_humidity_2m%2Cweather_code%2Cwind_speed_10m%2Cis_day&timezone=auto&forecast_days=1
[2024-12-06 20:06:58] Successfully fetched weather data: Array
(
    [temperature] => Array
        (
            [metric] => 12.9
            [imperial] => 55.22
        )

    [weatherCode] => 0
    [weatherText] => Clear sky
    [windSpeed] => Array
        (
            [metric] => 3.4
            [imperial] => 2.1126614
        )

    [humidity] => 77
    [precipitation] => Array
        (
            [probability] => 0
        )

    [isDayTime] => 
    [timestamp] => 2024-12-06 20:06:58
)

[2024-12-06 20:06:58] Weather table created or already exists
[2024-12-06 20:06:58] Requesting URL: https://api.open-meteo.com/v1/forecast?latitude=26.2406144&longitude=78.2041088&current=temperature_2m%2Crelative_humidity_2m%2Cweather_code%2Cwind_speed_10m%2Cis_day&timezone=auto&forecast_days=1
[2024-12-06 20:07:01] Successfully fetched weather data: Array
(
    [temperature] => Array
        (
            [metric] => 12.9
            [imperial] => 55.22
        )

    [weatherCode] => 0
    [weatherText] => Clear sky
    [windSpeed] => Array
        (
            [metric] => 3.4
            [imperial] => 2.1126614
        )

    [humidity] => 77
    [precipitation] => Array
        (
            [probability] => 0
        )

    [isDayTime] => 
    [timestamp] => 2024-12-06 20:07:01
)

[2024-12-06 20:07:01] Weather table created or already exists
[2024-12-06 20:07:01] Requesting URL: https://api.open-meteo.com/v1/forecast?latitude=26.2406144&longitude=78.2041088&current=temperature_2m%2Crelative_humidity_2m%2Cweather_code%2Cwind_speed_10m%2Cis_day&timezone=auto&forecast_days=1
[2024-12-06 20:07:02] Successfully fetched weather data: Array
(
    [temperature] => Array
        (
            [metric] => 12.9
            [imperial] => 55.22
        )

    [weatherCode] => 0
    [weatherText] => Clear sky
    [windSpeed] => Array
        (
            [metric] => 3.4
            [imperial] => 2.1126614
        )

    [humidity] => 77
    [precipitation] => Array
        (
            [probability] => 0
        )

    [isDayTime] => 
    [timestamp] => 2024-12-06 20:07:02
)

[2024-12-06 20:07:02] Weather table created or already exists
[2024-12-06 20:07:02] Requesting URL: https://api.open-meteo.com/v1/forecast?latitude=26.2406144&longitude=78.2041088&current=temperature_2m%2Crelative_humidity_2m%2Cweather_code%2Cwind_speed_10m%2Cis_day&timezone=auto&forecast_days=1
[2024-12-06 20:07:03] Successfully fetched weather data: Array
(
    [temperature] => Array
        (
            [metric] => 12.9
            [imperial] => 55.22
        )

    [weatherCode] => 0
    [weatherText] => Clear sky
    [windSpeed] => Array
        (
            [metric] => 3.4
            [imperial] => 2.1126614
        )

    [humidity] => 77
    [precipitation] => Array
        (
            [probability] => 0
        )

    [isDayTime] => 
    [timestamp] => 2024-12-06 20:07:03
)

[2024-12-06 20:11:11] Weather table created or already exists
[2024-12-06 20:11:11] Requesting URL: https://api.open-meteo.com/v1/forecast?latitude=26.2406144&longitude=78.2041088&current=temperature_2m%2Crelative_humidity_2m%2Cweather_code%2Cwind_speed_10m%2Cis_day&timezone=auto&forecast_days=1
[2024-12-06 20:11:13] Successfully fetched weather data: Array
(
    [temperature] => Array
        (
            [metric] => 12.9
            [imperial] => 55.22
        )

    [weatherCode] => 0
    [weatherText] => Clear sky
    [windSpeed] => Array
        (
            [metric] => 3.4
            [imperial] => 2.1126614
        )

    [humidity] => 77
    [precipitation] => Array
        (
            [probability] => 0
        )

    [isDayTime] => 
    [timestamp] => 2024-12-06 20:11:13
)

[2024-12-06 20:14:51] Weather table created or already exists
[2024-12-06 20:14:51] Requesting URL: https://api.open-meteo.com/v1/forecast?latitude=26.2406144&longitude=78.2041088&current=temperature_2m%2Crelative_humidity_2m%2Cweather_code%2Cwind_speed_10m%2Cis_day&timezone=auto&forecast_days=1
[2024-12-06 20:14:53] Successfully fetched weather data: Array
(
    [temperature] => Array
        (
            [metric] => 12.9
            [imperial] => 55.22
        )

    [weatherCode] => 0
    [weatherText] => Clear sky
    [windSpeed] => Array
        (
            [metric] => 3.4
            [imperial] => 2.1126614
        )

    [humidity] => 77
    [precipitation] => Array
        (
            [probability] => 0
        )

    [isDayTime] => 
    [timestamp] => 2024-12-06 20:14:53
)

[2024-12-06 20:18:37] Weather table created or already exists
[2024-12-06 20:18:37] Requesting URL: https://api.open-meteo.com/v1/forecast?latitude=26.2406144&longitude=78.2041088&current=temperature_2m%2Crelative_humidity_2m%2Cweather_code%2Cwind_speed_10m%2Cis_day&timezone=auto&forecast_days=1
[2024-12-06 20:18:40] Successfully fetched weather data: Array
(
    [temperature] => Array
        (
            [metric] => 12.8
            [imperial] => 55.04
        )

    [weatherCode] => 0
    [weatherText] => Clear sky
    [windSpeed] => Array
        (
            [metric] => 3.4
            [imperial] => 2.1126614
        )

    [humidity] => 77
    [precipitation] => Array
        (
            [probability] => 0
        )

    [isDayTime] => 
    [timestamp] => 2024-12-06 20:18:40
)

[2024-12-06 20:22:14] Weather table created or already exists
[2024-12-06 20:22:14] Requesting URL: https://api.open-meteo.com/v1/forecast?latitude=26.2406144&longitude=78.2041088&current=temperature_2m%2Crelative_humidity_2m%2Cweather_code%2Cwind_speed_10m%2Cis_day&timezone=auto&forecast_days=1
[2024-12-06 20:22:19] Successfully fetched weather data: Array
(
    [temperature] => Array
        (
            [metric] => 12.8
            [imperial] => 55.04
        )

    [weatherCode] => 0
    [weatherText] => Clear sky
    [windSpeed] => Array
        (
            [metric] => 3.4
            [imperial] => 2.1126614
        )

    [humidity] => 77
    [precipitation] => Array
        (
            [probability] => 0
        )

    [isDayTime] => 
    [timestamp] => 2024-12-06 20:22:19
)

[2024-12-06 20:26:43] Weather table created or already exists
[2024-12-06 20:26:43] Requesting URL: https://api.open-meteo.com/v1/forecast?latitude=26.2406144&longitude=78.2041088&current=temperature_2m%2Crelative_humidity_2m%2Cweather_code%2Cwind_speed_10m%2Cis_day&timezone=auto&forecast_days=1
[2024-12-06 20:26:45] Successfully fetched weather data: Array
(
    [temperature] => Array
        (
            [metric] => 12.8
            [imperial] => 55.04
        )

    [weatherCode] => 0
    [weatherText] => Clear sky
    [windSpeed] => Array
        (
            [metric] => 3.4
            [imperial] => 2.1126614
        )

    [humidity] => 77
    [precipitation] => Array
        (
            [probability] => 0
        )

    [isDayTime] => 
    [timestamp] => 2024-12-06 20:26:45
)

[2024-12-06 20:26:57] Weather table created or already exists
[2024-12-06 20:26:57] Requesting URL: https://api.open-meteo.com/v1/forecast?latitude=26.2406144&longitude=78.2041088&current=temperature_2m%2Crelative_humidity_2m%2Cweather_code%2Cwind_speed_10m%2Cis_day&timezone=auto&forecast_days=1
[2024-12-06 20:26:58] Successfully fetched weather data: Array
(
    [temperature] => Array
        (
            [metric] => 12.8
            [imperial] => 55.04
        )

    [weatherCode] => 0
    [weatherText] => Clear sky
    [windSpeed] => Array
        (
            [metric] => 3.4
            [imperial] => 2.1126614
        )

    [humidity] => 77
    [precipitation] => Array
        (
            [probability] => 0
        )

    [isDayTime] => 
    [timestamp] => 2024-12-06 20:26:58
)

[2024-12-06 20:33:03] Weather table created or already exists
[2024-12-06 20:33:03] Requesting URL: https://api.open-meteo.com/v1/forecast?latitude=26.2406144&longitude=78.2041088&current=temperature_2m%2Crelative_humidity_2m%2Cweather_code%2Cwind_speed_10m%2Cis_day&timezone=auto&forecast_days=1
[2024-12-06 20:33:05] Successfully fetched weather data: Array
(
    [temperature] => Array
        (
            [metric] => 12.6
            [imperial] => 54.68
        )

    [weatherCode] => 0
    [weatherText] => Clear sky
    [windSpeed] => Array
        (
            [metric] => 3.7
            [imperial] => 2.2990727
        )

    [humidity] => 77
    [precipitation] => Array
        (
            [probability] => 0
        )

    [isDayTime] => 
    [timestamp] => 2024-12-06 20:33:05
)

[2024-12-06 20:33:22] Weather table created or already exists
[2024-12-06 20:33:22] Requesting URL: https://api.open-meteo.com/v1/forecast?latitude=26.2406144&longitude=78.2041088&current=temperature_2m%2Crelative_humidity_2m%2Cweather_code%2Cwind_speed_10m%2Cis_day&timezone=auto&forecast_days=1
[2024-12-06 20:33:24] Successfully fetched weather data: Array
(
    [temperature] => Array
        (
            [metric] => 12.6
            [imperial] => 54.68
        )

    [weatherCode] => 0
    [weatherText] => Clear sky
    [windSpeed] => Array
        (
            [metric] => 3.7
            [imperial] => 2.2990727
        )

    [humidity] => 77
    [precipitation] => Array
        (
            [probability] => 0
        )

    [isDayTime] => 
    [timestamp] => 2024-12-06 20:33:24
)

[2024-12-06 20:33:30] Weather table created or already exists
[2024-12-06 20:33:30] Requesting URL: https://api.open-meteo.com/v1/forecast?latitude=26.2406144&longitude=78.2041088&current=temperature_2m%2Crelative_humidity_2m%2Cweather_code%2Cwind_speed_10m%2Cis_day&timezone=auto&forecast_days=1
[2024-12-06 20:33:32] Successfully fetched weather data: Array
(
    [temperature] => Array
        (
            [metric] => 12.6
            [imperial] => 54.68
        )

    [weatherCode] => 0
    [weatherText] => Clear sky
    [windSpeed] => Array
        (
            [metric] => 3.7
            [imperial] => 2.2990727
        )

    [humidity] => 77
    [precipitation] => Array
        (
            [probability] => 0
        )

    [isDayTime] => 
    [timestamp] => 2024-12-06 20:33:32
)

[2024-12-06 20:33:47] Weather table created or already exists
[2024-12-06 20:33:47] Requesting URL: https://api.open-meteo.com/v1/forecast?latitude=26.2406144&longitude=78.2041088&current=temperature_2m%2Crelative_humidity_2m%2Cweather_code%2Cwind_speed_10m%2Cis_day&timezone=auto&forecast_days=1
[2024-12-06 20:33:50] Successfully fetched weather data: Array
(
    [temperature] => Array
        (
            [metric] => 12.6
            [imperial] => 54.68
        )

    [weatherCode] => 0
    [weatherText] => Clear sky
    [windSpeed] => Array
        (
            [metric] => 3.7
            [imperial] => 2.2990727
        )

    [humidity] => 77
    [precipitation] => Array
        (
            [probability] => 0
        )

    [isDayTime] => 
    [timestamp] => 2024-12-06 20:33:50
)

[2024-12-06 20:34:24] Weather table created or already exists
[2024-12-06 20:34:24] Requesting URL: https://api.open-meteo.com/v1/forecast?latitude=26.2406144&longitude=78.2041088&current=temperature_2m%2Crelative_humidity_2m%2Cweather_code%2Cwind_speed_10m%2Cis_day&timezone=auto&forecast_days=1
[2024-12-06 20:34:26] Successfully fetched weather data: Array
(
    [temperature] => Array
        (
            [metric] => 12.6
            [imperial] => 54.68
        )

    [weatherCode] => 0
    [weatherText] => Clear sky
    [windSpeed] => Array
        (
            [metric] => 3.7
            [imperial] => 2.2990727
        )

    [humidity] => 77
    [precipitation] => Array
        (
            [probability] => 0
        )

    [isDayTime] => 
    [timestamp] => 2024-12-06 20:34:26
)

[2024-12-06 20:38:25] Weather table created or already exists
[2024-12-06 20:38:25] Requesting URL: https://api.open-meteo.com/v1/forecast?latitude=26.2406144&longitude=78.2041088&current=temperature_2m%2Crelative_humidity_2m%2Cweather_code%2Cwind_speed_10m%2Cis_day&timezone=auto&forecast_days=1
[2024-12-06 20:38:26] Successfully fetched weather data: Array
(
    [temperature] => Array
        (
            [metric] => 12.6
            [imperial] => 54.68
        )

    [weatherCode] => 0
    [weatherText] => Clear sky
    [windSpeed] => Array
        (
            [metric] => 3.7
            [imperial] => 2.2990727
        )

    [humidity] => 77
    [precipitation] => Array
        (
            [probability] => 0
        )

    [isDayTime] => 
    [timestamp] => 2024-12-06 20:38:26
)

[2024-12-06 20:38:39] Weather table created or already exists
[2024-12-06 20:38:39] Requesting URL: https://api.open-meteo.com/v1/forecast?latitude=26.2406144&longitude=78.2041088&current=temperature_2m%2Crelative_humidity_2m%2Cweather_code%2Cwind_speed_10m%2Cis_day&timezone=auto&forecast_days=1
[2024-12-06 20:38:40] Successfully fetched weather data: Array
(
    [temperature] => Array
        (
            [metric] => 12.6
            [imperial] => 54.68
        )

    [weatherCode] => 0
    [weatherText] => Clear sky
    [windSpeed] => Array
        (
            [metric] => 3.7
            [imperial] => 2.2990727
        )

    [humidity] => 77
    [precipitation] => Array
        (
            [probability] => 0
        )

    [isDayTime] => 
    [timestamp] => 2024-12-06 20:38:40
)

[2024-12-06 20:38:46] Weather table created or already exists
[2024-12-06 20:38:46] Requesting URL: https://api.open-meteo.com/v1/forecast?latitude=26.2406144&longitude=78.2041088&current=temperature_2m%2Crelative_humidity_2m%2Cweather_code%2Cwind_speed_10m%2Cis_day&timezone=auto&forecast_days=1
[2024-12-06 20:38:47] Successfully fetched weather data: Array
(
    [temperature] => Array
        (
            [metric] => 12.6
            [imperial] => 54.68
        )

    [weatherCode] => 0
    [weatherText] => Clear sky
    [windSpeed] => Array
        (
            [metric] => 3.7
            [imperial] => 2.2990727
        )

    [humidity] => 77
    [precipitation] => Array
        (
            [probability] => 0
        )

    [isDayTime] => 
    [timestamp] => 2024-12-06 20:38:47
)

[2024-12-06 20:39:12] Weather table created or already exists
[2024-12-06 20:39:12] Requesting URL: https://api.open-meteo.com/v1/forecast?latitude=26.2406144&longitude=78.2041088&current=temperature_2m%2Crelative_humidity_2m%2Cweather_code%2Cwind_speed_10m%2Cis_day&timezone=auto&forecast_days=1
[2024-12-06 20:39:12] Weather table created or already exists
[2024-12-06 20:39:12] Requesting URL: https://api.open-meteo.com/v1/forecast?latitude=26.2406144&longitude=78.2041088&current=temperature_2m%2Crelative_humidity_2m%2Cweather_code%2Cwind_speed_10m%2Cis_day&timezone=auto&forecast_days=1
[2024-12-06 20:39:14] Successfully fetched weather data: Array
(
    [temperature] => Array
        (
            [metric] => 12.6
            [imperial] => 54.68
        )

    [weatherCode] => 0
    [weatherText] => Clear sky
    [windSpeed] => Array
        (
            [metric] => 3.7
            [imperial] => 2.2990727
        )

    [humidity] => 77
    [precipitation] => Array
        (
            [probability] => 0
        )

    [isDayTime] => 
    [timestamp] => 2024-12-06 20:39:14
)

[2024-12-06 20:39:15] Successfully fetched weather data: Array
(
    [temperature] => Array
        (
            [metric] => 12.6
            [imperial] => 54.68
        )

    [weatherCode] => 0
    [weatherText] => Clear sky
    [windSpeed] => Array
        (
            [metric] => 3.7
            [imperial] => 2.2990727
        )

    [humidity] => 77
    [precipitation] => Array
        (
            [probability] => 0
        )

    [isDayTime] => 
    [timestamp] => 2024-12-06 20:39:15
)

[2024-12-06 20:39:29] Weather table created or already exists
[2024-12-06 20:39:29] Requesting URL: https://api.open-meteo.com/v1/forecast?latitude=26.2406144&longitude=78.2041088&current=temperature_2m%2Crelative_humidity_2m%2Cweather_code%2Cwind_speed_10m%2Cis_day&timezone=auto&forecast_days=1
[2024-12-06 20:39:30] Successfully fetched weather data: Array
(
    [temperature] => Array
        (
            [metric] => 12.6
            [imperial] => 54.68
        )

    [weatherCode] => 0
    [weatherText] => Clear sky
    [windSpeed] => Array
        (
            [metric] => 3.7
            [imperial] => 2.2990727
        )

    [humidity] => 77
    [precipitation] => Array
        (
            [probability] => 0
        )

    [isDayTime] => 
    [timestamp] => 2024-12-06 20:39:30
)

[2024-12-06 20:39:59] Weather table created or already exists
[2024-12-06 20:39:59] Requesting URL: https://api.open-meteo.com/v1/forecast?latitude=26.2406144&longitude=78.2041088&current=temperature_2m%2Crelative_humidity_2m%2Cweather_code%2Cwind_speed_10m%2Cis_day&timezone=auto&forecast_days=1
[2024-12-06 20:40:00] Successfully fetched weather data: Array
(
    [temperature] => Array
        (
            [metric] => 12.6
            [imperial] => 54.68
        )

    [weatherCode] => 0
    [weatherText] => Clear sky
    [windSpeed] => Array
        (
            [metric] => 3.7
            [imperial] => 2.2990727
        )

    [humidity] => 77
    [precipitation] => Array
        (
            [probability] => 0
        )

    [isDayTime] => 
    [timestamp] => 2024-12-06 20:40:00
)

[2024-12-06 20:41:45] Weather table created or already exists
[2024-12-06 20:41:45] Requesting URL: https://api.open-meteo.com/v1/forecast?latitude=26.2406144&longitude=78.2041088&current=temperature_2m%2Crelative_humidity_2m%2Cweather_code%2Cwind_speed_10m%2Cis_day&timezone=auto&forecast_days=1
[2024-12-06 20:41:56] Curl error: Could not resolve host: api.open-meteo.com
[2024-12-06 20:41:56] Error in getCurrentWeather: Curl error: Could not resolve host: api.open-meteo.com
[2024-12-06 20:41:56] Returning cached data
[2024-12-06 20:42:21] Weather table created or already exists
[2024-12-06 20:42:21] Requesting URL: https://api.open-meteo.com/v1/forecast?latitude=26.2406144&longitude=78.2041088&current=temperature_2m%2Crelative_humidity_2m%2Cweather_code%2Cwind_speed_10m%2Cis_day&timezone=auto&forecast_days=1
[2024-12-06 20:42:21] Curl error: Could not resolve host: api.open-meteo.com
[2024-12-06 20:42:21] Error in getCurrentWeather: Curl error: Could not resolve host: api.open-meteo.com
[2024-12-06 20:42:21] Returning cached data
[2024-12-06 20:56:38] Weather table created or already exists
[2024-12-06 20:56:38] Requesting URL: https://api.open-meteo.com/v1/forecast?latitude=26.2406144&longitude=78.2041088&current=temperature_2m%2Crelative_humidity_2m%2Cweather_code%2Cwind_speed_10m%2Cis_day&timezone=auto&forecast_days=1
[2024-12-06 20:56:39] Successfully fetched weather data: Array
(
    [temperature] => Array
        (
            [metric] => 12.6
            [imperial] => 54.68
        )

    [weatherCode] => 0
    [weatherText] => Clear sky
    [windSpeed] => Array
        (
            [metric] => 4
            [imperial] => 2.485484
        )

    [humidity] => 77
    [precipitation] => Array
        (
            [probability] => 0
        )

    [isDayTime] => 
    [timestamp] => 2024-12-06 20:56:39
)

[2024-12-07 04:42:55] Weather table created or already exists
[2024-12-07 04:42:55] Requesting URL: https://api.open-meteo.com/v1/forecast?latitude=23.2509783&longitude=77.5275351&current=temperature_2m%2Crelative_humidity_2m%2Cweather_code%2Cwind_speed_10m%2Cis_day&timezone=auto&forecast_days=1
[2024-12-07 04:42:57] Successfully fetched weather data: Array
(
    [temperature] => Array
        (
            [metric] => 18.7
            [imperial] => 65.66
        )

    [weatherCode] => 1
    [weatherText] => Mainly clear
    [windSpeed] => Array
        (
            [metric] => 4.1
            [imperial] => 2.5476211
        )

    [humidity] => 70
    [precipitation] => Array
        (
            [probability] => 0
        )

    [isDayTime] => 1
    [timestamp] => 2024-12-07 04:42:57
)

[2024-12-07 04:42:57] Weather table created or already exists
[2024-12-07 04:42:57] Requesting URL: https://api.open-meteo.com/v1/forecast?latitude=23.2509783&longitude=77.5275351&current=temperature_2m%2Crelative_humidity_2m%2Cweather_code%2Cwind_speed_10m%2Cis_day&timezone=auto&forecast_days=1
[2024-12-07 04:42:58] Successfully fetched weather data: Array
(
    [temperature] => Array
        (
            [metric] => 18.7
            [imperial] => 65.66
        )

    [weatherCode] => 1
    [weatherText] => Mainly clear
    [windSpeed] => Array
        (
            [metric] => 4.1
            [imperial] => 2.5476211
        )

    [humidity] => 70
    [precipitation] => Array
        (
            [probability] => 0
        )

    [isDayTime] => 1
    [timestamp] => 2024-12-07 04:42:58
)

[2024-12-07 04:45:55] Weather table created or already exists
[2024-12-07 04:45:55] Requesting URL: https://api.open-meteo.com/v1/forecast?latitude=23.2502503&longitude=77.5255525&current=temperature_2m%2Crelative_humidity_2m%2Cweather_code%2Cwind_speed_10m%2Cis_day&timezone=auto&forecast_days=1
[2024-12-07 04:45:55] Successfully fetched weather data: Array
(
    [temperature] => Array
        (
            [metric] => 19.5
            [imperial] => 67.1
        )

    [weatherCode] => 1
    [weatherText] => Mainly clear
    [windSpeed] => Array
        (
            [metric] => 4.8
            [imperial] => 2.9825808
        )

    [humidity] => 65
    [precipitation] => Array
        (
            [probability] => 0
        )

    [isDayTime] => 1
    [timestamp] => 2024-12-07 04:45:55
)

[2024-12-07 05:00:55] Weather table created or already exists
[2024-12-07 05:00:55] Requesting URL: https://api.open-meteo.com/v1/forecast?latitude=23.2502503&longitude=77.5255525&current=temperature_2m%2Crelative_humidity_2m%2Cweather_code%2Cwind_speed_10m%2Cis_day&timezone=auto&forecast_days=1
[2024-12-07 05:00:56] Successfully fetched weather data: Array
(
    [temperature] => Array
        (
            [metric] => 20.1
            [imperial] => 68.18
        )

    [weatherCode] => 1
    [weatherText] => Mainly clear
    [windSpeed] => Array
        (
            [metric] => 5.4
            [imperial] => 3.3554034
        )

    [humidity] => 62
    [precipitation] => Array
        (
            [probability] => 0
        )

    [isDayTime] => 1
    [timestamp] => 2024-12-07 05:00:56
)

[2024-12-07 05:06:42] Weather table created or already exists
[2024-12-07 05:06:42] Requesting URL: https://api.open-meteo.com/v1/forecast?latitude=23.2502586&longitude=77.5255473&current=temperature_2m%2Crelative_humidity_2m%2Cweather_code%2Cwind_speed_10m%2Cis_day&timezone=auto&forecast_days=1
[2024-12-07 05:06:43] Successfully fetched weather data: Array
(
    [temperature] => Array
        (
            [metric] => 20.1
            [imperial] => 68.18
        )

    [weatherCode] => 1
    [weatherText] => Mainly clear
    [windSpeed] => Array
        (
            [metric] => 5.4
            [imperial] => 3.3554034
        )

    [humidity] => 62
    [precipitation] => Array
        (
            [probability] => 0
        )

    [isDayTime] => 1
    [timestamp] => 2024-12-07 05:06:43
)

[2024-12-07 05:07:20] Weather table created or already exists
[2024-12-07 05:07:20] Requesting URL: https://api.open-meteo.com/v1/forecast?latitude=23.2502586&longitude=77.5255473&current=temperature_2m%2Crelative_humidity_2m%2Cweather_code%2Cwind_speed_10m%2Cis_day&timezone=auto&forecast_days=1
[2024-12-07 05:07:22] Successfully fetched weather data: Array
(
    [temperature] => Array
        (
            [metric] => 20.1
            [imperial] => 68.18
        )

    [weatherCode] => 1
    [weatherText] => Mainly clear
    [windSpeed] => Array
        (
            [metric] => 5.4
            [imperial] => 3.3554034
        )

    [humidity] => 62
    [precipitation] => Array
        (
            [probability] => 0
        )

    [isDayTime] => 1
    [timestamp] => 2024-12-07 05:07:22
)

[2024-12-07 05:07:29] Weather table created or already exists
[2024-12-07 05:07:29] Requesting URL: https://api.open-meteo.com/v1/forecast?latitude=23.2502586&longitude=77.5255473&current=temperature_2m%2Crelative_humidity_2m%2Cweather_code%2Cwind_speed_10m%2Cis_day&timezone=auto&forecast_days=1
[2024-12-07 05:07:30] Successfully fetched weather data: Array
(
    [temperature] => Array
        (
            [metric] => 20.1
            [imperial] => 68.18
        )

    [weatherCode] => 1
    [weatherText] => Mainly clear
    [windSpeed] => Array
        (
            [metric] => 5.4
            [imperial] => 3.3554034
        )

    [humidity] => 62
    [precipitation] => Array
        (
            [probability] => 0
        )

    [isDayTime] => 1
    [timestamp] => 2024-12-07 05:07:30
)

[2024-12-07 05:27:09] Weather table created or already exists
[2024-12-07 05:27:09] Requesting URL: https://api.open-meteo.com/v1/forecast?latitude=23.2502525&longitude=77.5255543&current=temperature_2m%2Crelative_humidity_2m%2Cweather_code%2Cwind_speed_10m%2Cis_day&timezone=auto&forecast_days=1
[2024-12-07 05:27:10] Successfully fetched weather data: Array
(
    [temperature] => Array
        (
            [metric] => 20.9
            [imperial] => 69.62
        )

    [weatherCode] => 1
    [weatherText] => Mainly clear
    [windSpeed] => Array
        (
            [metric] => 5.9
            [imperial] => 3.6660889
        )

    [humidity] => 59
    [precipitation] => Array
        (
            [probability] => 0
        )

    [isDayTime] => 1
    [timestamp] => 2024-12-07 05:27:10
)

[2024-12-07 05:28:27] Weather table created or already exists
[2024-12-07 05:28:27] Requesting URL: https://api.open-meteo.com/v1/forecast?latitude=23.250253&longitude=77.5255543&current=temperature_2m%2Crelative_humidity_2m%2Cweather_code%2Cwind_speed_10m%2Cis_day&timezone=auto&forecast_days=1
[2024-12-07 05:28:27] Successfully fetched weather data: Array
(
    [temperature] => Array
        (
            [metric] => 20.9
            [imperial] => 69.62
        )

    [weatherCode] => 1
    [weatherText] => Mainly clear
    [windSpeed] => Array
        (
            [metric] => 5.9
            [imperial] => 3.6660889
        )

    [humidity] => 59
    [precipitation] => Array
        (
            [probability] => 0
        )

    [isDayTime] => 1
    [timestamp] => 2024-12-07 05:28:27
)

[2024-12-07 05:30:20] Weather table created or already exists
[2024-12-07 05:30:20] Requesting URL: https://api.open-meteo.com/v1/forecast?latitude=23.2502505&longitude=77.5255526&current=temperature_2m%2Crelative_humidity_2m%2Cweather_code%2Cwind_speed_10m%2Cis_day&timezone=auto&forecast_days=1
[2024-12-07 05:30:20] Successfully fetched weather data: Array
(
    [temperature] => Array
        (
            [metric] => 21.5
            [imperial] => 70.7
        )

    [weatherCode] => 1
    [weatherText] => Mainly clear
    [windSpeed] => Array
        (
            [metric] => 6.6
            [imperial] => 4.1010486
        )

    [humidity] => 57
    [precipitation] => Array
        (
            [probability] => 0
        )

    [isDayTime] => 1
    [timestamp] => 2024-12-07 05:30:20
)

[2024-12-07 05:30:31] Weather table created or already exists
[2024-12-07 05:30:31] Requesting URL: https://api.open-meteo.com/v1/forecast?latitude=23.2502558&longitude=77.5255561&current=temperature_2m%2Crelative_humidity_2m%2Cweather_code%2Cwind_speed_10m%2Cis_day&timezone=auto&forecast_days=1
[2024-12-07 05:30:32] Successfully fetched weather data: Array
(
    [temperature] => Array
        (
            [metric] => 21.5
            [imperial] => 70.7
        )

    [weatherCode] => 1
    [weatherText] => Mainly clear
    [windSpeed] => Array
        (
            [metric] => 6.6
            [imperial] => 4.1010486
        )

    [humidity] => 57
    [precipitation] => Array
        (
            [probability] => 0
        )

    [isDayTime] => 1
    [timestamp] => 2024-12-07 05:30:32
)

[2024-12-07 05:30:52] Weather table created or already exists
[2024-12-07 05:30:52] Requesting URL: https://api.open-meteo.com/v1/forecast?latitude=23.2502558&longitude=77.5255561&current=temperature_2m%2Crelative_humidity_2m%2Cweather_code%2Cwind_speed_10m%2Cis_day&timezone=auto&forecast_days=1
[2024-12-07 05:30:53] Successfully fetched weather data: Array
(
    [temperature] => Array
        (
            [metric] => 21.5
            [imperial] => 70.7
        )

    [weatherCode] => 1
    [weatherText] => Mainly clear
    [windSpeed] => Array
        (
            [metric] => 6.6
            [imperial] => 4.1010486
        )

    [humidity] => 57
    [precipitation] => Array
        (
            [probability] => 0
        )

    [isDayTime] => 1
    [timestamp] => 2024-12-07 05:30:53
)

[2024-12-07 05:35:32] Weather table created or already exists
[2024-12-07 05:35:32] Requesting URL: https://api.open-meteo.com/v1/forecast?latitude=23.2502561&longitude=77.5255503&current=temperature_2m%2Crelative_humidity_2m%2Cweather_code%2Cwind_speed_10m%2Cis_day&timezone=auto&forecast_days=1
[2024-12-07 05:35:32] Successfully fetched weather data: Array
(
    [temperature] => Array
        (
            [metric] => 21.5
            [imperial] => 70.7
        )

    [weatherCode] => 1
    [weatherText] => Mainly clear
    [windSpeed] => Array
        (
            [metric] => 6.6
            [imperial] => 4.1010486
        )

    [humidity] => 57
    [precipitation] => Array
        (
            [probability] => 0
        )

    [isDayTime] => 1
    [timestamp] => 2024-12-07 05:35:32
)

[2024-12-07 05:35:38] Weather table created or already exists
[2024-12-07 05:35:38] Requesting URL: https://api.open-meteo.com/v1/forecast?latitude=23.2502561&longitude=77.5255503&current=temperature_2m%2Crelative_humidity_2m%2Cweather_code%2Cwind_speed_10m%2Cis_day&timezone=auto&forecast_days=1
[2024-12-07 05:35:39] Successfully fetched weather data: Array
(
    [temperature] => Array
        (
            [metric] => 21.5
            [imperial] => 70.7
        )

    [weatherCode] => 1
    [weatherText] => Mainly clear
    [windSpeed] => Array
        (
            [metric] => 6.6
            [imperial] => 4.1010486
        )

    [humidity] => 57
    [precipitation] => Array
        (
            [probability] => 0
        )

    [isDayTime] => 1
    [timestamp] => 2024-12-07 05:35:39
)

[2024-12-07 05:35:53] Weather table created or already exists
[2024-12-07 05:35:53] Requesting URL: https://api.open-meteo.com/v1/forecast?latitude=23.2502561&longitude=77.5255503&current=temperature_2m%2Crelative_humidity_2m%2Cweather_code%2Cwind_speed_10m%2Cis_day&timezone=auto&forecast_days=1
[2024-12-07 05:35:54] Weather table created or already exists
[2024-12-07 05:35:54] Requesting URL: https://api.open-meteo.com/v1/forecast?latitude=23.2502561&longitude=77.5255503&current=temperature_2m%2Crelative_humidity_2m%2Cweather_code%2Cwind_speed_10m%2Cis_day&timezone=auto&forecast_days=1
[2024-12-07 05:35:54] Weather table created or already exists
[2024-12-07 05:35:54] Requesting URL: https://api.open-meteo.com/v1/forecast?latitude=23.2502561&longitude=77.5255503&current=temperature_2m%2Crelative_humidity_2m%2Cweather_code%2Cwind_speed_10m%2Cis_day&timezone=auto&forecast_days=1
[2024-12-07 05:35:54] Weather table created or already exists
[2024-12-07 05:35:54] Requesting URL: https://api.open-meteo.com/v1/forecast?latitude=23.2502561&longitude=77.5255503&current=temperature_2m%2Crelative_humidity_2m%2Cweather_code%2Cwind_speed_10m%2Cis_day&timezone=auto&forecast_days=1
[2024-12-07 05:35:54] Successfully fetched weather data: Array
(
    [temperature] => Array
        (
            [metric] => 21.5
            [imperial] => 70.7
        )

    [weatherCode] => 1
    [weatherText] => Mainly clear
    [windSpeed] => Array
        (
            [metric] => 6.6
            [imperial] => 4.1010486
        )

    [humidity] => 57
    [precipitation] => Array
        (
            [probability] => 0
        )

    [isDayTime] => 1
    [timestamp] => 2024-12-07 05:35:54
)

[2024-12-07 05:35:54] Weather table created or already exists
[2024-12-07 05:35:54] Requesting URL: https://api.open-meteo.com/v1/forecast?latitude=23.2502561&longitude=77.5255503&current=temperature_2m%2Crelative_humidity_2m%2Cweather_code%2Cwind_speed_10m%2Cis_day&timezone=auto&forecast_days=1
[2024-12-07 05:35:54] Successfully fetched weather data: Array
(
    [temperature] => Array
        (
            [metric] => 21.5
            [imperial] => 70.7
        )

    [weatherCode] => 1
    [weatherText] => Mainly clear
    [windSpeed] => Array
        (
            [metric] => 6.6
            [imperial] => 4.1010486
        )

    [humidity] => 57
    [precipitation] => Array
        (
            [probability] => 0
        )

    [isDayTime] => 1
    [timestamp] => 2024-12-07 05:35:54
)

[2024-12-07 05:35:54] Weather table created or already exists
[2024-12-07 05:35:54] Requesting URL: https://api.open-meteo.com/v1/forecast?latitude=23.2502561&longitude=77.5255503&current=temperature_2m%2Crelative_humidity_2m%2Cweather_code%2Cwind_speed_10m%2Cis_day&timezone=auto&forecast_days=1
[2024-12-07 05:35:54] Successfully fetched weather data: Array
(
    [temperature] => Array
        (
            [metric] => 21.5
            [imperial] => 70.7
        )

    [weatherCode] => 1
    [weatherText] => Mainly clear
    [windSpeed] => Array
        (
            [metric] => 6.6
            [imperial] => 4.1010486
        )

    [humidity] => 57
    [precipitation] => Array
        (
            [probability] => 0
        )

    [isDayTime] => 1
    [timestamp] => 2024-12-07 05:35:54
)

[2024-12-07 05:35:54] Weather table created or already exists
[2024-12-07 05:35:54] Requesting URL: https://api.open-meteo.com/v1/forecast?latitude=23.2502561&longitude=77.5255503&current=temperature_2m%2Crelative_humidity_2m%2Cweather_code%2Cwind_speed_10m%2Cis_day&timezone=auto&forecast_days=1
[2024-12-07 05:35:54] Successfully fetched weather data: Array
(
    [temperature] => Array
        (
            [metric] => 21.5
            [imperial] => 70.7
        )

    [weatherCode] => 1
    [weatherText] => Mainly clear
    [windSpeed] => Array
        (
            [metric] => 6.6
            [imperial] => 4.1010486
        )

    [humidity] => 57
    [precipitation] => Array
        (
            [probability] => 0
        )

    [isDayTime] => 1
    [timestamp] => 2024-12-07 05:35:54
)

[2024-12-07 05:35:55] Successfully fetched weather data: Array
(
    [temperature] => Array
        (
            [metric] => 21.5
            [imperial] => 70.7
        )

    [weatherCode] => 1
    [weatherText] => Mainly clear
    [windSpeed] => Array
        (
            [metric] => 6.6
            [imperial] => 4.1010486
        )

    [humidity] => 57
    [precipitation] => Array
        (
            [probability] => 0
        )

    [isDayTime] => 1
    [timestamp] => 2024-12-07 05:35:55
)

[2024-12-07 05:35:55] Successfully fetched weather data: Array
(
    [temperature] => Array
        (
            [metric] => 21.5
            [imperial] => 70.7
        )

    [weatherCode] => 1
    [weatherText] => Mainly clear
    [windSpeed] => Array
        (
            [metric] => 6.6
            [imperial] => 4.1010486
        )

    [humidity] => 57
    [precipitation] => Array
        (
            [probability] => 0
        )

    [isDayTime] => 1
    [timestamp] => 2024-12-07 05:35:55
)

[2024-12-07 05:35:55] Successfully fetched weather data: Array
(
    [temperature] => Array
        (
            [metric] => 21.5
            [imperial] => 70.7
        )

    [weatherCode] => 1
    [weatherText] => Mainly clear
    [windSpeed] => Array
        (
            [metric] => 6.6
            [imperial] => 4.1010486
        )

    [humidity] => 57
    [precipitation] => Array
        (
            [probability] => 0
        )

    [isDayTime] => 1
    [timestamp] => 2024-12-07 05:35:55
)

[2024-12-07 05:37:56] Weather table created or already exists
[2024-12-07 05:37:56] Requesting URL: https://api.open-meteo.com/v1/forecast?latitude=23.2502498&longitude=77.5255553&current=temperature_2m%2Crelative_humidity_2m%2Cweather_code%2Cwind_speed_10m%2Cis_day&timezone=auto&forecast_days=1
[2024-12-07 05:37:56] Successfully fetched weather data: Array
(
    [temperature] => Array
        (
            [metric] => 21.5
            [imperial] => 70.7
        )

    [weatherCode] => 1
    [weatherText] => Mainly clear
    [windSpeed] => Array
        (
            [metric] => 6.6
            [imperial] => 4.1010486
        )

    [humidity] => 57
    [precipitation] => Array
        (
            [probability] => 0
        )

    [isDayTime] => 1
    [timestamp] => 2024-12-07 05:37:56
)

[2024-12-07 05:39:26] Weather table created or already exists
[2024-12-07 05:39:26] Requesting URL: https://api.open-meteo.com/v1/forecast?latitude=23.250249&longitude=77.5255545&current=temperature_2m%2Crelative_humidity_2m%2Cweather_code%2Cwind_speed_10m%2Cis_day&timezone=auto&forecast_days=1
[2024-12-07 05:39:26] Successfully fetched weather data: Array
(
    [temperature] => Array
        (
            [metric] => 21.5
            [imperial] => 70.7
        )

    [weatherCode] => 1
    [weatherText] => Mainly clear
    [windSpeed] => Array
        (
            [metric] => 6.6
            [imperial] => 4.1010486
        )

    [humidity] => 57
    [precipitation] => Array
        (
            [probability] => 0
        )

    [isDayTime] => 1
    [timestamp] => 2024-12-07 05:39:26
)

[2024-12-07 05:40:02] Weather table created or already exists
[2024-12-07 05:40:02] Requesting URL: https://api.open-meteo.com/v1/forecast?latitude=23.2502492&longitude=77.5255482&current=temperature_2m%2Crelative_humidity_2m%2Cweather_code%2Cwind_speed_10m%2Cis_day&timezone=auto&forecast_days=1
[2024-12-07 05:40:02] Successfully fetched weather data: Array
(
    [temperature] => Array
        (
            [metric] => 21.5
            [imperial] => 70.7
        )

    [weatherCode] => 1
    [weatherText] => Mainly clear
    [windSpeed] => Array
        (
            [metric] => 6.6
            [imperial] => 4.1010486
        )

    [humidity] => 57
    [precipitation] => Array
        (
            [probability] => 0
        )

    [isDayTime] => 1
    [timestamp] => 2024-12-07 05:40:02
)

[2024-12-07 05:40:16] Weather table created or already exists
[2024-12-07 05:40:16] Requesting URL: https://api.open-meteo.com/v1/forecast?latitude=23.2502492&longitude=77.5255482&current=temperature_2m%2Crelative_humidity_2m%2Cweather_code%2Cwind_speed_10m%2Cis_day&timezone=auto&forecast_days=1
[2024-12-07 05:40:17] Successfully fetched weather data: Array
(
    [temperature] => Array
        (
            [metric] => 21.5
            [imperial] => 70.7
        )

    [weatherCode] => 1
    [weatherText] => Mainly clear
    [windSpeed] => Array
        (
            [metric] => 6.6
            [imperial] => 4.1010486
        )

    [humidity] => 57
    [precipitation] => Array
        (
            [probability] => 0
        )

    [isDayTime] => 1
    [timestamp] => 2024-12-07 05:40:17
)

[2024-12-07 06:07:21] Weather table created or already exists
[2024-12-07 06:07:21] Requesting URL: https://api.open-meteo.com/v1/forecast?latitude=23.250258&longitude=77.5255562&current=temperature_2m%2Crelative_humidity_2m%2Cweather_code%2Cwind_speed_10m%2Cis_day&timezone=auto&forecast_days=1
[2024-12-07 06:07:22] Successfully fetched weather data: Array
(
    [temperature] => Array
        (
            [metric] => 22.3
            [imperial] => 72.14
        )

    [weatherCode] => 2
    [weatherText] => Partly cloudy
    [windSpeed] => Array
        (
            [metric] => 7.6
            [imperial] => 4.7224196
        )

    [humidity] => 54
    [precipitation] => Array
        (
            [probability] => 0
        )

    [isDayTime] => 1
    [timestamp] => 2024-12-07 06:07:22
)

[2024-12-07 06:07:50] Weather table created or already exists
[2024-12-07 06:07:50] Requesting URL: https://api.open-meteo.com/v1/forecast?latitude=23.2502546&longitude=77.5255552&current=temperature_2m%2Crelative_humidity_2m%2Cweather_code%2Cwind_speed_10m%2Cis_day&timezone=auto&forecast_days=1
[2024-12-07 06:07:50] Successfully fetched weather data: Array
(
    [temperature] => Array
        (
            [metric] => 22.3
            [imperial] => 72.14
        )

    [weatherCode] => 2
    [weatherText] => Partly cloudy
    [windSpeed] => Array
        (
            [metric] => 7.6
            [imperial] => 4.7224196
        )

    [humidity] => 54
    [precipitation] => Array
        (
            [probability] => 0
        )

    [isDayTime] => 1
    [timestamp] => 2024-12-07 06:07:50
)

[2024-12-07 06:18:32] Weather table created or already exists
[2024-12-07 06:18:32] Requesting URL: https://api.open-meteo.com/v1/forecast?latitude=23.2502524&longitude=77.5255526&current=temperature_2m%2Crelative_humidity_2m%2Cweather_code%2Cwind_speed_10m%2Cis_day&timezone=auto&forecast_days=1
[2024-12-07 06:18:32] Successfully fetched weather data: Array
(
    [temperature] => Array
        (
            [metric] => 22.8
            [imperial] => 73.04
        )

    [weatherCode] => 2
    [weatherText] => Partly cloudy
    [windSpeed] => Array
        (
            [metric] => 7.9
            [imperial] => 4.9088309
        )

    [humidity] => 53
    [precipitation] => Array
        (
            [probability] => 0
        )

    [isDayTime] => 1
    [timestamp] => 2024-12-07 06:18:32
)

[2024-12-07 06:21:54] Weather table created or already exists
[2024-12-07 06:21:54] Requesting URL: https://api.open-meteo.com/v1/forecast?latitude=23.2502524&longitude=77.5255526&current=temperature_2m%2Crelative_humidity_2m%2Cweather_code%2Cwind_speed_10m%2Cis_day&timezone=auto&forecast_days=1
[2024-12-07 06:21:54] Successfully fetched weather data: Array
(
    [temperature] => Array
        (
            [metric] => 22.8
            [imperial] => 73.04
        )

    [weatherCode] => 2
    [weatherText] => Partly cloudy
    [windSpeed] => Array
        (
            [metric] => 7.9
            [imperial] => 4.9088309
        )

    [humidity] => 53
    [precipitation] => Array
        (
            [probability] => 0
        )

    [isDayTime] => 1
    [timestamp] => 2024-12-07 06:21:54
)

[2024-12-07 06:22:35] Weather table created or already exists
[2024-12-07 06:22:35] Requesting URL: https://api.open-meteo.com/v1/forecast?latitude=23.2502524&longitude=77.5255526&current=temperature_2m%2Crelative_humidity_2m%2Cweather_code%2Cwind_speed_10m%2Cis_day&timezone=auto&forecast_days=1
[2024-12-07 06:22:36] Successfully fetched weather data: Array
(
    [temperature] => Array
        (
            [metric] => 22.8
            [imperial] => 73.04
        )

    [weatherCode] => 2
    [weatherText] => Partly cloudy
    [windSpeed] => Array
        (
            [metric] => 7.9
            [imperial] => 4.9088309
        )

    [humidity] => 53
    [precipitation] => Array
        (
            [probability] => 0
        )

    [isDayTime] => 1
    [timestamp] => 2024-12-07 06:22:36
)

[2024-12-07 06:25:15] Weather table created or already exists
[2024-12-07 06:25:15] Requesting URL: https://api.open-meteo.com/v1/forecast?latitude=23.2502546&longitude=77.5255552&current=temperature_2m%2Crelative_humidity_2m%2Cweather_code%2Cwind_speed_10m%2Cis_day&timezone=auto&forecast_days=1
[2024-12-07 06:25:16] Successfully fetched weather data: Array
(
    [temperature] => Array
        (
            [metric] => 22.8
            [imperial] => 73.04
        )

    [weatherCode] => 2
    [weatherText] => Partly cloudy
    [windSpeed] => Array
        (
            [metric] => 7.9
            [imperial] => 4.9088309
        )

    [humidity] => 53
    [precipitation] => Array
        (
            [probability] => 0
        )

    [isDayTime] => 1
    [timestamp] => 2024-12-07 06:25:16
)

[2024-12-07 06:25:27] Weather table created or already exists
[2024-12-07 06:25:27] Requesting URL: https://api.open-meteo.com/v1/forecast?latitude=23.2502546&longitude=77.5255552&current=temperature_2m%2Crelative_humidity_2m%2Cweather_code%2Cwind_speed_10m%2Cis_day&timezone=auto&forecast_days=1
[2024-12-07 06:25:27] Successfully fetched weather data: Array
(
    [temperature] => Array
        (
            [metric] => 22.8
            [imperial] => 73.04
        )

    [weatherCode] => 2
    [weatherText] => Partly cloudy
    [windSpeed] => Array
        (
            [metric] => 7.9
            [imperial] => 4.9088309
        )

    [humidity] => 53
    [precipitation] => Array
        (
            [probability] => 0
        )

    [isDayTime] => 1
    [timestamp] => 2024-12-07 06:25:27
)

[2024-12-07 06:25:27] Weather table created or already exists
[2024-12-07 06:25:27] Requesting URL: https://api.open-meteo.com/v1/forecast?latitude=23.2502546&longitude=77.5255552&current=temperature_2m%2Crelative_humidity_2m%2Cweather_code%2Cwind_speed_10m%2Cis_day&timezone=auto&forecast_days=1
[2024-12-07 06:25:28] Successfully fetched weather data: Array
(
    [temperature] => Array
        (
            [metric] => 22.8
            [imperial] => 73.04
        )

    [weatherCode] => 2
    [weatherText] => Partly cloudy
    [windSpeed] => Array
        (
            [metric] => 7.9
            [imperial] => 4.9088309
        )

    [humidity] => 53
    [precipitation] => Array
        (
            [probability] => 0
        )

    [isDayTime] => 1
    [timestamp] => 2024-12-07 06:25:28
)

[2024-12-07 06:25:28] Weather table created or already exists
[2024-12-07 06:25:28] Requesting URL: https://api.open-meteo.com/v1/forecast?latitude=23.2502546&longitude=77.5255552&current=temperature_2m%2Crelative_humidity_2m%2Cweather_code%2Cwind_speed_10m%2Cis_day&timezone=auto&forecast_days=1
[2024-12-07 06:25:28] Successfully fetched weather data: Array
(
    [temperature] => Array
        (
            [metric] => 22.8
            [imperial] => 73.04
        )

    [weatherCode] => 2
    [weatherText] => Partly cloudy
    [windSpeed] => Array
        (
            [metric] => 7.9
            [imperial] => 4.9088309
        )

    [humidity] => 53
    [precipitation] => Array
        (
            [probability] => 0
        )

    [isDayTime] => 1
    [timestamp] => 2024-12-07 06:25:28
)

[2024-12-07 06:25:28] Weather table created or already exists
[2024-12-07 06:25:28] Requesting URL: https://api.open-meteo.com/v1/forecast?latitude=23.2502546&longitude=77.5255552&current=temperature_2m%2Crelative_humidity_2m%2Cweather_code%2Cwind_speed_10m%2Cis_day&timezone=auto&forecast_days=1
[2024-12-07 06:25:29] Successfully fetched weather data: Array
(
    [temperature] => Array
        (
            [metric] => 22.8
            [imperial] => 73.04
        )

    [weatherCode] => 2
    [weatherText] => Partly cloudy
    [windSpeed] => Array
        (
            [metric] => 7.9
            [imperial] => 4.9088309
        )

    [humidity] => 53
    [precipitation] => Array
        (
            [probability] => 0
        )

    [isDayTime] => 1
    [timestamp] => 2024-12-07 06:25:29
)

[2024-12-07 06:25:29] Weather table created or already exists
[2024-12-07 06:25:29] Requesting URL: https://api.open-meteo.com/v1/forecast?latitude=23.2502546&longitude=77.5255552&current=temperature_2m%2Crelative_humidity_2m%2Cweather_code%2Cwind_speed_10m%2Cis_day&timezone=auto&forecast_days=1
[2024-12-07 06:25:30] Successfully fetched weather data: Array
(
    [temperature] => Array
        (
            [metric] => 22.8
            [imperial] => 73.04
        )

    [weatherCode] => 2
    [weatherText] => Partly cloudy
    [windSpeed] => Array
        (
            [metric] => 7.9
            [imperial] => 4.9088309
        )

    [humidity] => 53
    [precipitation] => Array
        (
            [probability] => 0
        )

    [isDayTime] => 1
    [timestamp] => 2024-12-07 06:25:29
)

[2024-12-07 06:25:30] Weather table created or already exists
[2024-12-07 06:25:30] Requesting URL: https://api.open-meteo.com/v1/forecast?latitude=23.2502546&longitude=77.5255552&current=temperature_2m%2Crelative_humidity_2m%2Cweather_code%2Cwind_speed_10m%2Cis_day&timezone=auto&forecast_days=1
[2024-12-07 06:25:30] Successfully fetched weather data: Array
(
    [temperature] => Array
        (
            [metric] => 22.8
            [imperial] => 73.04
        )

    [weatherCode] => 2
    [weatherText] => Partly cloudy
    [windSpeed] => Array
        (
            [metric] => 7.9
            [imperial] => 4.9088309
        )

    [humidity] => 53
    [precipitation] => Array
        (
            [probability] => 0
        )

    [isDayTime] => 1
    [timestamp] => 2024-12-07 06:25:30
)

[2024-12-07 06:25:30] Weather table created or already exists
[2024-12-07 06:25:30] Requesting URL: https://api.open-meteo.com/v1/forecast?latitude=23.2502546&longitude=77.5255552&current=temperature_2m%2Crelative_humidity_2m%2Cweather_code%2Cwind_speed_10m%2Cis_day&timezone=auto&forecast_days=1
[2024-12-07 06:25:31] Successfully fetched weather data: Array
(
    [temperature] => Array
        (
            [metric] => 22.8
            [imperial] => 73.04
        )

    [weatherCode] => 2
    [weatherText] => Partly cloudy
    [windSpeed] => Array
        (
            [metric] => 7.9
            [imperial] => 4.9088309
        )

    [humidity] => 53
    [precipitation] => Array
        (
            [probability] => 0
        )

    [isDayTime] => 1
    [timestamp] => 2024-12-07 06:25:31
)

[2024-12-07 06:29:33] Weather table created or already exists
[2024-12-07 06:29:33] Requesting URL: https://api.open-meteo.com/v1/forecast?latitude=23.2502524&longitude=77.5255526&current=temperature_2m%2Crelative_humidity_2m%2Cweather_code%2Cwind_speed_10m%2Cis_day&timezone=auto&forecast_days=1
[2024-12-07 06:29:34] Successfully fetched weather data: Array
(
    [temperature] => Array
        (
            [metric] => 22.8
            [imperial] => 73.04
        )

    [weatherCode] => 2
    [weatherText] => Partly cloudy
    [windSpeed] => Array
        (
            [metric] => 7.9
            [imperial] => 4.9088309
        )

    [humidity] => 53
    [precipitation] => Array
        (
            [probability] => 0
        )

    [isDayTime] => 1
    [timestamp] => 2024-12-07 06:29:34
)

[2024-12-07 06:30:12] Weather table created or already exists
[2024-12-07 06:30:12] Requesting URL: https://api.open-meteo.com/v1/forecast?latitude=23.2502524&longitude=77.5255526&current=temperature_2m%2Crelative_humidity_2m%2Cweather_code%2Cwind_speed_10m%2Cis_day&timezone=auto&forecast_days=1
[2024-12-07 06:30:13] Successfully fetched weather data: Array
(
    [temperature] => Array
        (
            [metric] => 23.3
            [imperial] => 73.94
        )

    [weatherCode] => 2
    [weatherText] => Partly cloudy
    [windSpeed] => Array
        (
            [metric] => 8.1
            [imperial] => 5.0331051
        )

    [humidity] => 52
    [precipitation] => Array
        (
            [probability] => 0
        )

    [isDayTime] => 1
    [timestamp] => 2024-12-07 06:30:13
)

[2024-12-07 06:33:21] Weather table created or already exists
[2024-12-07 06:33:21] Requesting URL: https://api.open-meteo.com/v1/forecast?latitude=23.2502546&longitude=77.5255552&current=temperature_2m%2Crelative_humidity_2m%2Cweather_code%2Cwind_speed_10m%2Cis_day&timezone=auto&forecast_days=1
[2024-12-07 06:33:22] Successfully fetched weather data: Array
(
    [temperature] => Array
        (
            [metric] => 23.3
            [imperial] => 73.94
        )

    [weatherCode] => 2
    [weatherText] => Partly cloudy
    [windSpeed] => Array
        (
            [metric] => 8.1
            [imperial] => 5.0331051
        )

    [humidity] => 52
    [precipitation] => Array
        (
            [probability] => 0
        )

    [isDayTime] => 1
    [timestamp] => 2024-12-07 06:33:22
)

[2024-12-07 06:33:24] Weather table created or already exists
[2024-12-07 06:33:24] Requesting URL: https://api.open-meteo.com/v1/forecast?latitude=23.2502546&longitude=77.5255552&current=temperature_2m%2Crelative_humidity_2m%2Cweather_code%2Cwind_speed_10m%2Cis_day&timezone=auto&forecast_days=1
[2024-12-07 06:33:25] Successfully fetched weather data: Array
(
    [temperature] => Array
        (
            [metric] => 23.3
            [imperial] => 73.94
        )

    [weatherCode] => 2
    [weatherText] => Partly cloudy
    [windSpeed] => Array
        (
            [metric] => 8.1
            [imperial] => 5.0331051
        )

    [humidity] => 52
    [precipitation] => Array
        (
            [probability] => 0
        )

    [isDayTime] => 1
    [timestamp] => 2024-12-07 06:33:25
)

[2024-12-07 06:34:23] Weather table created or already exists
[2024-12-07 06:34:23] Requesting URL: https://api.open-meteo.com/v1/forecast?latitude=23.2502566&longitude=77.5255555&current=temperature_2m%2Crelative_humidity_2m%2Cweather_code%2Cwind_speed_10m%2Cis_day&timezone=auto&forecast_days=1
[2024-12-07 06:34:24] Successfully fetched weather data: Array
(
    [temperature] => Array
        (
            [metric] => 23.3
            [imperial] => 73.94
        )

    [weatherCode] => 2
    [weatherText] => Partly cloudy
    [windSpeed] => Array
        (
            [metric] => 8.1
            [imperial] => 5.0331051
        )

    [humidity] => 52
    [precipitation] => Array
        (
            [probability] => 0
        )

    [isDayTime] => 1
    [timestamp] => 2024-12-07 06:34:24
)

[2024-12-07 06:34:24] Weather table created or already exists
[2024-12-07 06:34:24] Requesting URL: https://api.open-meteo.com/v1/forecast?latitude=23.2502566&longitude=77.5255555&current=temperature_2m%2Crelative_humidity_2m%2Cweather_code%2Cwind_speed_10m%2Cis_day&timezone=auto&forecast_days=1
[2024-12-07 06:34:25] Successfully fetched weather data: Array
(
    [temperature] => Array
        (
            [metric] => 23.3
            [imperial] => 73.94
        )

    [weatherCode] => 2
    [weatherText] => Partly cloudy
    [windSpeed] => Array
        (
            [metric] => 8.1
            [imperial] => 5.0331051
        )

    [humidity] => 52
    [precipitation] => Array
        (
            [probability] => 0
        )

    [isDayTime] => 1
    [timestamp] => 2024-12-07 06:34:25
)

[2024-12-07 06:34:25] Weather table created or already exists
[2024-12-07 06:34:25] Requesting URL: https://api.open-meteo.com/v1/forecast?latitude=23.2502566&longitude=77.5255555&current=temperature_2m%2Crelative_humidity_2m%2Cweather_code%2Cwind_speed_10m%2Cis_day&timezone=auto&forecast_days=1
[2024-12-07 06:34:25] Successfully fetched weather data: Array
(
    [temperature] => Array
        (
            [metric] => 23.3
            [imperial] => 73.94
        )

    [weatherCode] => 2
    [weatherText] => Partly cloudy
    [windSpeed] => Array
        (
            [metric] => 8.1
            [imperial] => 5.0331051
        )

    [humidity] => 52
    [precipitation] => Array
        (
            [probability] => 0
        )

    [isDayTime] => 1
    [timestamp] => 2024-12-07 06:34:25
)

[2024-12-07 06:34:25] Weather table created or already exists
[2024-12-07 06:34:25] Requesting URL: https://api.open-meteo.com/v1/forecast?latitude=23.2502566&longitude=77.5255555&current=temperature_2m%2Crelative_humidity_2m%2Cweather_code%2Cwind_speed_10m%2Cis_day&timezone=auto&forecast_days=1
[2024-12-07 06:34:26] Successfully fetched weather data: Array
(
    [temperature] => Array
        (
            [metric] => 23.3
            [imperial] => 73.94
        )

    [weatherCode] => 2
    [weatherText] => Partly cloudy
    [windSpeed] => Array
        (
            [metric] => 8.1
            [imperial] => 5.0331051
        )

    [humidity] => 52
    [precipitation] => Array
        (
            [probability] => 0
        )

    [isDayTime] => 1
    [timestamp] => 2024-12-07 06:34:26
)

[2024-12-07 06:34:26] Weather table created or already exists
[2024-12-07 06:34:26] Requesting URL: https://api.open-meteo.com/v1/forecast?latitude=23.2502566&longitude=77.5255555&current=temperature_2m%2Crelative_humidity_2m%2Cweather_code%2Cwind_speed_10m%2Cis_day&timezone=auto&forecast_days=1
[2024-12-07 06:34:27] Successfully fetched weather data: Array
(
    [temperature] => Array
        (
            [metric] => 23.3
            [imperial] => 73.94
        )

    [weatherCode] => 2
    [weatherText] => Partly cloudy
    [windSpeed] => Array
        (
            [metric] => 8.1
            [imperial] => 5.0331051
        )

    [humidity] => 52
    [precipitation] => Array
        (
            [probability] => 0
        )

    [isDayTime] => 1
    [timestamp] => 2024-12-07 06:34:27
)

[2024-12-07 06:34:27] Weather table created or already exists
[2024-12-07 06:34:27] Requesting URL: https://api.open-meteo.com/v1/forecast?latitude=23.2502566&longitude=77.5255555&current=temperature_2m%2Crelative_humidity_2m%2Cweather_code%2Cwind_speed_10m%2Cis_day&timezone=auto&forecast_days=1
[2024-12-07 06:34:27] Successfully fetched weather data: Array
(
    [temperature] => Array
        (
            [metric] => 23.3
            [imperial] => 73.94
        )

    [weatherCode] => 2
    [weatherText] => Partly cloudy
    [windSpeed] => Array
        (
            [metric] => 8.1
            [imperial] => 5.0331051
        )

    [humidity] => 52
    [precipitation] => Array
        (
            [probability] => 0
        )

    [isDayTime] => 1
    [timestamp] => 2024-12-07 06:34:27
)

[2024-12-07 06:34:27] Weather table created or already exists
[2024-12-07 06:34:27] Requesting URL: https://api.open-meteo.com/v1/forecast?latitude=23.2502566&longitude=77.5255555&current=temperature_2m%2Crelative_humidity_2m%2Cweather_code%2Cwind_speed_10m%2Cis_day&timezone=auto&forecast_days=1
[2024-12-07 06:34:28] Successfully fetched weather data: Array
(
    [temperature] => Array
        (
            [metric] => 23.3
            [imperial] => 73.94
        )

    [weatherCode] => 2
    [weatherText] => Partly cloudy
    [windSpeed] => Array
        (
            [metric] => 8.1
            [imperial] => 5.0331051
        )

    [humidity] => 52
    [precipitation] => Array
        (
            [probability] => 0
        )

    [isDayTime] => 1
    [timestamp] => 2024-12-07 06:34:28
)

[2024-12-07 06:34:28] Weather table created or already exists
[2024-12-07 06:34:28] Requesting URL: https://api.open-meteo.com/v1/forecast?latitude=23.2502566&longitude=77.5255555&current=temperature_2m%2Crelative_humidity_2m%2Cweather_code%2Cwind_speed_10m%2Cis_day&timezone=auto&forecast_days=1
[2024-12-07 06:34:29] Successfully fetched weather data: Array
(
    [temperature] => Array
        (
            [metric] => 23.3
            [imperial] => 73.94
        )

    [weatherCode] => 2
    [weatherText] => Partly cloudy
    [windSpeed] => Array
        (
            [metric] => 8.1
            [imperial] => 5.0331051
        )

    [humidity] => 52
    [precipitation] => Array
        (
            [probability] => 0
        )

    [isDayTime] => 1
    [timestamp] => 2024-12-07 06:34:29
)

[2024-12-07 06:34:29] Weather table created or already exists
[2024-12-07 06:34:29] Requesting URL: https://api.open-meteo.com/v1/forecast?latitude=23.2502566&longitude=77.5255555&current=temperature_2m%2Crelative_humidity_2m%2Cweather_code%2Cwind_speed_10m%2Cis_day&timezone=auto&forecast_days=1
[2024-12-07 06:34:29] Successfully fetched weather data: Array
(
    [temperature] => Array
        (
            [metric] => 23.3
            [imperial] => 73.94
        )

    [weatherCode] => 2
    [weatherText] => Partly cloudy
    [windSpeed] => Array
        (
            [metric] => 8.1
            [imperial] => 5.0331051
        )

    [humidity] => 52
    [precipitation] => Array
        (
            [probability] => 0
        )

    [isDayTime] => 1
    [timestamp] => 2024-12-07 06:34:29
)

[2024-12-07 06:34:29] Weather table created or already exists
[2024-12-07 06:34:29] Requesting URL: https://api.open-meteo.com/v1/forecast?latitude=23.2502566&longitude=77.5255555&current=temperature_2m%2Crelative_humidity_2m%2Cweather_code%2Cwind_speed_10m%2Cis_day&timezone=auto&forecast_days=1
[2024-12-07 06:34:30] Successfully fetched weather data: Array
(
    [temperature] => Array
        (
            [metric] => 23.3
            [imperial] => 73.94
        )

    [weatherCode] => 2
    [weatherText] => Partly cloudy
    [windSpeed] => Array
        (
            [metric] => 8.1
            [imperial] => 5.0331051
        )

    [humidity] => 52
    [precipitation] => Array
        (
            [probability] => 0
        )

    [isDayTime] => 1
    [timestamp] => 2024-12-07 06:34:30
)

[2024-12-07 06:34:30] Weather table created or already exists
[2024-12-07 06:34:30] Requesting URL: https://api.open-meteo.com/v1/forecast?latitude=23.2502566&longitude=77.5255555&current=temperature_2m%2Crelative_humidity_2m%2Cweather_code%2Cwind_speed_10m%2Cis_day&timezone=auto&forecast_days=1
[2024-12-07 06:34:31] Successfully fetched weather data: Array
(
    [temperature] => Array
        (
            [metric] => 23.3
            [imperial] => 73.94
        )

    [weatherCode] => 2
    [weatherText] => Partly cloudy
    [windSpeed] => Array
        (
            [metric] => 8.1
            [imperial] => 5.0331051
        )

    [humidity] => 52
    [precipitation] => Array
        (
            [probability] => 0
        )

    [isDayTime] => 1
    [timestamp] => 2024-12-07 06:34:31
)

[2024-12-07 06:34:31] Weather table created or already exists
[2024-12-07 06:34:31] Requesting URL: https://api.open-meteo.com/v1/forecast?latitude=23.2502566&longitude=77.5255555&current=temperature_2m%2Crelative_humidity_2m%2Cweather_code%2Cwind_speed_10m%2Cis_day&timezone=auto&forecast_days=1
[2024-12-07 06:34:31] Successfully fetched weather data: Array
(
    [temperature] => Array
        (
            [metric] => 23.3
            [imperial] => 73.94
        )

    [weatherCode] => 2
    [weatherText] => Partly cloudy
    [windSpeed] => Array
        (
            [metric] => 8.1
            [imperial] => 5.0331051
        )

    [humidity] => 52
    [precipitation] => Array
        (
            [probability] => 0
        )

    [isDayTime] => 1
    [timestamp] => 2024-12-07 06:34:31
)

[2024-12-07 06:34:31] Weather table created or already exists
[2024-12-07 06:34:31] Requesting URL: https://api.open-meteo.com/v1/forecast?latitude=23.2502566&longitude=77.5255555&current=temperature_2m%2Crelative_humidity_2m%2Cweather_code%2Cwind_speed_10m%2Cis_day&timezone=auto&forecast_days=1
[2024-12-07 06:34:32] Successfully fetched weather data: Array
(
    [temperature] => Array
        (
            [metric] => 23.3
            [imperial] => 73.94
        )

    [weatherCode] => 2
    [weatherText] => Partly cloudy
    [windSpeed] => Array
        (
            [metric] => 8.1
            [imperial] => 5.0331051
        )

    [humidity] => 52
    [precipitation] => Array
        (
            [probability] => 0
        )

    [isDayTime] => 1
    [timestamp] => 2024-12-07 06:34:32
)

[2024-12-07 06:34:32] Weather table created or already exists
[2024-12-07 06:34:32] Requesting URL: https://api.open-meteo.com/v1/forecast?latitude=23.2502566&longitude=77.5255555&current=temperature_2m%2Crelative_humidity_2m%2Cweather_code%2Cwind_speed_10m%2Cis_day&timezone=auto&forecast_days=1
[2024-12-07 06:34:32] Successfully fetched weather data: Array
(
    [temperature] => Array
        (
            [metric] => 23.3
            [imperial] => 73.94
        )

    [weatherCode] => 2
    [weatherText] => Partly cloudy
    [windSpeed] => Array
        (
            [metric] => 8.1
            [imperial] => 5.0331051
        )

    [humidity] => 52
    [precipitation] => Array
        (
            [probability] => 0
        )

    [isDayTime] => 1
    [timestamp] => 2024-12-07 06:34:32
)

[2024-12-07 06:34:32] Weather table created or already exists
[2024-12-07 06:34:32] Requesting URL: https://api.open-meteo.com/v1/forecast?latitude=23.2502566&longitude=77.5255555&current=temperature_2m%2Crelative_humidity_2m%2Cweather_code%2Cwind_speed_10m%2Cis_day&timezone=auto&forecast_days=1
[2024-12-07 06:34:33] Successfully fetched weather data: Array
(
    [temperature] => Array
        (
            [metric] => 23.3
            [imperial] => 73.94
        )

    [weatherCode] => 2
    [weatherText] => Partly cloudy
    [windSpeed] => Array
        (
            [metric] => 8.1
            [imperial] => 5.0331051
        )

    [humidity] => 52
    [precipitation] => Array
        (
            [probability] => 0
        )

    [isDayTime] => 1
    [timestamp] => 2024-12-07 06:34:33
)

[2024-12-07 06:34:33] Weather table created or already exists
[2024-12-07 06:34:33] Requesting URL: https://api.open-meteo.com/v1/forecast?latitude=23.2502566&longitude=77.5255555&current=temperature_2m%2Crelative_humidity_2m%2Cweather_code%2Cwind_speed_10m%2Cis_day&timezone=auto&forecast_days=1
[2024-12-07 06:34:33] Successfully fetched weather data: Array
(
    [temperature] => Array
        (
            [metric] => 23.3
            [imperial] => 73.94
        )

    [weatherCode] => 2
    [weatherText] => Partly cloudy
    [windSpeed] => Array
        (
            [metric] => 8.1
            [imperial] => 5.0331051
        )

    [humidity] => 52
    [precipitation] => Array
        (
            [probability] => 0
        )

    [isDayTime] => 1
    [timestamp] => 2024-12-07 06:34:33
)

[2024-12-07 06:34:33] Weather table created or already exists
[2024-12-07 06:34:33] Requesting URL: https://api.open-meteo.com/v1/forecast?latitude=23.2502566&longitude=77.5255555&current=temperature_2m%2Crelative_humidity_2m%2Cweather_code%2Cwind_speed_10m%2Cis_day&timezone=auto&forecast_days=1
[2024-12-07 06:34:34] Successfully fetched weather data: Array
(
    [temperature] => Array
        (
            [metric] => 23.3
            [imperial] => 73.94
        )

    [weatherCode] => 2
    [weatherText] => Partly cloudy
    [windSpeed] => Array
        (
            [metric] => 8.1
            [imperial] => 5.0331051
        )

    [humidity] => 52
    [precipitation] => Array
        (
            [probability] => 0
        )

    [isDayTime] => 1
    [timestamp] => 2024-12-07 06:34:34
)

[2024-12-07 06:35:43] Weather table created or already exists
[2024-12-07 06:35:43] Requesting URL: https://api.open-meteo.com/v1/forecast?latitude=23.2502576&longitude=77.5255553&current=temperature_2m%2Crelative_humidity_2m%2Cweather_code%2Cwind_speed_10m%2Cis_day&timezone=auto&forecast_days=1
[2024-12-07 06:35:44] Successfully fetched weather data: Array
(
    [temperature] => Array
        (
            [metric] => 23.3
            [imperial] => 73.94
        )

    [weatherCode] => 2
    [weatherText] => Partly cloudy
    [windSpeed] => Array
        (
            [metric] => 8.1
            [imperial] => 5.0331051
        )

    [humidity] => 52
    [precipitation] => Array
        (
            [probability] => 0
        )

    [isDayTime] => 1
    [timestamp] => 2024-12-07 06:35:44
)

[2024-12-07 06:35:48] Weather table created or already exists
[2024-12-07 06:35:48] Requesting URL: https://api.open-meteo.com/v1/forecast?latitude=23.2502576&longitude=77.5255553&current=temperature_2m%2Crelative_humidity_2m%2Cweather_code%2Cwind_speed_10m%2Cis_day&timezone=auto&forecast_days=1
[2024-12-07 06:35:48] Successfully fetched weather data: Array
(
    [temperature] => Array
        (
            [metric] => 23.3
            [imperial] => 73.94
        )

    [weatherCode] => 2
    [weatherText] => Partly cloudy
    [windSpeed] => Array
        (
            [metric] => 8.1
            [imperial] => 5.0331051
        )

    [humidity] => 52
    [precipitation] => Array
        (
            [probability] => 0
        )

    [isDayTime] => 1
    [timestamp] => 2024-12-07 06:35:48
)

[2024-12-07 06:35:48] Weather table created or already exists
[2024-12-07 06:35:48] Requesting URL: https://api.open-meteo.com/v1/forecast?latitude=23.2502576&longitude=77.5255553&current=temperature_2m%2Crelative_humidity_2m%2Cweather_code%2Cwind_speed_10m%2Cis_day&timezone=auto&forecast_days=1
[2024-12-07 06:35:49] Successfully fetched weather data: Array
(
    [temperature] => Array
        (
            [metric] => 23.3
            [imperial] => 73.94
        )

    [weatherCode] => 2
    [weatherText] => Partly cloudy
    [windSpeed] => Array
        (
            [metric] => 8.1
            [imperial] => 5.0331051
        )

    [humidity] => 52
    [precipitation] => Array
        (
            [probability] => 0
        )

    [isDayTime] => 1
    [timestamp] => 2024-12-07 06:35:49
)

[2024-12-07 06:35:49] Weather table created or already exists
[2024-12-07 06:35:49] Requesting URL: https://api.open-meteo.com/v1/forecast?latitude=23.2502576&longitude=77.5255553&current=temperature_2m%2Crelative_humidity_2m%2Cweather_code%2Cwind_speed_10m%2Cis_day&timezone=auto&forecast_days=1
[2024-12-07 06:35:49] Successfully fetched weather data: Array
(
    [temperature] => Array
        (
            [metric] => 23.3
            [imperial] => 73.94
        )

    [weatherCode] => 2
    [weatherText] => Partly cloudy
    [windSpeed] => Array
        (
            [metric] => 8.1
            [imperial] => 5.0331051
        )

    [humidity] => 52
    [precipitation] => Array
        (
            [probability] => 0
        )

    [isDayTime] => 1
    [timestamp] => 2024-12-07 06:35:49
)

[2024-12-07 06:35:49] Weather table created or already exists
[2024-12-07 06:35:49] Requesting URL: https://api.open-meteo.com/v1/forecast?latitude=23.2502576&longitude=77.5255553&current=temperature_2m%2Crelative_humidity_2m%2Cweather_code%2Cwind_speed_10m%2Cis_day&timezone=auto&forecast_days=1
[2024-12-07 06:35:50] Successfully fetched weather data: Array
(
    [temperature] => Array
        (
            [metric] => 23.3
            [imperial] => 73.94
        )

    [weatherCode] => 2
    [weatherText] => Partly cloudy
    [windSpeed] => Array
        (
            [metric] => 8.1
            [imperial] => 5.0331051
        )

    [humidity] => 52
    [precipitation] => Array
        (
            [probability] => 0
        )

    [isDayTime] => 1
    [timestamp] => 2024-12-07 06:35:50
)

[2024-12-07 06:35:50] Weather table created or already exists
[2024-12-07 06:35:50] Requesting URL: https://api.open-meteo.com/v1/forecast?latitude=23.2502576&longitude=77.5255553&current=temperature_2m%2Crelative_humidity_2m%2Cweather_code%2Cwind_speed_10m%2Cis_day&timezone=auto&forecast_days=1
[2024-12-07 06:35:51] Successfully fetched weather data: Array
(
    [temperature] => Array
        (
            [metric] => 23.3
            [imperial] => 73.94
        )

    [weatherCode] => 2
    [weatherText] => Partly cloudy
    [windSpeed] => Array
        (
            [metric] => 8.1
            [imperial] => 5.0331051
        )

    [humidity] => 52
    [precipitation] => Array
        (
            [probability] => 0
        )

    [isDayTime] => 1
    [timestamp] => 2024-12-07 06:35:51
)

[2024-12-07 06:35:51] Weather table created or already exists
[2024-12-07 06:35:51] Requesting URL: https://api.open-meteo.com/v1/forecast?latitude=23.2502576&longitude=77.5255553&current=temperature_2m%2Crelative_humidity_2m%2Cweather_code%2Cwind_speed_10m%2Cis_day&timezone=auto&forecast_days=1
[2024-12-07 06:35:51] Successfully fetched weather data: Array
(
    [temperature] => Array
        (
            [metric] => 23.3
            [imperial] => 73.94
        )

    [weatherCode] => 2
    [weatherText] => Partly cloudy
    [windSpeed] => Array
        (
            [metric] => 8.1
            [imperial] => 5.0331051
        )

    [humidity] => 52
    [precipitation] => Array
        (
            [probability] => 0
        )

    [isDayTime] => 1
    [timestamp] => 2024-12-07 06:35:51
)

[2024-12-07 06:37:28] Weather table created or already exists
[2024-12-07 06:37:28] Requesting URL: https://api.open-meteo.com/v1/forecast?latitude=23.2502576&longitude=77.5255553&current=temperature_2m%2Crelative_humidity_2m%2Cweather_code%2Cwind_speed_10m%2Cis_day&timezone=auto&forecast_days=1
[2024-12-07 06:37:28] Successfully fetched weather data: Array
(
    [temperature] => Array
        (
            [metric] => 23.3
            [imperial] => 73.94
        )

    [weatherCode] => 2
    [weatherText] => Partly cloudy
    [windSpeed] => Array
        (
            [metric] => 8.1
            [imperial] => 5.0331051
        )

    [humidity] => 52
    [precipitation] => Array
        (
            [probability] => 0
        )

    [isDayTime] => 1
    [timestamp] => 2024-12-07 06:37:28
)

[2024-12-07 06:37:35] Weather table created or already exists
[2024-12-07 06:37:35] Requesting URL: https://api.open-meteo.com/v1/forecast?latitude=23.2502576&longitude=77.5255553&current=temperature_2m%2Crelative_humidity_2m%2Cweather_code%2Cwind_speed_10m%2Cis_day&timezone=auto&forecast_days=1
[2024-12-07 06:37:36] Successfully fetched weather data: Array
(
    [temperature] => Array
        (
            [metric] => 23.3
            [imperial] => 73.94
        )

    [weatherCode] => 2
    [weatherText] => Partly cloudy
    [windSpeed] => Array
        (
            [metric] => 8.1
            [imperial] => 5.0331051
        )

    [humidity] => 52
    [precipitation] => Array
        (
            [probability] => 0
        )

    [isDayTime] => 1
    [timestamp] => 2024-12-07 06:37:36
)

[2024-12-07 06:37:38] Weather table created or already exists
[2024-12-07 06:37:38] Requesting URL: https://api.open-meteo.com/v1/forecast?latitude=23.2502566&longitude=77.5255555&current=temperature_2m%2Crelative_humidity_2m%2Cweather_code%2Cwind_speed_10m%2Cis_day&timezone=auto&forecast_days=1
[2024-12-07 06:37:38] Successfully fetched weather data: Array
(
    [temperature] => Array
        (
            [metric] => 23.3
            [imperial] => 73.94
        )

    [weatherCode] => 2
    [weatherText] => Partly cloudy
    [windSpeed] => Array
        (
            [metric] => 8.1
            [imperial] => 5.0331051
        )

    [humidity] => 52
    [precipitation] => Array
        (
            [probability] => 0
        )

    [isDayTime] => 1
    [timestamp] => 2024-12-07 06:37:38
)

[2024-12-07 06:40:17] Weather table created or already exists
[2024-12-07 06:40:17] Requesting URL: https://api.open-meteo.com/v1/forecast?latitude=23.2502576&longitude=77.5255553&current=temperature_2m%2Crelative_humidity_2m%2Cweather_code%2Cwind_speed_10m%2Cis_day&timezone=auto&forecast_days=1
[2024-12-07 06:40:18] Successfully fetched weather data: Array
(
    [temperature] => Array
        (
            [metric] => 23.3
            [imperial] => 73.94
        )

    [weatherCode] => 2
    [weatherText] => Partly cloudy
    [windSpeed] => Array
        (
            [metric] => 8.1
            [imperial] => 5.0331051
        )

    [humidity] => 52
    [precipitation] => Array
        (
            [probability] => 0
        )

    [isDayTime] => 1
    [timestamp] => 2024-12-07 06:40:18
)

[2024-12-07 06:50:18] Weather table created or already exists
[2024-12-07 06:50:18] Requesting URL: https://api.open-meteo.com/v1/forecast?latitude=23.2502576&longitude=77.5255553&current=temperature_2m%2Crelative_humidity_2m%2Cweather_code%2Cwind_speed_10m%2Cis_day&timezone=auto&forecast_days=1
[2024-12-07 06:50:19] Successfully fetched weather data: Array
(
    [temperature] => Array
        (
            [metric] => 23.8
            [imperial] => 74.84
        )

    [weatherCode] => 2
    [weatherText] => Partly cloudy
    [windSpeed] => Array
        (
            [metric] => 8
            [imperial] => 4.970968
        )

    [humidity] => 51
    [precipitation] => Array
        (
            [probability] => 0
        )

    [isDayTime] => 1
    [timestamp] => 2024-12-07 06:50:19
)

[2024-12-07 06:51:30] Weather table created or already exists
[2024-12-07 06:51:30] Requesting URL: https://api.open-meteo.com/v1/forecast?latitude=23.2502583&longitude=77.5255503&current=temperature_2m%2Crelative_humidity_2m%2Cweather_code%2Cwind_speed_10m%2Cis_day&timezone=auto&forecast_days=1
[2024-12-07 06:51:30] Successfully fetched weather data: Array
(
    [temperature] => Array
        (
            [metric] => 23.8
            [imperial] => 74.84
        )

    [weatherCode] => 2
    [weatherText] => Partly cloudy
    [windSpeed] => Array
        (
            [metric] => 8
            [imperial] => 4.970968
        )

    [humidity] => 51
    [precipitation] => Array
        (
            [probability] => 0
        )

    [isDayTime] => 1
    [timestamp] => 2024-12-07 06:51:30
)

[2024-12-07 06:55:00] Weather table created or already exists
[2024-12-07 06:55:00] Requesting URL: https://api.open-meteo.com/v1/forecast?latitude=23.2502525&longitude=77.5255538&current=temperature_2m%2Crelative_humidity_2m%2Cweather_code%2Cwind_speed_10m%2Cis_day&timezone=auto&forecast_days=1
[2024-12-07 06:55:01] Successfully fetched weather data: Array
(
    [temperature] => Array
        (
            [metric] => 23.8
            [imperial] => 74.84
        )

    [weatherCode] => 2
    [weatherText] => Partly cloudy
    [windSpeed] => Array
        (
            [metric] => 8
            [imperial] => 4.970968
        )

    [humidity] => 51
    [precipitation] => Array
        (
            [probability] => 0
        )

    [isDayTime] => 1
    [timestamp] => 2024-12-07 06:55:01
)

[2024-12-07 06:56:08] Weather table created or already exists
[2024-12-07 06:56:08] Requesting URL: https://api.open-meteo.com/v1/forecast?latitude=23.250258&longitude=77.5255559&current=temperature_2m%2Crelative_humidity_2m%2Cweather_code%2Cwind_speed_10m%2Cis_day&timezone=auto&forecast_days=1
[2024-12-07 06:56:09] Successfully fetched weather data: Array
(
    [temperature] => Array
        (
            [metric] => 23.8
            [imperial] => 74.84
        )

    [weatherCode] => 2
    [weatherText] => Partly cloudy
    [windSpeed] => Array
        (
            [metric] => 8
            [imperial] => 4.970968
        )

    [humidity] => 51
    [precipitation] => Array
        (
            [probability] => 0
        )

    [isDayTime] => 1
    [timestamp] => 2024-12-07 06:56:09
)

[2024-12-07 06:56:17] Weather table created or already exists
[2024-12-07 06:56:17] Requesting URL: https://api.open-meteo.com/v1/forecast?latitude=23.250258&longitude=77.5255559&current=temperature_2m%2Crelative_humidity_2m%2Cweather_code%2Cwind_speed_10m%2Cis_day&timezone=auto&forecast_days=1
[2024-12-07 06:56:18] Successfully fetched weather data: Array
(
    [temperature] => Array
        (
            [metric] => 23.8
            [imperial] => 74.84
        )

    [weatherCode] => 2
    [weatherText] => Partly cloudy
    [windSpeed] => Array
        (
            [metric] => 8
            [imperial] => 4.970968
        )

    [humidity] => 51
    [precipitation] => Array
        (
            [probability] => 0
        )

    [isDayTime] => 1
    [timestamp] => 2024-12-07 06:56:18
)

[2024-12-07 06:56:30] Weather table created or already exists
[2024-12-07 06:56:30] Requesting URL: https://api.open-meteo.com/v1/forecast?latitude=23.250258&longitude=77.5255559&current=temperature_2m%2Crelative_humidity_2m%2Cweather_code%2Cwind_speed_10m%2Cis_day&timezone=auto&forecast_days=1
[2024-12-07 06:56:30] Successfully fetched weather data: Array
(
    [temperature] => Array
        (
            [metric] => 23.8
            [imperial] => 74.84
        )

    [weatherCode] => 2
    [weatherText] => Partly cloudy
    [windSpeed] => Array
        (
            [metric] => 8
            [imperial] => 4.970968
        )

    [humidity] => 51
    [precipitation] => Array
        (
            [probability] => 0
        )

    [isDayTime] => 1
    [timestamp] => 2024-12-07 06:56:30
)

[2024-12-07 07:00:57] Weather table created or already exists
[2024-12-07 07:00:57] Requesting URL: https://api.open-meteo.com/v1/forecast?latitude=23.2502535&longitude=77.5255553&current=temperature_2m%2Crelative_humidity_2m%2Cweather_code%2Cwind_speed_10m%2Cis_day&timezone=auto&forecast_days=1
[2024-12-07 07:00:58] Successfully fetched weather data: Array
(
    [temperature] => Array
        (
            [metric] => 24
            [imperial] => 75.2
        )

    [weatherCode] => 2
    [weatherText] => Partly cloudy
    [windSpeed] => Array
        (
            [metric] => 8
            [imperial] => 4.970968
        )

    [humidity] => 50
    [precipitation] => Array
        (
            [probability] => 0
        )

    [isDayTime] => 1
    [timestamp] => 2024-12-07 07:00:58
)

[2024-12-07 07:01:11] Weather table created or already exists
[2024-12-07 07:01:11] Requesting URL: https://api.open-meteo.com/v1/forecast?latitude=23.2502535&longitude=77.5255553&current=temperature_2m%2Crelative_humidity_2m%2Cweather_code%2Cwind_speed_10m%2Cis_day&timezone=auto&forecast_days=1
[2024-12-07 07:01:12] Successfully fetched weather data: Array
(
    [temperature] => Array
        (
            [metric] => 24
            [imperial] => 75.2
        )

    [weatherCode] => 2
    [weatherText] => Partly cloudy
    [windSpeed] => Array
        (
            [metric] => 8
            [imperial] => 4.970968
        )

    [humidity] => 50
    [precipitation] => Array
        (
            [probability] => 0
        )

    [isDayTime] => 1
    [timestamp] => 2024-12-07 07:01:12
)

[2024-12-07 07:01:56] Weather table created or already exists
[2024-12-07 07:01:56] Requesting URL: https://api.open-meteo.com/v1/forecast?latitude=23.2502572&longitude=77.5255558&current=temperature_2m%2Crelative_humidity_2m%2Cweather_code%2Cwind_speed_10m%2Cis_day&timezone=auto&forecast_days=1
[2024-12-07 07:01:57] Successfully fetched weather data: Array
(
    [temperature] => Array
        (
            [metric] => 24
            [imperial] => 75.2
        )

    [weatherCode] => 2
    [weatherText] => Partly cloudy
    [windSpeed] => Array
        (
            [metric] => 8
            [imperial] => 4.970968
        )

    [humidity] => 50
    [precipitation] => Array
        (
            [probability] => 0
        )

    [isDayTime] => 1
    [timestamp] => 2024-12-07 07:01:57
)

[2024-12-07 07:03:34] Weather table created or already exists
[2024-12-07 07:03:34] Requesting URL: https://api.open-meteo.com/v1/forecast?latitude=23.2502584&longitude=77.5255498&current=temperature_2m%2Crelative_humidity_2m%2Cweather_code%2Cwind_speed_10m%2Cis_day&timezone=auto&forecast_days=1
[2024-12-07 07:03:34] Successfully fetched weather data: Array
(
    [temperature] => Array
        (
            [metric] => 24
            [imperial] => 75.2
        )

    [weatherCode] => 2
    [weatherText] => Partly cloudy
    [windSpeed] => Array
        (
            [metric] => 8
            [imperial] => 4.970968
        )

    [humidity] => 50
    [precipitation] => Array
        (
            [probability] => 0
        )

    [isDayTime] => 1
    [timestamp] => 2024-12-07 07:03:34
)

[2024-12-07 07:03:46] Weather table created or already exists
[2024-12-07 07:03:46] Requesting URL: https://api.open-meteo.com/v1/forecast?latitude=23.2502584&longitude=77.5255498&current=temperature_2m%2Crelative_humidity_2m%2Cweather_code%2Cwind_speed_10m%2Cis_day&timezone=auto&forecast_days=1
[2024-12-07 07:03:46] Successfully fetched weather data: Array
(
    [temperature] => Array
        (
            [metric] => 24
            [imperial] => 75.2
        )

    [weatherCode] => 2
    [weatherText] => Partly cloudy
    [windSpeed] => Array
        (
            [metric] => 8
            [imperial] => 4.970968
        )

    [humidity] => 50
    [precipitation] => Array
        (
            [probability] => 0
        )

    [isDayTime] => 1
    [timestamp] => 2024-12-07 07:03:46
)

[2024-12-07 07:03:46] Weather table created or already exists
[2024-12-07 07:03:46] Requesting URL: https://api.open-meteo.com/v1/forecast?latitude=23.2502584&longitude=77.5255498&current=temperature_2m%2Crelative_humidity_2m%2Cweather_code%2Cwind_speed_10m%2Cis_day&timezone=auto&forecast_days=1
[2024-12-07 07:03:47] Successfully fetched weather data: Array
(
    [temperature] => Array
        (
            [metric] => 24
            [imperial] => 75.2
        )

    [weatherCode] => 2
    [weatherText] => Partly cloudy
    [windSpeed] => Array
        (
            [metric] => 8
            [imperial] => 4.970968
        )

    [humidity] => 50
    [precipitation] => Array
        (
            [probability] => 0
        )

    [isDayTime] => 1
    [timestamp] => 2024-12-07 07:03:47
)

[2024-12-07 07:03:47] Weather table created or already exists
[2024-12-07 07:03:47] Requesting URL: https://api.open-meteo.com/v1/forecast?latitude=23.2502584&longitude=77.5255498&current=temperature_2m%2Crelative_humidity_2m%2Cweather_code%2Cwind_speed_10m%2Cis_day&timezone=auto&forecast_days=1
[2024-12-07 07:03:47] Successfully fetched weather data: Array
(
    [temperature] => Array
        (
            [metric] => 24
            [imperial] => 75.2
        )

    [weatherCode] => 2
    [weatherText] => Partly cloudy
    [windSpeed] => Array
        (
            [metric] => 8
            [imperial] => 4.970968
        )

    [humidity] => 50
    [precipitation] => Array
        (
            [probability] => 0
        )

    [isDayTime] => 1
    [timestamp] => 2024-12-07 07:03:47
)

[2024-12-07 07:03:47] Weather table created or already exists
[2024-12-07 07:03:47] Requesting URL: https://api.open-meteo.com/v1/forecast?latitude=23.2502584&longitude=77.5255498&current=temperature_2m%2Crelative_humidity_2m%2Cweather_code%2Cwind_speed_10m%2Cis_day&timezone=auto&forecast_days=1
[2024-12-07 07:03:48] Successfully fetched weather data: Array
(
    [temperature] => Array
        (
            [metric] => 24
            [imperial] => 75.2
        )

    [weatherCode] => 2
    [weatherText] => Partly cloudy
    [windSpeed] => Array
        (
            [metric] => 8
            [imperial] => 4.970968
        )

    [humidity] => 50
    [precipitation] => Array
        (
            [probability] => 0
        )

    [isDayTime] => 1
    [timestamp] => 2024-12-07 07:03:48
)

[2024-12-07 07:03:48] Weather table created or already exists
[2024-12-07 07:03:48] Requesting URL: https://api.open-meteo.com/v1/forecast?latitude=23.2502584&longitude=77.5255498&current=temperature_2m%2Crelative_humidity_2m%2Cweather_code%2Cwind_speed_10m%2Cis_day&timezone=auto&forecast_days=1
[2024-12-07 07:03:49] Successfully fetched weather data: Array
(
    [temperature] => Array
        (
            [metric] => 24
            [imperial] => 75.2
        )

    [weatherCode] => 2
    [weatherText] => Partly cloudy
    [windSpeed] => Array
        (
            [metric] => 8
            [imperial] => 4.970968
        )

    [humidity] => 50
    [precipitation] => Array
        (
            [probability] => 0
        )

    [isDayTime] => 1
    [timestamp] => 2024-12-07 07:03:49
)

[2024-12-07 07:03:49] Weather table created or already exists
[2024-12-07 07:03:49] Requesting URL: https://api.open-meteo.com/v1/forecast?latitude=23.2502584&longitude=77.5255498&current=temperature_2m%2Crelative_humidity_2m%2Cweather_code%2Cwind_speed_10m%2Cis_day&timezone=auto&forecast_days=1
[2024-12-07 07:03:50] Successfully fetched weather data: Array
(
    [temperature] => Array
        (
            [metric] => 24
            [imperial] => 75.2
        )

    [weatherCode] => 2
    [weatherText] => Partly cloudy
    [windSpeed] => Array
        (
            [metric] => 8
            [imperial] => 4.970968
        )

    [humidity] => 50
    [precipitation] => Array
        (
            [probability] => 0
        )

    [isDayTime] => 1
    [timestamp] => 2024-12-07 07:03:50
)

[2024-12-07 07:03:50] Weather table created or already exists
[2024-12-07 07:03:50] Requesting URL: https://api.open-meteo.com/v1/forecast?latitude=23.2502584&longitude=77.5255498&current=temperature_2m%2Crelative_humidity_2m%2Cweather_code%2Cwind_speed_10m%2Cis_day&timezone=auto&forecast_days=1
[2024-12-07 07:03:50] Successfully fetched weather data: Array
(
    [temperature] => Array
        (
            [metric] => 24
            [imperial] => 75.2
        )

    [weatherCode] => 2
    [weatherText] => Partly cloudy
    [windSpeed] => Array
        (
            [metric] => 8
            [imperial] => 4.970968
        )

    [humidity] => 50
    [precipitation] => Array
        (
            [probability] => 0
        )

    [isDayTime] => 1
    [timestamp] => 2024-12-07 07:03:50
)

[2024-12-07 07:03:50] Weather table created or already exists
[2024-12-07 07:03:50] Requesting URL: https://api.open-meteo.com/v1/forecast?latitude=23.2502584&longitude=77.5255498&current=temperature_2m%2Crelative_humidity_2m%2Cweather_code%2Cwind_speed_10m%2Cis_day&timezone=auto&forecast_days=1
[2024-12-07 07:03:51] Successfully fetched weather data: Array
(
    [temperature] => Array
        (
            [metric] => 24
            [imperial] => 75.2
        )

    [weatherCode] => 2
    [weatherText] => Partly cloudy
    [windSpeed] => Array
        (
            [metric] => 8
            [imperial] => 4.970968
        )

    [humidity] => 50
    [precipitation] => Array
        (
            [probability] => 0
        )

    [isDayTime] => 1
    [timestamp] => 2024-12-07 07:03:51
)

[2024-12-07 07:05:34] Weather table created or already exists
[2024-12-07 07:05:34] Requesting URL: https://api.open-meteo.com/v1/forecast?latitude=23.2502572&longitude=77.5255558&current=temperature_2m%2Crelative_humidity_2m%2Cweather_code%2Cwind_speed_10m%2Cis_day&timezone=auto&forecast_days=1
[2024-12-07 07:05:34] Successfully fetched weather data: Array
(
    [temperature] => Array
        (
            [metric] => 24
            [imperial] => 75.2
        )

    [weatherCode] => 2
    [weatherText] => Partly cloudy
    [windSpeed] => Array
        (
            [metric] => 8
            [imperial] => 4.970968
        )

    [humidity] => 50
    [precipitation] => Array
        (
            [probability] => 0
        )

    [isDayTime] => 1
    [timestamp] => 2024-12-07 07:05:34
)

[2024-12-07 07:07:32] Weather table created or already exists
[2024-12-07 07:07:32] Requesting URL: https://api.open-meteo.com/v1/forecast?latitude=23.2502561&longitude=77.525551&current=temperature_2m%2Crelative_humidity_2m%2Cweather_code%2Cwind_speed_10m%2Cis_day&timezone=auto&forecast_days=1
[2024-12-07 07:07:32] Successfully fetched weather data: Array
(
    [temperature] => Array
        (
            [metric] => 24
            [imperial] => 75.2
        )

    [weatherCode] => 2
    [weatherText] => Partly cloudy
    [windSpeed] => Array
        (
            [metric] => 8
            [imperial] => 4.970968
        )

    [humidity] => 50
    [precipitation] => Array
        (
            [probability] => 0
        )

    [isDayTime] => 1
    [timestamp] => 2024-12-07 07:07:32
)

[2024-12-07 07:07:37] Weather table created or already exists
[2024-12-07 07:07:37] Requesting URL: https://api.open-meteo.com/v1/forecast?latitude=23.2502561&longitude=77.525551&current=temperature_2m%2Crelative_humidity_2m%2Cweather_code%2Cwind_speed_10m%2Cis_day&timezone=auto&forecast_days=1
[2024-12-07 07:07:37] Successfully fetched weather data: Array
(
    [temperature] => Array
        (
            [metric] => 24
            [imperial] => 75.2
        )

    [weatherCode] => 2
    [weatherText] => Partly cloudy
    [windSpeed] => Array
        (
            [metric] => 8
            [imperial] => 4.970968
        )

    [humidity] => 50
    [precipitation] => Array
        (
            [probability] => 0
        )

    [isDayTime] => 1
    [timestamp] => 2024-12-07 07:07:37
)

[2024-12-07 07:18:17] Weather table created or already exists
[2024-12-07 07:18:17] Requesting URL: https://api.open-meteo.com/v1/forecast?latitude=23.250254&longitude=77.5255424&current=temperature_2m%2Crelative_humidity_2m%2Cweather_code%2Cwind_speed_10m%2Cis_day&timezone=auto&forecast_days=1
[2024-12-07 07:18:18] Successfully fetched weather data: Array
(
    [temperature] => Array
        (
            [metric] => 24.5
            [imperial] => 76.1
        )

    [weatherCode] => 2
    [weatherText] => Partly cloudy
    [windSpeed] => Array
        (
            [metric] => 8
            [imperial] => 4.970968
        )

    [humidity] => 49
    [precipitation] => Array
        (
            [probability] => 0
        )

    [isDayTime] => 1
    [timestamp] => 2024-12-07 07:18:18
)

[2024-12-07 07:18:37] Weather table created or already exists
[2024-12-07 07:18:37] Requesting URL: https://api.open-meteo.com/v1/forecast?latitude=23.2502603&longitude=77.5255509&current=temperature_2m%2Crelative_humidity_2m%2Cweather_code%2Cwind_speed_10m%2Cis_day&timezone=auto&forecast_days=1
[2024-12-07 07:18:38] Successfully fetched weather data: Array
(
    [temperature] => Array
        (
            [metric] => 24.5
            [imperial] => 76.1
        )

    [weatherCode] => 2
    [weatherText] => Partly cloudy
    [windSpeed] => Array
        (
            [metric] => 8
            [imperial] => 4.970968
        )

    [humidity] => 49
    [precipitation] => Array
        (
            [probability] => 0
        )

    [isDayTime] => 1
    [timestamp] => 2024-12-07 07:18:38
)

[2024-12-07 07:19:58] Weather table created or already exists
[2024-12-07 07:19:58] Requesting URL: https://api.open-meteo.com/v1/forecast?latitude=23.250258&longitude=77.5255559&current=temperature_2m%2Crelative_humidity_2m%2Cweather_code%2Cwind_speed_10m%2Cis_day&timezone=auto&forecast_days=1
[2024-12-07 07:19:59] Successfully fetched weather data: Array
(
    [temperature] => Array
        (
            [metric] => 24.5
            [imperial] => 76.1
        )

    [weatherCode] => 2
    [weatherText] => Partly cloudy
    [windSpeed] => Array
        (
            [metric] => 8
            [imperial] => 4.970968
        )

    [humidity] => 49
    [precipitation] => Array
        (
            [probability] => 0
        )

    [isDayTime] => 1
    [timestamp] => 2024-12-07 07:19:59
)

[2024-12-07 07:21:09] Weather table created or already exists
[2024-12-07 07:21:09] Requesting URL: https://api.open-meteo.com/v1/forecast?latitude=23.2502584&longitude=77.5255556&current=temperature_2m%2Crelative_humidity_2m%2Cweather_code%2Cwind_speed_10m%2Cis_day&timezone=auto&forecast_days=1
[2024-12-07 07:21:10] Successfully fetched weather data: Array
(
    [temperature] => Array
        (
            [metric] => 24.5
            [imperial] => 76.1
        )

    [weatherCode] => 2
    [weatherText] => Partly cloudy
    [windSpeed] => Array
        (
            [metric] => 8
            [imperial] => 4.970968
        )

    [humidity] => 49
    [precipitation] => Array
        (
            [probability] => 0
        )

    [isDayTime] => 1
    [timestamp] => 2024-12-07 07:21:10
)

[2024-12-07 07:21:17] Weather table created or already exists
[2024-12-07 07:21:17] Requesting URL: https://api.open-meteo.com/v1/forecast?latitude=23.2502584&longitude=77.5255556&current=temperature_2m%2Crelative_humidity_2m%2Cweather_code%2Cwind_speed_10m%2Cis_day&timezone=auto&forecast_days=1
[2024-12-07 07:21:17] Successfully fetched weather data: Array
(
    [temperature] => Array
        (
            [metric] => 24.5
            [imperial] => 76.1
        )

    [weatherCode] => 2
    [weatherText] => Partly cloudy
    [windSpeed] => Array
        (
            [metric] => 8
            [imperial] => 4.970968
        )

    [humidity] => 49
    [precipitation] => Array
        (
            [probability] => 0
        )

    [isDayTime] => 1
    [timestamp] => 2024-12-07 07:21:17
)

[2024-12-07 07:21:18] Weather table created or already exists
[2024-12-07 07:21:18] Requesting URL: https://api.open-meteo.com/v1/forecast?latitude=23.2502584&longitude=77.5255556&current=temperature_2m%2Crelative_humidity_2m%2Cweather_code%2Cwind_speed_10m%2Cis_day&timezone=auto&forecast_days=1
[2024-12-07 07:21:19] Successfully fetched weather data: Array
(
    [temperature] => Array
        (
            [metric] => 24.5
            [imperial] => 76.1
        )

    [weatherCode] => 2
    [weatherText] => Partly cloudy
    [windSpeed] => Array
        (
            [metric] => 8
            [imperial] => 4.970968
        )

    [humidity] => 49
    [precipitation] => Array
        (
            [probability] => 0
        )

    [isDayTime] => 1
    [timestamp] => 2024-12-07 07:21:19
)

[2024-12-07 07:36:19] Weather table created or already exists
[2024-12-07 07:36:19] Requesting URL: https://api.open-meteo.com/v1/forecast?latitude=23.2502584&longitude=77.5255556&current=temperature_2m%2Crelative_humidity_2m%2Cweather_code%2Cwind_speed_10m%2Cis_day&timezone=auto&forecast_days=1
[2024-12-07 07:36:19] Successfully fetched weather data: Array
(
    [temperature] => Array
        (
            [metric] => 24.8
            [imperial] => 76.64
        )

    [weatherCode] => 2
    [weatherText] => Partly cloudy
    [windSpeed] => Array
        (
            [metric] => 7.9
            [imperial] => 4.9088309
        )

    [humidity] => 48
    [precipitation] => Array
        (
            [probability] => 0
        )

    [isDayTime] => 1
    [timestamp] => 2024-12-07 07:36:19
)

[2024-12-07 07:51:19] Weather table created or already exists
[2024-12-07 07:51:19] Requesting URL: https://api.open-meteo.com/v1/forecast?latitude=23.2502584&longitude=77.5255556&current=temperature_2m%2Crelative_humidity_2m%2Cweather_code%2Cwind_speed_10m%2Cis_day&timezone=auto&forecast_days=1
[2024-12-07 07:51:20] Successfully fetched weather data: Array
(
    [temperature] => Array
        (
            [metric] => 25.1
            [imperial] => 77.18
        )

    [weatherCode] => 2
    [weatherText] => Partly cloudy
    [windSpeed] => Array
        (
            [metric] => 7.6
            [imperial] => 4.7224196
        )

    [humidity] => 48
    [precipitation] => Array
        (
            [probability] => 0
        )

    [isDayTime] => 1
    [timestamp] => 2024-12-07 07:51:20
)

[2024-12-07 08:06:19] Weather table created or already exists
[2024-12-07 08:06:19] Requesting URL: https://api.open-meteo.com/v1/forecast?latitude=23.2502584&longitude=77.5255556&current=temperature_2m%2Crelative_humidity_2m%2Cweather_code%2Cwind_speed_10m%2Cis_day&timezone=auto&forecast_days=1
[2024-12-07 08:06:19] Successfully fetched weather data: Array
(
    [temperature] => Array
        (
            [metric] => 25.3
            [imperial] => 77.54
        )

    [weatherCode] => 2
    [weatherText] => Partly cloudy
    [windSpeed] => Array
        (
            [metric] => 7.6
            [imperial] => 4.7224196
        )

    [humidity] => 47
    [precipitation] => Array
        (
            [probability] => 0
        )

    [isDayTime] => 1
    [timestamp] => 2024-12-07 08:06:19
)

[2024-12-07 08:21:19] Weather table created or already exists
[2024-12-07 08:21:19] Requesting URL: https://api.open-meteo.com/v1/forecast?latitude=23.2502584&longitude=77.5255556&current=temperature_2m%2Crelative_humidity_2m%2Cweather_code%2Cwind_speed_10m%2Cis_day&timezone=auto&forecast_days=1
[2024-12-07 08:21:19] Successfully fetched weather data: Array
(
    [temperature] => Array
        (
            [metric] => 25.6
            [imperial] => 78.08
        )

    [weatherCode] => 2
    [weatherText] => Partly cloudy
    [windSpeed] => Array
        (
            [metric] => 7.6
            [imperial] => 4.7224196
        )

    [humidity] => 46
    [precipitation] => Array
        (
            [probability] => 0
        )

    [isDayTime] => 1
    [timestamp] => 2024-12-07 08:21:19
)

[2024-12-07 08:37:10] Weather table created or already exists
[2024-12-07 08:37:10] Requesting URL: https://api.open-meteo.com/v1/forecast?latitude=23.2502584&longitude=77.5255556&current=temperature_2m%2Crelative_humidity_2m%2Cweather_code%2Cwind_speed_10m%2Cis_day&timezone=auto&forecast_days=1
[2024-12-07 08:37:11] Successfully fetched weather data: Array
(
    [temperature] => Array
        (
            [metric] => 25.9
            [imperial] => 78.62
        )

    [weatherCode] => 2
    [weatherText] => Partly cloudy
    [windSpeed] => Array
        (
            [metric] => 7.3
            [imperial] => 4.5360083
        )

    [humidity] => 46
    [precipitation] => Array
        (
            [probability] => 0
        )

    [isDayTime] => 1
    [timestamp] => 2024-12-07 08:37:11
)

[2024-12-07 08:52:10] Weather table created or already exists
[2024-12-07 08:52:10] Requesting URL: https://api.open-meteo.com/v1/forecast?latitude=23.2502584&longitude=77.5255556&current=temperature_2m%2Crelative_humidity_2m%2Cweather_code%2Cwind_speed_10m%2Cis_day&timezone=auto&forecast_days=1
[2024-12-07 08:52:10] Successfully fetched weather data: Array
(
    [temperature] => Array
        (
            [metric] => 26
            [imperial] => 78.8
        )

    [weatherCode] => 2
    [weatherText] => Partly cloudy
    [windSpeed] => Array
        (
            [metric] => 7
            [imperial] => 4.349597
        )

    [humidity] => 45
    [precipitation] => Array
        (
            [probability] => 0
        )

    [isDayTime] => 1
    [timestamp] => 2024-12-07 08:52:10
)

[2024-12-07 09:07:10] Weather table created or already exists
[2024-12-07 09:07:10] Requesting URL: https://api.open-meteo.com/v1/forecast?latitude=23.2502584&longitude=77.5255556&current=temperature_2m%2Crelative_humidity_2m%2Cweather_code%2Cwind_speed_10m%2Cis_day&timezone=auto&forecast_days=1
[2024-12-07 09:07:11] Successfully fetched weather data: Array
(
    [temperature] => Array
        (
            [metric] => 26.2
            [imperial] => 79.16
        )

    [weatherCode] => 2
    [weatherText] => Partly cloudy
    [windSpeed] => Array
        (
            [metric] => 7.1
            [imperial] => 4.4117341
        )

    [humidity] => 45
    [precipitation] => Array
        (
            [probability] => 0
        )

    [isDayTime] => 1
    [timestamp] => 2024-12-07 09:07:11
)

[2024-12-07 09:22:10] Weather table created or already exists
[2024-12-07 09:22:10] Requesting URL: https://api.open-meteo.com/v1/forecast?latitude=23.2502584&longitude=77.5255556&current=temperature_2m%2Crelative_humidity_2m%2Cweather_code%2Cwind_speed_10m%2Cis_day&timezone=auto&forecast_days=1
[2024-12-07 09:22:10] Successfully fetched weather data: Array
(
    [temperature] => Array
        (
            [metric] => 26.4
            [imperial] => 79.52
        )

    [weatherCode] => 2
    [weatherText] => Partly cloudy
    [windSpeed] => Array
        (
            [metric] => 5.8
            [imperial] => 3.6039518
        )

    [humidity] => 45
    [precipitation] => Array
        (
            [probability] => 0
        )

    [isDayTime] => 1
    [timestamp] => 2024-12-07 09:22:10
)

[2024-12-07 09:37:10] Weather table created or already exists
[2024-12-07 09:37:10] Requesting URL: https://api.open-meteo.com/v1/forecast?latitude=23.2502584&longitude=77.5255556&current=temperature_2m%2Crelative_humidity_2m%2Cweather_code%2Cwind_speed_10m%2Cis_day&timezone=auto&forecast_days=1
[2024-12-07 09:37:10] Successfully fetched weather data: Array
(
    [temperature] => Array
        (
            [metric] => 26.5
            [imperial] => 79.7
        )

    [weatherCode] => 2
    [weatherText] => Partly cloudy
    [windSpeed] => Array
        (
            [metric] => 3.8
            [imperial] => 2.3612098
        )

    [humidity] => 45
    [precipitation] => Array
        (
            [probability] => 0
        )

    [isDayTime] => 1
    [timestamp] => 2024-12-07 09:37:10
)

[2024-12-07 09:52:10] Weather table created or already exists
[2024-12-07 09:52:10] Requesting URL: https://api.open-meteo.com/v1/forecast?latitude=23.2502584&longitude=77.5255556&current=temperature_2m%2Crelative_humidity_2m%2Cweather_code%2Cwind_speed_10m%2Cis_day&timezone=auto&forecast_days=1
[2024-12-07 09:52:11] Successfully fetched weather data: Array
(
    [temperature] => Array
        (
            [metric] => 26.5
            [imperial] => 79.7
        )

    [weatherCode] => 2
    [weatherText] => Partly cloudy
    [windSpeed] => Array
        (
            [metric] => 2.6
            [imperial] => 1.6155646
        )

    [humidity] => 46
    [precipitation] => Array
        (
            [probability] => 0
        )

    [isDayTime] => 1
    [timestamp] => 2024-12-07 09:52:11
)

[2024-12-07 10:07:10] Weather table created or already exists
[2024-12-07 10:07:10] Requesting URL: https://api.open-meteo.com/v1/forecast?latitude=23.2502584&longitude=77.5255556&current=temperature_2m%2Crelative_humidity_2m%2Cweather_code%2Cwind_speed_10m%2Cis_day&timezone=auto&forecast_days=1
[2024-12-07 10:07:10] Successfully fetched weather data: Array
(
    [temperature] => Array
        (
            [metric] => 26.6
            [imperial] => 79.88
        )

    [weatherCode] => 2
    [weatherText] => Partly cloudy
    [windSpeed] => Array
        (
            [metric] => 3
            [imperial] => 1.864113
        )

    [humidity] => 46
    [precipitation] => Array
        (
            [probability] => 0
        )

    [isDayTime] => 1
    [timestamp] => 2024-12-07 10:07:10
)

[2024-12-07 10:22:10] Weather table created or already exists
[2024-12-07 10:22:10] Requesting URL: https://api.open-meteo.com/v1/forecast?latitude=23.2502584&longitude=77.5255556&current=temperature_2m%2Crelative_humidity_2m%2Cweather_code%2Cwind_speed_10m%2Cis_day&timezone=auto&forecast_days=1
[2024-12-07 10:22:10] Successfully fetched weather data: Array
(
    [temperature] => Array
        (
            [metric] => 27
            [imperial] => 80.6
        )

    [weatherCode] => 1
    [weatherText] => Mainly clear
    [windSpeed] => Array
        (
            [metric] => 2.5
            [imperial] => 1.5534275
        )

    [humidity] => 42
    [precipitation] => Array
        (
            [probability] => 0
        )

    [isDayTime] => 1
    [timestamp] => 2024-12-07 10:22:10
)

[2024-12-07 10:29:07] Weather table created or already exists
[2024-12-07 10:29:07] Requesting URL: https://api.open-meteo.com/v1/forecast?latitude=23.250255&longitude=77.5255518&current=temperature_2m%2Crelative_humidity_2m%2Cweather_code%2Cwind_speed_10m%2Cis_day&timezone=auto&forecast_days=1
[2024-12-07 10:29:08] Successfully fetched weather data: Array
(
    [temperature] => Array
        (
            [metric] => 27
            [imperial] => 80.6
        )

    [weatherCode] => 1
    [weatherText] => Mainly clear
    [windSpeed] => Array
        (
            [metric] => 2.5
            [imperial] => 1.5534275
        )

    [humidity] => 42
    [precipitation] => Array
        (
            [probability] => 0
        )

    [isDayTime] => 1
    [timestamp] => 2024-12-07 10:29:08
)

[2024-12-07 10:29:08] Weather table created or already exists
[2024-12-07 10:29:08] Requesting URL: https://api.open-meteo.com/v1/forecast?latitude=23.250255&longitude=77.5255518&current=temperature_2m%2Crelative_humidity_2m%2Cweather_code%2Cwind_speed_10m%2Cis_day&timezone=auto&forecast_days=1
[2024-12-07 10:29:09] Successfully fetched weather data: Array
(
    [temperature] => Array
        (
            [metric] => 27
            [imperial] => 80.6
        )

    [weatherCode] => 1
    [weatherText] => Mainly clear
    [windSpeed] => Array
        (
            [metric] => 2.5
            [imperial] => 1.5534275
        )

    [humidity] => 42
    [precipitation] => Array
        (
            [probability] => 0
        )

    [isDayTime] => 1
    [timestamp] => 2024-12-07 10:29:09
)

[2024-12-07 10:29:28] Weather table created or already exists
[2024-12-07 10:29:28] Requesting URL: https://api.open-meteo.com/v1/forecast?latitude=23.250255&longitude=77.5255518&current=temperature_2m%2Crelative_humidity_2m%2Cweather_code%2Cwind_speed_10m%2Cis_day&timezone=auto&forecast_days=1
[2024-12-07 10:29:29] Successfully fetched weather data: Array
(
    [temperature] => Array
        (
            [metric] => 27
            [imperial] => 80.6
        )

    [weatherCode] => 1
    [weatherText] => Mainly clear
    [windSpeed] => Array
        (
            [metric] => 2.5
            [imperial] => 1.5534275
        )

    [humidity] => 42
    [precipitation] => Array
        (
            [probability] => 0
        )

    [isDayTime] => 1
    [timestamp] => 2024-12-07 10:29:29
)

[2024-12-07 10:29:30] Weather table created or already exists
[2024-12-07 10:29:30] Requesting URL: https://api.open-meteo.com/v1/forecast?latitude=23.250255&longitude=77.5255518&current=temperature_2m%2Crelative_humidity_2m%2Cweather_code%2Cwind_speed_10m%2Cis_day&timezone=auto&forecast_days=1
[2024-12-07 10:29:31] Successfully fetched weather data: Array
(
    [temperature] => Array
        (
            [metric] => 27
            [imperial] => 80.6
        )

    [weatherCode] => 1
    [weatherText] => Mainly clear
    [windSpeed] => Array
        (
            [metric] => 2.5
            [imperial] => 1.5534275
        )

    [humidity] => 42
    [precipitation] => Array
        (
            [probability] => 0
        )

    [isDayTime] => 1
    [timestamp] => 2024-12-07 10:29:31
)

[2024-12-07 10:29:57] Weather table created or already exists
[2024-12-07 10:29:57] Requesting URL: https://api.open-meteo.com/v1/forecast?latitude=23.250255&longitude=77.5255518&current=temperature_2m%2Crelative_humidity_2m%2Cweather_code%2Cwind_speed_10m%2Cis_day&timezone=auto&forecast_days=1
[2024-12-07 10:29:58] Successfully fetched weather data: Array
(
    [temperature] => Array
        (
            [metric] => 27
            [imperial] => 80.6
        )

    [weatherCode] => 1
    [weatherText] => Mainly clear
    [windSpeed] => Array
        (
            [metric] => 2.9
            [imperial] => 1.8019759
        )

    [humidity] => 42
    [precipitation] => Array
        (
            [probability] => 0
        )

    [isDayTime] => 1
    [timestamp] => 2024-12-07 10:29:58
)

[2024-12-07 10:44:58] Weather table created or already exists
[2024-12-07 10:44:58] Requesting URL: https://api.open-meteo.com/v1/forecast?latitude=23.250255&longitude=77.5255518&current=temperature_2m%2Crelative_humidity_2m%2Cweather_code%2Cwind_speed_10m%2Cis_day&timezone=auto&forecast_days=1
[2024-12-07 10:44:58] Successfully fetched weather data: Array
(
    [temperature] => Array
        (
            [metric] => 27
            [imperial] => 80.6
        )

    [weatherCode] => 1
    [weatherText] => Mainly clear
    [windSpeed] => Array
        (
            [metric] => 4.1
            [imperial] => 2.5476211
        )

    [humidity] => 42
    [precipitation] => Array
        (
            [probability] => 0
        )

    [isDayTime] => 1
    [timestamp] => 2024-12-07 10:44:58
)

[2024-12-07 10:59:58] Weather table created or already exists
[2024-12-07 10:59:58] Requesting URL: https://api.open-meteo.com/v1/forecast?latitude=23.250255&longitude=77.5255518&current=temperature_2m%2Crelative_humidity_2m%2Cweather_code%2Cwind_speed_10m%2Cis_day&timezone=auto&forecast_days=1
[2024-12-07 10:59:59] Successfully fetched weather data: Array
(
    [temperature] => Array
        (
            [metric] => 27
            [imperial] => 80.6
        )

    [weatherCode] => 2
    [weatherText] => Partly cloudy
    [windSpeed] => Array
        (
            [metric] => 4.9
            [imperial] => 3.0447179
        )

    [humidity] => 42
    [precipitation] => Array
        (
            [probability] => 0
        )

    [isDayTime] => 1
    [timestamp] => 2024-12-07 10:59:59
)

[2024-12-07 11:14:58] Weather table created or already exists
[2024-12-07 11:14:58] Requesting URL: https://api.open-meteo.com/v1/forecast?latitude=23.250255&longitude=77.5255518&current=temperature_2m%2Crelative_humidity_2m%2Cweather_code%2Cwind_speed_10m%2Cis_day&timezone=auto&forecast_days=1
[2024-12-07 11:14:58] Successfully fetched weather data: Array
(
    [temperature] => Array
        (
            [metric] => 26.9
            [imperial] => 80.42
        )

    [weatherCode] => 2
    [weatherText] => Partly cloudy
    [windSpeed] => Array
        (
            [metric] => 4.7
            [imperial] => 2.9204437
        )

    [humidity] => 42
    [precipitation] => Array
        (
            [probability] => 0
        )

    [isDayTime] => 1
    [timestamp] => 2024-12-07 11:14:58
)

[2024-12-07 11:29:58] Weather table created or already exists
[2024-12-07 11:29:58] Requesting URL: https://api.open-meteo.com/v1/forecast?latitude=23.250255&longitude=77.5255518&current=temperature_2m%2Crelative_humidity_2m%2Cweather_code%2Cwind_speed_10m%2Cis_day&timezone=auto&forecast_days=1
[2024-12-07 11:29:58] Successfully fetched weather data: Array
(
    [temperature] => Array
        (
            [metric] => 26.8
            [imperial] => 80.24
        )

    [weatherCode] => 2
    [weatherText] => Partly cloudy
    [windSpeed] => Array
        (
            [metric] => 3.9
            [imperial] => 2.4233469
        )

    [humidity] => 43
    [precipitation] => Array
        (
            [probability] => 0
        )

    [isDayTime] => 1
    [timestamp] => 2024-12-07 11:29:58
)

[2024-12-07 11:45:10] Weather table created or already exists
[2024-12-07 11:45:10] Requesting URL: https://api.open-meteo.com/v1/forecast?latitude=23.250255&longitude=77.5255518&current=temperature_2m%2Crelative_humidity_2m%2Cweather_code%2Cwind_speed_10m%2Cis_day&timezone=auto&forecast_days=1
[2024-12-07 11:45:11] Successfully fetched weather data: Array
(
    [temperature] => Array
        (
            [metric] => 26.7
            [imperial] => 80.06
        )

    [weatherCode] => 2
    [weatherText] => Partly cloudy
    [windSpeed] => Array
        (
            [metric] => 2.9
            [imperial] => 1.8019759
        )

    [humidity] => 43
    [precipitation] => Array
        (
            [probability] => 0
        )

    [isDayTime] => 1
    [timestamp] => 2024-12-07 11:45:11
)

[2024-12-07 12:00:10] Weather table created or already exists
[2024-12-07 12:00:10] Requesting URL: https://api.open-meteo.com/v1/forecast?latitude=23.250255&longitude=77.5255518&current=temperature_2m%2Crelative_humidity_2m%2Cweather_code%2Cwind_speed_10m%2Cis_day&timezone=auto&forecast_days=1
[2024-12-07 12:00:10] Successfully fetched weather data: Array
(
    [temperature] => Array
        (
            [metric] => 26.6
            [imperial] => 79.88
        )

    [weatherCode] => 2
    [weatherText] => Partly cloudy
    [windSpeed] => Array
        (
            [metric] => 2.1
            [imperial] => 1.3048791
        )

    [humidity] => 43
    [precipitation] => Array
        (
            [probability] => 0
        )

    [isDayTime] => 1
    [timestamp] => 2024-12-07 12:00:10
)

[2024-12-07 12:15:10] Weather table created or already exists
[2024-12-07 12:15:10] Requesting URL: https://api.open-meteo.com/v1/forecast?latitude=23.250255&longitude=77.5255518&current=temperature_2m%2Crelative_humidity_2m%2Cweather_code%2Cwind_speed_10m%2Cis_day&timezone=auto&forecast_days=1
[2024-12-07 12:15:10] Successfully fetched weather data: Array
(
    [temperature] => Array
        (
            [metric] => 26.4
            [imperial] => 79.52
        )

    [weatherCode] => 2
    [weatherText] => Partly cloudy
    [windSpeed] => Array
        (
            [metric] => 1.1
            [imperial] => 0.6835081
        )

    [humidity] => 44
    [precipitation] => Array
        (
            [probability] => 0
        )

    [isDayTime] => 1
    [timestamp] => 2024-12-07 12:15:10
)

[2024-12-07 14:45:00] Weather table created or already exists
[2024-12-07 14:45:00] Requesting URL: https://api.open-meteo.com/v1/forecast?latitude=22.757376&longitude=75.9103488&current=temperature_2m%2Crelative_humidity_2m%2Cweather_code%2Cwind_speed_10m%2Cis_day&timezone=auto&forecast_days=1
[2024-12-07 14:45:01] Successfully fetched weather data: Array
(
    [temperature] => Array
        (
            [metric] => 22
            [imperial] => 71.6
        )

    [weatherCode] => 1
    [weatherText] => Mainly clear
    [windSpeed] => Array
        (
            [metric] => 4.6
            [imperial] => 2.8583066
        )

    [humidity] => 55
    [precipitation] => Array
        (
            [probability] => 0
        )

    [isDayTime] => 
    [timestamp] => 2024-12-07 14:45:01
)

[2024-12-07 14:46:17] Weather table created or already exists
[2024-12-07 14:46:17] Requesting URL: https://api.open-meteo.com/v1/forecast?latitude=22.757376&longitude=75.9103488&current=temperature_2m%2Crelative_humidity_2m%2Cweather_code%2Cwind_speed_10m%2Cis_day&timezone=auto&forecast_days=1
[2024-12-07 14:46:18] Successfully fetched weather data: Array
(
    [temperature] => Array
        (
            [metric] => 22
            [imperial] => 71.6
        )

    [weatherCode] => 1
    [weatherText] => Mainly clear
    [windSpeed] => Array
        (
            [metric] => 4.6
            [imperial] => 2.8583066
        )

    [humidity] => 55
    [precipitation] => Array
        (
            [probability] => 0
        )

    [isDayTime] => 
    [timestamp] => 2024-12-07 14:46:18
)

[2024-12-07 14:46:18] Weather table created or already exists
[2024-12-07 14:46:18] Requesting URL: https://api.open-meteo.com/v1/forecast?latitude=22.757376&longitude=75.9103488&current=temperature_2m%2Crelative_humidity_2m%2Cweather_code%2Cwind_speed_10m%2Cis_day&timezone=auto&forecast_days=1
[2024-12-07 14:46:18] Successfully fetched weather data: Array
(
    [temperature] => Array
        (
            [metric] => 22
            [imperial] => 71.6
        )

    [weatherCode] => 1
    [weatherText] => Mainly clear
    [windSpeed] => Array
        (
            [metric] => 4.6
            [imperial] => 2.8583066
        )

    [humidity] => 55
    [precipitation] => Array
        (
            [probability] => 0
        )

    [isDayTime] => 
    [timestamp] => 2024-12-07 14:46:18
)

[2024-12-07 14:46:18] Weather table created or already exists
[2024-12-07 14:46:18] Requesting URL: https://api.open-meteo.com/v1/forecast?latitude=22.757376&longitude=75.9103488&current=temperature_2m%2Crelative_humidity_2m%2Cweather_code%2Cwind_speed_10m%2Cis_day&timezone=auto&forecast_days=1
[2024-12-07 14:46:19] Successfully fetched weather data: Array
(
    [temperature] => Array
        (
            [metric] => 22
            [imperial] => 71.6
        )

    [weatherCode] => 1
    [weatherText] => Mainly clear
    [windSpeed] => Array
        (
            [metric] => 4.6
            [imperial] => 2.8583066
        )

    [humidity] => 55
    [precipitation] => Array
        (
            [probability] => 0
        )

    [isDayTime] => 
    [timestamp] => 2024-12-07 14:46:19
)

[2024-12-07 14:46:19] Weather table created or already exists
[2024-12-07 14:46:19] Requesting URL: https://api.open-meteo.com/v1/forecast?latitude=22.757376&longitude=75.9103488&current=temperature_2m%2Crelative_humidity_2m%2Cweather_code%2Cwind_speed_10m%2Cis_day&timezone=auto&forecast_days=1
[2024-12-07 14:46:19] Successfully fetched weather data: Array
(
    [temperature] => Array
        (
            [metric] => 22
            [imperial] => 71.6
        )

    [weatherCode] => 1
    [weatherText] => Mainly clear
    [windSpeed] => Array
        (
            [metric] => 4.6
            [imperial] => 2.8583066
        )

    [humidity] => 55
    [precipitation] => Array
        (
            [probability] => 0
        )

    [isDayTime] => 
    [timestamp] => 2024-12-07 14:46:19
)

[2024-12-07 14:46:20] Weather table created or already exists
[2024-12-07 14:46:20] Requesting URL: https://api.open-meteo.com/v1/forecast?latitude=22.757376&longitude=75.9103488&current=temperature_2m%2Crelative_humidity_2m%2Cweather_code%2Cwind_speed_10m%2Cis_day&timezone=auto&forecast_days=1
[2024-12-07 14:46:20] Successfully fetched weather data: Array
(
    [temperature] => Array
        (
            [metric] => 22
            [imperial] => 71.6
        )

    [weatherCode] => 1
    [weatherText] => Mainly clear
    [windSpeed] => Array
        (
            [metric] => 4.6
            [imperial] => 2.8583066
        )

    [humidity] => 55
    [precipitation] => Array
        (
            [probability] => 0
        )

    [isDayTime] => 
    [timestamp] => 2024-12-07 14:46:20
)

[2024-12-07 14:46:20] Weather table created or already exists
[2024-12-07 14:46:20] Requesting URL: https://api.open-meteo.com/v1/forecast?latitude=22.757376&longitude=75.9103488&current=temperature_2m%2Crelative_humidity_2m%2Cweather_code%2Cwind_speed_10m%2Cis_day&timezone=auto&forecast_days=1
[2024-12-07 14:46:21] Successfully fetched weather data: Array
(
    [temperature] => Array
        (
            [metric] => 22
            [imperial] => 71.6
        )

    [weatherCode] => 1
    [weatherText] => Mainly clear
    [windSpeed] => Array
        (
            [metric] => 4.6
            [imperial] => 2.8583066
        )

    [humidity] => 55
    [precipitation] => Array
        (
            [probability] => 0
        )

    [isDayTime] => 
    [timestamp] => 2024-12-07 14:46:21
)

[2024-12-07 14:46:21] Weather table created or already exists
[2024-12-07 14:46:21] Requesting URL: https://api.open-meteo.com/v1/forecast?latitude=22.757376&longitude=75.9103488&current=temperature_2m%2Crelative_humidity_2m%2Cweather_code%2Cwind_speed_10m%2Cis_day&timezone=auto&forecast_days=1
[2024-12-07 14:46:21] Successfully fetched weather data: Array
(
    [temperature] => Array
        (
            [metric] => 22
            [imperial] => 71.6
        )

    [weatherCode] => 1
    [weatherText] => Mainly clear
    [windSpeed] => Array
        (
            [metric] => 4.6
            [imperial] => 2.8583066
        )

    [humidity] => 55
    [precipitation] => Array
        (
            [probability] => 0
        )

    [isDayTime] => 
    [timestamp] => 2024-12-07 14:46:21
)

[2024-12-07 14:46:21] Weather table created or already exists
[2024-12-07 14:46:21] Requesting URL: https://api.open-meteo.com/v1/forecast?latitude=22.757376&longitude=75.9103488&current=temperature_2m%2Crelative_humidity_2m%2Cweather_code%2Cwind_speed_10m%2Cis_day&timezone=auto&forecast_days=1
[2024-12-07 14:46:22] Successfully fetched weather data: Array
(
    [temperature] => Array
        (
            [metric] => 22
            [imperial] => 71.6
        )

    [weatherCode] => 1
    [weatherText] => Mainly clear
    [windSpeed] => Array
        (
            [metric] => 4.6
            [imperial] => 2.8583066
        )

    [humidity] => 55
    [precipitation] => Array
        (
            [probability] => 0
        )

    [isDayTime] => 
    [timestamp] => 2024-12-07 14:46:22
)

[2024-12-07 14:46:22] Weather table created or already exists
[2024-12-07 14:46:22] Requesting URL: https://api.open-meteo.com/v1/forecast?latitude=22.757376&longitude=75.9103488&current=temperature_2m%2Crelative_humidity_2m%2Cweather_code%2Cwind_speed_10m%2Cis_day&timezone=auto&forecast_days=1
[2024-12-07 14:46:23] Successfully fetched weather data: Array
(
    [temperature] => Array
        (
            [metric] => 22
            [imperial] => 71.6
        )

    [weatherCode] => 1
    [weatherText] => Mainly clear
    [windSpeed] => Array
        (
            [metric] => 4.6
            [imperial] => 2.8583066
        )

    [humidity] => 55
    [precipitation] => Array
        (
            [probability] => 0
        )

    [isDayTime] => 
    [timestamp] => 2024-12-07 14:46:23
)

[2024-12-07 14:46:23] Weather table created or already exists
[2024-12-07 14:46:23] Requesting URL: https://api.open-meteo.com/v1/forecast?latitude=22.757376&longitude=75.9103488&current=temperature_2m%2Crelative_humidity_2m%2Cweather_code%2Cwind_speed_10m%2Cis_day&timezone=auto&forecast_days=1
[2024-12-07 14:46:23] Successfully fetched weather data: Array
(
    [temperature] => Array
        (
            [metric] => 22
            [imperial] => 71.6
        )

    [weatherCode] => 1
    [weatherText] => Mainly clear
    [windSpeed] => Array
        (
            [metric] => 4.6
            [imperial] => 2.8583066
        )

    [humidity] => 55
    [precipitation] => Array
        (
            [probability] => 0
        )

    [isDayTime] => 
    [timestamp] => 2024-12-07 14:46:23
)

[2024-12-07 14:46:23] Weather table created or already exists
[2024-12-07 14:46:23] Requesting URL: https://api.open-meteo.com/v1/forecast?latitude=22.757376&longitude=75.9103488&current=temperature_2m%2Crelative_humidity_2m%2Cweather_code%2Cwind_speed_10m%2Cis_day&timezone=auto&forecast_days=1
[2024-12-07 14:46:24] Successfully fetched weather data: Array
(
    [temperature] => Array
        (
            [metric] => 22
            [imperial] => 71.6
        )

    [weatherCode] => 1
    [weatherText] => Mainly clear
    [windSpeed] => Array
        (
            [metric] => 4.6
            [imperial] => 2.8583066
        )

    [humidity] => 55
    [precipitation] => Array
        (
            [probability] => 0
        )

    [isDayTime] => 
    [timestamp] => 2024-12-07 14:46:24
)

[2024-12-07 14:48:22] Weather table created or already exists
[2024-12-07 14:48:22] Requesting URL: https://api.open-meteo.com/v1/forecast?latitude=23.2365681&longitude=77.4882763&current=temperature_2m%2Crelative_humidity_2m%2Cweather_code%2Cwind_speed_10m%2Cis_day&timezone=auto&forecast_days=1
[2024-12-07 14:48:23] Successfully fetched weather data: Array
(
    [temperature] => Array
        (
            [metric] => 21.8
            [imperial] => 71.24
        )

    [weatherCode] => 2
    [weatherText] => Partly cloudy
    [windSpeed] => Array
        (
            [metric] => 3.9
            [imperial] => 2.4233469
        )

    [humidity] => 68
    [precipitation] => Array
        (
            [probability] => 0
        )

    [isDayTime] => 
    [timestamp] => 2024-12-07 14:48:23
)

[2024-12-07 14:56:24] Weather table created or already exists
[2024-12-07 14:56:24] Requesting URL: https://api.open-meteo.com/v1/forecast?latitude=22.757376&longitude=75.9103488&current=temperature_2m%2Crelative_humidity_2m%2Cweather_code%2Cwind_speed_10m%2Cis_day&timezone=auto&forecast_days=1
[2024-12-07 14:56:24] Successfully fetched weather data: Array
(
    [temperature] => Array
        (
            [metric] => 22
            [imperial] => 71.6
        )

    [weatherCode] => 1
    [weatherText] => Mainly clear
    [windSpeed] => Array
        (
            [metric] => 4.6
            [imperial] => 2.8583066
        )

    [humidity] => 55
    [precipitation] => Array
        (
            [probability] => 0
        )

    [isDayTime] => 
    [timestamp] => 2024-12-07 14:56:24
)

[2024-12-07 14:56:39] Weather table created or already exists
[2024-12-07 14:56:39] Requesting URL: https://api.open-meteo.com/v1/forecast?latitude=22.757376&longitude=75.9103488&current=temperature_2m%2Crelative_humidity_2m%2Cweather_code%2Cwind_speed_10m%2Cis_day&timezone=auto&forecast_days=1
[2024-12-07 14:56:40] Successfully fetched weather data: Array
(
    [temperature] => Array
        (
            [metric] => 22
            [imperial] => 71.6
        )

    [weatherCode] => 1
    [weatherText] => Mainly clear
    [windSpeed] => Array
        (
            [metric] => 4.6
            [imperial] => 2.8583066
        )

    [humidity] => 55
    [precipitation] => Array
        (
            [probability] => 0
        )

    [isDayTime] => 
    [timestamp] => 2024-12-07 14:56:40
)

[2024-12-07 14:59:23] Weather table created or already exists
[2024-12-07 14:59:23] Requesting URL: https://api.open-meteo.com/v1/forecast?latitude=22.757376&longitude=75.9103488&current=temperature_2m%2Crelative_humidity_2m%2Cweather_code%2Cwind_speed_10m%2Cis_day&timezone=auto&forecast_days=1
[2024-12-07 14:59:23] Successfully fetched weather data: Array
(
    [temperature] => Array
        (
            [metric] => 22
            [imperial] => 71.6
        )

    [weatherCode] => 1
    [weatherText] => Mainly clear
    [windSpeed] => Array
        (
            [metric] => 4.6
            [imperial] => 2.8583066
        )

    [humidity] => 55
    [precipitation] => Array
        (
            [probability] => 0
        )

    [isDayTime] => 
    [timestamp] => 2024-12-07 14:59:23
)

[2024-12-07 15:00:02] Weather table created or already exists
[2024-12-07 15:00:02] Requesting URL: https://api.open-meteo.com/v1/forecast?latitude=22.757376&longitude=75.9103488&current=temperature_2m%2Crelative_humidity_2m%2Cweather_code%2Cwind_speed_10m%2Cis_day&timezone=auto&forecast_days=1
[2024-12-07 15:00:02] Successfully fetched weather data: Array
(
    [temperature] => Array
        (
            [metric] => 21.8
            [imperial] => 71.24
        )

    [weatherCode] => 1
    [weatherText] => Mainly clear
    [windSpeed] => Array
        (
            [metric] => 4.6
            [imperial] => 2.8583066
        )

    [humidity] => 56
    [precipitation] => Array
        (
            [probability] => 0
        )

    [isDayTime] => 
    [timestamp] => 2024-12-07 15:00:02
)

[2024-12-07 15:12:35] Weather table created or already exists
[2024-12-07 15:12:35] Requesting URL: https://api.open-meteo.com/v1/forecast?latitude=22.757376&longitude=75.9103488&current=temperature_2m%2Crelative_humidity_2m%2Cweather_code%2Cwind_speed_10m%2Cis_day&timezone=auto&forecast_days=1
[2024-12-07 15:12:36] Successfully fetched weather data: Array
(
    [temperature] => Array
        (
            [metric] => 21.8
            [imperial] => 71.24
        )

    [weatherCode] => 1
    [weatherText] => Mainly clear
    [windSpeed] => Array
        (
            [metric] => 4.6
            [imperial] => 2.8583066
        )

    [humidity] => 56
    [precipitation] => Array
        (
            [probability] => 0
        )

    [isDayTime] => 
    [timestamp] => 2024-12-07 15:12:36
)

[2024-12-07 15:12:37] Weather table created or already exists
[2024-12-07 15:12:37] Requesting URL: https://api.open-meteo.com/v1/forecast?latitude=22.757376&longitude=75.9103488&current=temperature_2m%2Crelative_humidity_2m%2Cweather_code%2Cwind_speed_10m%2Cis_day&timezone=auto&forecast_days=1
[2024-12-07 15:12:38] Successfully fetched weather data: Array
(
    [temperature] => Array
        (
            [metric] => 21.8
            [imperial] => 71.24
        )

    [weatherCode] => 1
    [weatherText] => Mainly clear
    [windSpeed] => Array
        (
            [metric] => 4.6
            [imperial] => 2.8583066
        )

    [humidity] => 56
    [precipitation] => Array
        (
            [probability] => 0
        )

    [isDayTime] => 
    [timestamp] => 2024-12-07 15:12:38
)

[2024-12-07 15:16:01] Weather table created or already exists
[2024-12-07 15:16:01] Requesting URL: https://api.open-meteo.com/v1/forecast?latitude=22.757376&longitude=75.9103488&current=temperature_2m%2Crelative_humidity_2m%2Cweather_code%2Cwind_speed_10m%2Cis_day&timezone=auto&forecast_days=1
[2024-12-07 15:16:02] Successfully fetched weather data: Array
(
    [temperature] => Array
        (
            [metric] => 21.4
            [imperial] => 70.52
        )

    [weatherCode] => 1
    [weatherText] => Mainly clear
    [windSpeed] => Array
        (
            [metric] => 4.4
            [imperial] => 2.7340324
        )

    [humidity] => 57
    [precipitation] => Array
        (
            [probability] => 0
        )

    [isDayTime] => 
    [timestamp] => 2024-12-07 15:16:02
)

[2024-12-07 15:18:24] Weather table created or already exists
[2024-12-07 15:18:24] Requesting URL: https://api.open-meteo.com/v1/forecast?latitude=22.757376&longitude=75.9103488&current=temperature_2m%2Crelative_humidity_2m%2Cweather_code%2Cwind_speed_10m%2Cis_day&timezone=auto&forecast_days=1
[2024-12-07 15:18:25] Successfully fetched weather data: Array
(
    [temperature] => Array
        (
            [metric] => 21.4
            [imperial] => 70.52
        )

    [weatherCode] => 1
    [weatherText] => Mainly clear
    [windSpeed] => Array
        (
            [metric] => 4.4
            [imperial] => 2.7340324
        )

    [humidity] => 57
    [precipitation] => Array
        (
            [probability] => 0
        )

    [isDayTime] => 
    [timestamp] => 2024-12-07 15:18:25
)

[2024-12-07 15:18:58] Weather table created or already exists
[2024-12-07 15:18:58] Requesting URL: https://api.open-meteo.com/v1/forecast?latitude=22.757376&longitude=75.9103488&current=temperature_2m%2Crelative_humidity_2m%2Cweather_code%2Cwind_speed_10m%2Cis_day&timezone=auto&forecast_days=1
[2024-12-07 15:18:59] Successfully fetched weather data: Array
(
    [temperature] => Array
        (
            [metric] => 21.4
            [imperial] => 70.52
        )

    [weatherCode] => 1
    [weatherText] => Mainly clear
    [windSpeed] => Array
        (
            [metric] => 4.4
            [imperial] => 2.7340324
        )

    [humidity] => 57
    [precipitation] => Array
        (
            [probability] => 0
        )

    [isDayTime] => 
    [timestamp] => 2024-12-07 15:18:58
)

[2024-12-07 15:22:46] Weather table created or already exists
[2024-12-07 15:22:46] Requesting URL: https://api.open-meteo.com/v1/forecast?latitude=22.757376&longitude=75.9103488&current=temperature_2m%2Crelative_humidity_2m%2Cweather_code%2Cwind_speed_10m%2Cis_day&timezone=auto&forecast_days=1
[2024-12-07 15:22:47] Successfully fetched weather data: Array
(
    [temperature] => Array
        (
            [metric] => 21.4
            [imperial] => 70.52
        )

    [weatherCode] => 1
    [weatherText] => Mainly clear
    [windSpeed] => Array
        (
            [metric] => 4.4
            [imperial] => 2.7340324
        )

    [humidity] => 57
    [precipitation] => Array
        (
            [probability] => 0
        )

    [isDayTime] => 
    [timestamp] => 2024-12-07 15:22:47
)

[2024-12-07 15:27:39] Weather table created or already exists
[2024-12-07 15:27:39] Requesting URL: https://api.open-meteo.com/v1/forecast?latitude=22.757376&longitude=75.9103488&current=temperature_2m%2Crelative_humidity_2m%2Cweather_code%2Cwind_speed_10m%2Cis_day&timezone=auto&forecast_days=1
[2024-12-07 15:27:39] Successfully fetched weather data: Array
(
    [temperature] => Array
        (
            [metric] => 21.4
            [imperial] => 70.52
        )

    [weatherCode] => 1
    [weatherText] => Mainly clear
    [windSpeed] => Array
        (
            [metric] => 4.4
            [imperial] => 2.7340324
        )

    [humidity] => 57
    [precipitation] => Array
        (
            [probability] => 0
        )

    [isDayTime] => 
    [timestamp] => 2024-12-07 15:27:39
)

[2024-12-07 15:33:19] Weather table created or already exists
[2024-12-07 15:33:19] Requesting URL: https://api.open-meteo.com/v1/forecast?latitude=22.757376&longitude=75.9103488&current=temperature_2m%2Crelative_humidity_2m%2Cweather_code%2Cwind_speed_10m%2Cis_day&timezone=auto&forecast_days=1
[2024-12-07 15:33:19] Successfully fetched weather data: Array
(
    [temperature] => Array
        (
            [metric] => 21
            [imperial] => 69.8
        )

    [weatherCode] => 1
    [weatherText] => Mainly clear
    [windSpeed] => Array
        (
            [metric] => 4.4
            [imperial] => 2.7340324
        )

    [humidity] => 57
    [precipitation] => Array
        (
            [probability] => 0
        )

    [isDayTime] => 
    [timestamp] => 2024-12-07 15:33:19
)

[2024-12-07 15:46:24] Weather table created or already exists
[2024-12-07 15:46:24] Requesting URL: https://api.open-meteo.com/v1/forecast?latitude=22.757376&longitude=75.9103488&current=temperature_2m%2Crelative_humidity_2m%2Cweather_code%2Cwind_speed_10m%2Cis_day&timezone=auto&forecast_days=1
[2024-12-07 15:46:24] Successfully fetched weather data: Array
(
    [temperature] => Array
        (
            [metric] => 20.8
            [imperial] => 69.44
        )

    [weatherCode] => 1
    [weatherText] => Mainly clear
    [windSpeed] => Array
        (
            [metric] => 4.2
            [imperial] => 2.6097582
        )

    [humidity] => 58
    [precipitation] => Array
        (
            [probability] => 0
        )

    [isDayTime] => 
    [timestamp] => 2024-12-07 15:46:24
)

[2024-12-07 15:47:43] Weather table created or already exists
[2024-12-07 15:47:43] Requesting URL: https://api.open-meteo.com/v1/forecast?latitude=22.757376&longitude=75.9103488&current=temperature_2m%2Crelative_humidity_2m%2Cweather_code%2Cwind_speed_10m%2Cis_day&timezone=auto&forecast_days=1
[2024-12-07 15:47:44] Successfully fetched weather data: Array
(
    [temperature] => Array
        (
            [metric] => 20.8
            [imperial] => 69.44
        )

    [weatherCode] => 1
    [weatherText] => Mainly clear
    [windSpeed] => Array
        (
            [metric] => 4.2
            [imperial] => 2.6097582
        )

    [humidity] => 58
    [precipitation] => Array
        (
            [probability] => 0
        )

    [isDayTime] => 
    [timestamp] => 2024-12-07 15:47:44
)

[2024-12-07 15:52:23] Weather table created or already exists
[2024-12-07 15:52:23] Requesting URL: https://api.open-meteo.com/v1/forecast?latitude=22.757376&longitude=75.9103488&current=temperature_2m%2Crelative_humidity_2m%2Cweather_code%2Cwind_speed_10m%2Cis_day&timezone=auto&forecast_days=1
[2024-12-07 15:52:25] Successfully fetched weather data: Array
(
    [temperature] => Array
        (
            [metric] => 20.8
            [imperial] => 69.44
        )

    [weatherCode] => 1
    [weatherText] => Mainly clear
    [windSpeed] => Array
        (
            [metric] => 4.2
            [imperial] => 2.6097582
        )

    [humidity] => 58
    [precipitation] => Array
        (
            [probability] => 0
        )

    [isDayTime] => 
    [timestamp] => 2024-12-07 15:52:25
)

[2024-12-07 15:52:48] Weather table created or already exists
[2024-12-07 15:52:48] Requesting URL: https://api.open-meteo.com/v1/forecast?latitude=22.757376&longitude=75.9103488&current=temperature_2m%2Crelative_humidity_2m%2Cweather_code%2Cwind_speed_10m%2Cis_day&timezone=auto&forecast_days=1
[2024-12-07 15:52:49] Successfully fetched weather data: Array
(
    [temperature] => Array
        (
            [metric] => 20.8
            [imperial] => 69.44
        )

    [weatherCode] => 1
    [weatherText] => Mainly clear
    [windSpeed] => Array
        (
            [metric] => 4.2
            [imperial] => 2.6097582
        )

    [humidity] => 58
    [precipitation] => Array
        (
            [probability] => 0
        )

    [isDayTime] => 
    [timestamp] => 2024-12-07 15:52:49
)

[2024-12-07 15:52:59] Weather table created or already exists
[2024-12-07 15:52:59] Requesting URL: https://api.open-meteo.com/v1/forecast?latitude=22.757376&longitude=75.9103488&current=temperature_2m%2Crelative_humidity_2m%2Cweather_code%2Cwind_speed_10m%2Cis_day&timezone=auto&forecast_days=1
[2024-12-07 15:53:00] Successfully fetched weather data: Array
(
    [temperature] => Array
        (
            [metric] => 20.8
            [imperial] => 69.44
        )

    [weatherCode] => 1
    [weatherText] => Mainly clear
    [windSpeed] => Array
        (
            [metric] => 4.2
            [imperial] => 2.6097582
        )

    [humidity] => 58
    [precipitation] => Array
        (
            [probability] => 0
        )

    [isDayTime] => 
    [timestamp] => 2024-12-07 15:53:00
)

